symbol,side,entry_date,exit_date,entry_price,exit_price,qty,pnl_pct,pnl_dollar,exit_reason,hold_days
DVN,long,2021-01-05,2021-01-08,12.4925,13.3867,200,0.07158,178.84,max_hold,3
NVDA,long,2021-01-05,2021-01-08,13.0536,13.3581,191,0.02333,58.16,max_hold,3
COP,long,2021-01-05,2021-01-08,33.121,36.2618,75,0.09483,235.56,max_hold,3
SLB,long,2021-01-05,2021-01-08,19.7492,21.4875,126,0.08802,219.03,max_hold,3
WMT,long,2021-01-06,2021-01-11,45.0301,46.1974,55,0.02592,64.2,max_hold,5
CRM,long,2021-01-07,2021-01-11,213.4458,214.1855,11,0.00347,8.14,max_hold,4
META,long,2021-01-07,2021-01-11,263.7171,254.2688,9,-0.03583,-85.03,max_hold,4
UNH,short,2021-01-07,2021-01-11,325.905,325.6852,7,0.00067,1.54,max_hold,4
COST,long,2021-01-08,2021-01-11,347.5005,343.2678,7,-0.01218,-29.63,max_hold,3
NVDA,long,2021-01-11,2021-01-14,13.3715,13.1682,189,-0.0152,-38.41,max_hold,3
DVN,long,2021-01-12,2021-01-15,14.2771,15.2305,177,0.06677,168.74,max_hold,3
META,long,2021-01-12,2021-01-15,254.5232,254.5363,9,5e-05,0.12,max_hold,3
ADBE,long,2021-01-12,2021-01-15,474.6472,460.9394,5,-0.02888,-68.54,max_hold,3
COST,long,2021-01-12,2021-01-15,343.6113,341.7212,7,-0.0055,-13.23,max_hold,3
MA,long,2021-01-13,2021-01-15,339.3567,317.0828,7,-0.06564,-155.92,stop_loss,2
AMD,long,2021-01-15,2021-01-19,90.7954,90.5047,27,-0.0032,-7.85,max_hold,4
JPM,short,2021-01-15,2021-01-19,120.3481,120.8104,20,-0.00384,-9.25,max_hold,4
CRM,long,2021-01-19,2021-01-19,211.7935,218.1057,11,0.0298,69.43,signal_fade,0
DVN,long,2021-01-20,2021-01-21,15.4364,13.5619,163,-0.12143,-305.54,stop_loss,1
NVDA,long,2021-01-19,2021-01-22,12.9704,13.7195,194,0.05775,145.32,max_hold,3
ADBE,long,2021-01-20,2021-01-25,462.9614,473.4931,5,0.02275,52.66,max_hold,5
V,long,2021-01-20,2021-01-25,195.09,193.6759,12,-0.00725,-16.97,max_hold,5
COST,long,2021-01-20,2021-01-25,334.5397,339.6843,7,0.01538,36.01,max_hold,5
AMD,long,2021-01-21,2021-01-25,89.3847,94.8625,28,0.06128,153.38,max_hold,4
BAC,long,2021-01-22,2021-01-25,27.507,27.5146,92,0.00027,0.7,max_hold,3
DVN,long,2021-01-22,2021-01-25,13.5755,13.4705,186,-0.00773,-19.53,max_hold,3
MRK,long,2021-01-22,2021-01-25,64.9372,65.0808,38,0.00221,5.46,max_hold,3
SLB,long,2021-01-22,2021-01-25,21.0735,21.3721,120,0.01417,35.83,max_hold,3
SLB,long,2021-01-26,2021-01-27,21.3934,19.6406,118,-0.08193,-206.83,stop_loss,1
NVDA,long,2021-01-25,2021-01-28,13.7332,13.0159,184,-0.05223,-131.98,max_hold,3
DVN,long,2021-01-26,2021-01-29,13.484,12.8,187,-0.05072,-127.9,max_hold,3
BAC,long,2021-01-26,2021-01-29,27.5421,26.1739,91,-0.04968,-124.51,max_hold,3
V,long,2021-01-26,2021-01-29,193.8696,187.3211,13,-0.03378,-85.13,max_hold,3
MRK,long,2021-01-26,2021-01-29,65.1459,62.5466,38,-0.0399,-98.78,max_hold,3
GS,long,2021-01-26,2021-01-29,249.8343,239.6778,10,-0.04065,-101.56,max_hold,3
UNH,long,2021-01-26,2021-01-29,318.9247,304.535,7,-0.04512,-100.73,max_hold,3
COP,long,2021-01-27,2021-02-01,33.7301,34.1651,74,0.0129,32.19,max_hold,5
ABBV,long,2021-01-27,2021-02-01,87.0936,84.2232,28,-0.03296,-80.37,max_hold,5
SLB,long,2021-01-28,2021-02-01,19.6603,20.2,126,0.02745,68.01,max_hold,4
MSFT,short,2021-01-28,2021-02-01,224.9623,230.6257,11,-0.02517,-62.3,max_hold,4
JNJ,short,2021-01-28,2021-02-01,144.2546,140.261,17,0.02768,67.89,max_hold,4
AMD,long,2021-01-29,2021-02-01,87.6038,88.4458,28,0.00961,23.58,max_hold,3
DVN,long,2021-02-01,2021-02-04,12.8128,14.1943,193,0.10782,266.63,max_hold,3
NVDA,long,2021-02-01,2021-02-04,13.0073,13.663,190,0.05041,124.59,max_hold,3
BAC,long,2021-02-01,2021-02-04,26.2001,28.8202,94,0.1,246.29,max_hold,3
MRK,long,2021-02-01,2021-02-04,62.6092,61.2955,39,-0.02098,-51.23,max_hold,3
TSLA,long,2021-02-01,2021-02-04,271.5657,281.5258,9,0.03668,89.64,max_hold,3
SLB,long,2021-02-02,2021-02-05,20.2202,22.5974,123,0.11756,292.39,max_hold,3
COP,long,2021-02-02,2021-02-05,34.1992,37.2074,72,0.08796,216.59,max_hold,3
AMD,long,2021-02-04,2021-02-08,88.2641,91.3443,28,0.0349,86.25,max_hold,4
DVN,long,2021-02-05,2021-02-08,14.2085,14.4381,178,0.01616,40.87,max_hold,3
UNH,long,2021-02-05,2021-02-08,302.1827,294.418,8,-0.0257,-62.12,max_hold,3
TSLA,long,2021-02-05,2021-02-08,281.8075,284.8975,9,0.01096,27.81,max_hold,3
NVDA,long,2021-02-05,2021-02-08,13.6767,14.276,185,0.04382,110.87,max_hold,3
WMT,long,2021-02-05,2021-02-08,44.5242,44.827,57,0.0068,17.26,max_hold,3
MRK,long,2021-02-05,2021-02-08,61.3568,60.2288,41,-0.01838,-46.25,max_hold,3
SLB,long,2021-02-08,2021-02-11,22.62,23.139,112,0.02294,58.13,max_hold,3
DVN,long,2021-02-09,2021-02-12,14.4525,15.6876,177,0.08546,218.61,max_hold,3
UNH,long,2021-02-09,2021-02-12,294.7126,297.5631,8,0.00967,22.8,max_hold,3
MRK,long,2021-02-09,2021-02-12,60.2891,60.4454,42,0.00259,6.56,max_hold,3
QCOM,long,2021-02-09,2021-02-12,131.2206,132.3776,19,0.00882,21.98,max_hold,3
TSLA,long,2021-02-10,2021-02-16,281.3539,259.5668,9,-0.07744,-196.08,max_hold,6
NVDA,long,2021-02-10,2021-02-16,14.4123,15.1025,177,0.04789,122.16,max_hold,6
ABBV,long,2021-02-10,2021-02-16,86.8478,85.7131,29,-0.01307,-32.91,max_hold,6
MA,long,2021-02-10,2021-02-16,325.1753,328.7679,7,0.01105,25.15,max_hold,6
SLB,long,2021-02-12,2021-02-16,23.1622,24.2199,110,0.04567,116.35,max_hold,4
DVN,long,2021-02-16,2021-02-19,15.7033,16.0533,164,0.02229,57.4,max_hold,3
MRK,long,2021-02-16,2021-02-19,60.5058,59.7476,42,-0.01253,-31.84,max_hold,3
QCOM,long,2021-02-17,2021-02-22,129.6821,121.1656,19,-0.06567,-161.81,max_hold,5
TSLA,long,2021-02-17,2021-02-22,259.8265,220.5997,9,-0.15097,-353.04,stop_loss,5
AAPL,long,2021-02-17,2021-02-22,127.7831,120.3705,20,-0.05801,-148.25,max_hold,5
ADBE,short,2021-02-17,2021-02-22,495.1623,461.2505,5,0.06849,169.56,max_hold,5
ABBV,long,2021-02-22,2021-02-25,85.7661,88.1527,30,0.02783,71.6,max_hold,3
DVN,long,2021-02-22,2021-02-25,16.0694,16.0152,160,-0.00337,-8.67,max_hold,3
WMT,long,2021-02-22,2021-02-25,42.749,40.7653,60,-0.0464,-119.02,max_hold,3
MRK,long,2021-02-22,2021-02-25,59.8074,59.6995,43,-0.0018,-4.64,max_hold,3
JPM,short,2021-02-22,2021-02-25,128.6148,131.7501,20,-0.02438,-62.71,max_hold,3
TSLA,long,2021-02-23,2021-02-26,220.8204,229.9216,11,0.04122,100.11,max_hold,3
QCOM,long,2021-02-23,2021-02-26,121.2868,122.1606,21,0.0072,18.35,max_hold,3
AAPL,long,2021-02-23,2021-02-26,120.491,120.3608,21,-0.00108,-2.73,max_hold,3
HD,long,2021-02-25,2021-03-01,226.8502,228.3073,11,0.00642,16.03,max_hold,4
COST,long,2021-02-25,2021-03-01,322.3932,315.3057,7,-0.02198,-49.61,max_hold,4
DVN,long,2021-02-26,2021-03-01,16.0313,17.1352,158,0.06886,174.43,max_hold,3
NVDA,long,2021-03-01,2021-03-03,13.8261,12.7429,184,-0.07835,-199.31,stop_loss,2
TSLA,long,2021-03-01,2021-03-04,230.1517,208.5823,11,-0.09372,-237.26,stop_loss,3
CRM,long,2021-03-01,2021-03-04,216.2684,206.3353,11,-0.04593,-109.26,max_hold,3
DVN,long,2021-03-02,2021-03-05,17.1524,19.6191,149,0.14381,367.53,max_hold,3
WMT,long,2021-03-02,2021-03-05,40.8154,40.0987,62,-0.01756,-44.44,max_hold,3
NVDA,long,2021-03-04,2021-03-08,12.7557,12.0796,198,-0.053,-133.86,stop_loss,4
TSLA,long,2021-03-05,2021-03-08,208.791,202.6253,12,-0.02953,-73.99,stop_loss,3
AMD,long,2021-03-05,2021-03-08,79.0395,76.6916,31,-0.0297,-72.78,max_hold,3
COST,long,2021-03-05,2021-03-08,298.2552,296.4736,8,-0.00597,-14.25,max_hold,3
AMD,long,2021-03-09,2021-03-12,76.7684,81.869,32,0.06644,163.22,max_hold,3
NVDA,long,2021-03-09,2021-03-12,12.0917,12.8111,209,0.05949,150.34,max_hold,3
TSLA,long,2021-03-09,2021-03-12,202.828,231.2476,12,0.14012,341.04,max_hold,3
COST,long,2021-03-09,2021-03-12,296.7703,315.2205,8,0.06217,147.6,max_hold,3
DVN,long,2021-03-11,2021-03-15,18.4566,18.5342,138,0.00421,10.72,max_hold,4
JNJ,long,2021-03-12,2021-03-15,137.5938,138.4746,18,0.0064,15.85,max_hold,3
WMT,long,2021-03-12,2021-03-15,41.1289,41.1808,62,0.00126,3.22,max_hold,3
AMD,long,2021-03-15,2021-03-18,81.951,78.4508,31,-0.04271,-108.51,max_hold,3
NVDA,long,2021-03-15,2021-03-18,12.8239,12.6968,200,-0.00991,-25.42,max_hold,3
AVGO,long,2021-03-15,2021-03-18,40.8184,41.2652,63,0.01095,28.15,max_hold,3
DVN,long,2021-03-16,2021-03-19,18.5528,17.4159,139,-0.06128,-158.03,max_hold,3
LLY,long,2021-03-17,2021-03-22,180.2803,175.9424,14,-0.02406,-60.73,max_hold,5
SLB,long,2021-03-17,2021-03-22,24.8514,24.0683,103,-0.03151,-80.66,max_hold,5
MRK,long,2021-03-18,2021-03-22,62.5681,62.368,41,-0.0032,-8.2,max_hold,4
NVDA,long,2021-03-19,2021-03-22,12.7095,13.1989,200,0.03851,97.89,max_hold,3
AMD,long,2021-03-19,2021-03-22,78.5292,80.0899,32,0.01987,49.94,max_hold,3
GOOGL,long,2021-03-19,2021-03-22,100.6448,101.0505,25,0.00403,10.14,max_hold,3
COP,long,2021-03-19,2021-03-22,44.2651,42.4202,57,-0.04168,-105.16,max_hold,3
DVN,long,2021-03-22,2021-03-25,17.4333,17.7167,146,0.01626,41.37,max_hold,3
MA,long,2021-03-22,2021-03-25,345.5011,349.0249,7,0.0102,24.67,max_hold,3
NVDA,long,2021-03-23,2021-03-26,13.2121,12.7667,193,-0.03371,-85.96,max_hold,3
AMD,long,2021-03-23,2021-03-26,80.1701,76.9915,31,-0.03965,-98.54,max_hold,3
XOM,long,2021-03-23,2021-03-26,45.0799,47.0022,56,0.04264,107.65,max_hold,3
COP,long,2021-03-23,2021-03-26,42.4626,45.2249,60,0.06505,165.74,max_hold,3
DVN,long,2021-03-26,2021-03-29,17.7344,16.5906,144,-0.0645,-164.71,max_hold,3
AVGO,long,2021-03-26,2021-03-29,41.2695,41.8819,61,0.01484,37.36,max_hold,3
NVDA,long,2021-03-29,2021-04-01,12.7795,13.8096,200,0.08061,206.02,max_hold,3
GS,long,2021-03-29,2021-04-01,282.988,293.7362,9,0.03798,96.73,max_hold,3
AMD,long,2021-03-29,2021-04-01,77.0685,81.6991,33,0.06008,152.81,max_hold,3
DVN,long,2021-03-30,2021-04-05,16.6072,17.5547,154,0.05706,145.92,max_hold,6
TSLA,long,2021-03-30,2021-04-05,200.6836,229.985,12,0.14601,351.62,max_hold,6
SLB,long,2021-03-30,2021-04-05,24.4495,24.6303,104,0.00739,18.8,max_hold,6
V,long,2021-03-31,2021-04-05,204.5548,209.2247,12,0.02283,56.04,max_hold,5
JNJ,long,2021-04-01,2021-04-05,140.4618,141.5986,18,0.00809,20.46,max_hold,4
XOM,long,2021-04-01,2021-04-05,46.2122,46.5923,55,0.00822,20.9,max_hold,4
MA,long,2021-04-01,2021-04-05,346.5688,353.8443,7,0.02099,50.93,max_hold,4
NVDA,long,2021-04-05,2021-04-08,13.8234,14.1547,189,0.02396,62.6,max_hold,3
GS,long,2021-04-05,2021-04-08,294.0301,294.7511,8,0.00245,5.77,max_hold,3
UNH,long,2021-04-05,2021-04-08,337.5074,336.0116,7,-0.00443,-10.47,max_hold,3
JNJ,long,2021-04-06,2021-04-09,141.7403,139.0183,18,-0.0192,-49.0,max_hold,3
CVX,long,2021-04-06,2021-04-09,83.9288,83.3785,31,-0.00656,-17.06,max_hold,3
DVN,long,2021-04-06,2021-04-09,17.5723,17.2385,148,-0.019,-49.4,max_hold,3
MRK,long,2021-04-06,2021-04-09,62.2846,61.7855,41,-0.00801,-20.46,max_hold,3
SLB,long,2021-04-06,2021-04-09,24.6549,23.9702,105,-0.02777,-71.9,max_hold,3
AMD,long,2021-04-06,2021-04-09,81.2506,82.019,32,0.00946,24.59,max_hold,3
JPM,long,2021-04-06,2021-04-09,134.7216,137.0446,19,0.01724,44.14,max_hold,3
TSLA,long,2021-04-12,2021-04-13,228.6809,256.7715,11,0.12284,309.0,signal_fade,1
JNJ,long,2021-04-12,2021-04-15,139.1574,139.234,18,0.00055,1.38,max_hold,3
DVN,long,2021-04-12,2021-04-15,17.2557,17.3619,151,0.00615,16.03,max_hold,3
CVX,long,2021-04-12,2021-04-15,83.4619,83.483,31,0.00025,0.66,max_hold,3
SLB,long,2021-04-12,2021-04-15,23.9941,23.988,108,-0.00026,-0.66,max_hold,3
AMD,long,2021-04-13,2021-04-16,79.7098,82.0889,32,0.02985,76.13,max_hold,3
QCOM,long,2021-04-15,2021-04-19,121.5252,120.1094,21,-0.01165,-29.73,max_hold,4
META,long,2021-04-15,2021-04-19,303.8251,299.2115,8,-0.01519,-36.91,max_hold,4
DVN,long,2021-04-16,2021-04-19,17.3792,16.8451,151,-0.03073,-80.65,max_hold,3
BAC,long,2021-04-16,2021-04-19,34.6515,34.3439,75,-0.00888,-23.07,max_hold,3
SLB,long,2021-04-16,2021-04-19,24.012,23.3368,109,-0.02812,-73.6,max_hold,3
COP,long,2021-04-16,2021-04-19,43.3929,41.9057,60,-0.03427,-89.23,max_hold,3
AVGO,long,2021-04-19,2021-04-22,43.067,41.3952,60,-0.03882,-100.31,max_hold,3
NVDA,long,2021-04-20,2021-04-23,15.2746,15.1216,170,-0.01001,-26.0,max_hold,3
DVN,long,2021-04-20,2021-04-23,16.862,16.4903,154,-0.02204,-57.23,max_hold,3
BAC,long,2021-04-20,2021-04-23,34.3782,34.6521,75,0.00797,20.54,max_hold,3
SLB,long,2021-04-20,2021-04-23,23.3601,23.0691,111,-0.01246,-32.3,max_hold,3
META,long,2021-04-20,2021-04-23,299.5108,300.549,8,0.00347,8.31,max_hold,3
COP,long,2021-04-20,2021-04-23,41.9476,41.192,62,-0.01801,-46.85,max_hold,3
JPM,long,2021-04-21,2021-04-26,130.3129,132.5698,19,0.01732,42.88,max_hold,5
AMD,long,2021-04-23,2021-04-26,80.2501,85.6272,32,0.067,172.07,max_hold,3
DVN,long,2021-04-26,2021-04-29,16.5068,18.2103,157,0.1032,267.45,max_hold,3
SLB,long,2021-04-26,2021-04-29,23.0922,24.5143,112,0.06158,159.27,max_hold,3
NVDA,long,2021-04-26,2021-04-29,15.1368,15.1112,172,-0.00169,-4.4,max_hold,3
AVGO,long,2021-04-26,2021-04-29,42.2076,41.5054,61,-0.01664,-42.83,max_hold,3
COP,long,2021-04-26,2021-04-29,41.2333,43.2998,63,0.05012,130.19,max_hold,3
COST,long,2021-04-27,2021-04-30,348.234,354.0001,7,0.01656,40.36,max_hold,3
UNH,long,2021-04-28,2021-05-03,360.8468,369.8819,7,0.02504,63.25,max_hold,5
TSLA,long,2021-04-29,2021-05-03,233.2866,226.2002,11,-0.03038,-77.95,max_hold,4
DVN,long,2021-04-30,2021-05-03,18.2285,18.3106,144,0.0045,11.82,max_hold,3
MSFT,long,2021-04-30,2021-05-03,239.2421,240.18,11,0.00392,10.32,max_hold,3
MRK,long,2021-04-30,2021-05-03,59.5879,61.5509,44,0.03294,86.37,max_hold,3
AMD,long,2021-04-30,2021-05-03,83.0115,77.911,31,-0.06144,-158.11,max_hold,3
MA,long,2021-04-30,2021-05-03,372.0727,366.0797,7,-0.01611,-41.95,max_hold,3
SLB,long,2021-05-03,2021-05-06,24.5835,27.0211,107,0.09915,260.82,max_hold,3
TSLA,long,2021-05-04,2021-05-07,226.4265,221.5225,11,-0.02166,-53.94,max_hold,3
AMD,long,2021-05-04,2021-05-07,77.989,78.1609,33,0.0022,5.67,max_hold,3
DVN,long,2021-05-04,2021-05-07,18.3289,20.4008,143,0.11304,296.28,max_hold,3
AVGO,long,2021-05-04,2021-05-07,40.4181,40.4824,65,0.00159,4.18,max_hold,3
TSLA,long,2021-05-10,2021-05-11,221.7441,200.7296,11,-0.09477,-231.16,stop_loss,1
CRM,long,2021-05-10,2021-05-13,211.9411,210.4422,12,-0.00707,-17.99,max_hold,3
AMD,long,2021-05-10,2021-05-13,78.2391,73.983,33,-0.0544,-140.45,max_hold,3
DVN,long,2021-05-10,2021-05-13,20.4212,19.4675,130,-0.0467,-123.98,max_hold,3
QCOM,long,2021-05-12,2021-05-17,112.6164,116.619,23,0.03554,92.06,max_hold,5
HD,long,2021-05-13,2021-05-17,280.3415,280.9391,9,0.00213,5.38,max_hold,4
TSLA,long,2021-05-14,2021-05-17,194.5672,189.2387,13,-0.02739,-69.27,max_hold,3
DVN,long,2021-05-14,2021-05-17,19.487,21.1027,135,0.08291,218.12,max_hold,3
DVN,long,2021-05-18,2021-05-19,21.1238,19.4135,125,-0.08096,-213.78,stop_loss,1
TSLA,long,2021-05-18,2021-05-21,189.428,193.7697,13,0.02292,56.44,max_hold,3
AVGO,long,2021-05-18,2021-05-21,40.1199,41.2535,65,0.02826,73.69,max_hold,3
CVX,long,2021-05-20,2021-05-24,83.9946,85.8319,31,0.02187,56.96,max_hold,4
DVN,long,2021-05-20,2021-05-24,19.4329,19.9997,135,0.02917,76.51,max_hold,4
AMZN,long,2021-05-24,2021-05-27,160.8554,162.019,16,0.00723,18.62,max_hold,3
TSLA,long,2021-05-24,2021-05-27,193.9636,209.3953,13,0.07956,200.61,max_hold,3
CVX,long,2021-05-25,2021-05-28,85.9178,85.7261,30,-0.00223,-5.75,max_hold,3
DVN,long,2021-05-25,2021-05-28,20.0197,22.2442,132,0.11111,293.63,max_hold,3
XOM,long,2021-05-26,2021-06-01,48.4922,50.5228,54,0.04188,109.66,max_hold,6
MRK,long,2021-05-26,2021-06-01,62.8029,60.9279,42,-0.02986,-78.75,max_hold,6
AAPL,long,2021-05-28,2021-06-01,122.4608,121.0816,21,-0.01126,-28.96,max_hold,4
DVN,long,2021-06-01,2021-06-04,22.2664,24.3035,119,0.09149,242.42,max_hold,3
CVX,long,2021-06-01,2021-06-04,85.8119,88.2254,31,0.02813,74.82,max_hold,3
ADBE,long,2021-06-04,2021-06-07,498.9794,510.8944,5,0.02388,59.58,max_hold,3
HD,long,2021-06-07,2021-06-10,274.8501,272.9426,9,-0.00694,-17.17,max_hold,3
MRK,long,2021-06-08,2021-06-11,61.9134,64.769,43,0.04612,122.79,max_hold,3
DVN,long,2021-06-10,2021-06-14,23.5944,22.684,114,-0.03859,-103.78,max_hold,4
BAC,long,2021-06-11,2021-06-14,37.0104,36.5047,72,-0.01366,-36.41,max_hold,3
GS,long,2021-06-11,2021-06-14,333.0035,330.7225,8,-0.00685,-18.25,max_hold,3
MRK,long,2021-06-14,2021-06-17,64.8338,65.6242,41,0.01219,32.4,max_hold,3
BAC,long,2021-06-15,2021-06-18,36.5412,34.5946,73,-0.05327,-142.11,max_hold,3
SLB,long,2021-06-15,2021-06-18,30.5364,28.4369,88,-0.06875,-184.75,stop_loss,3
JPM,long,2021-06-15,2021-06-18,138.1692,131.319,19,-0.04958,-130.16,max_hold,3
WMT,long,2021-06-15,2021-06-18,44.066,42.4028,61,-0.03774,-101.45,max_hold,3
AVGO,long,2021-06-16,2021-06-21,42.5013,42.4554,63,-0.00108,-2.89,max_hold,5
DVN,long,2021-06-18,2021-06-21,20.9726,22.1612,127,0.05667,150.94,max_hold,3
SLB,long,2021-06-21,2021-06-24,28.4654,29.8342,93,0.04809,127.3,max_hold,3
CVX,long,2021-06-21,2021-06-24,84.8339,87.5904,31,0.03249,85.45,max_hold,3
BAC,long,2021-06-21,2021-06-24,34.6292,36.4959,76,0.0539,141.87,max_hold,3
AMZN,short,2021-06-21,2021-06-24,173.7341,173.2866,15,0.00258,6.71,max_hold,3
DVN,long,2021-06-22,2021-06-25,22.1833,23.0976,120,0.04121,109.71,max_hold,3
WMT,long,2021-06-24,2021-06-28,42.6048,43.103,62,0.01169,30.89,max_hold,4
SLB,long,2021-06-25,2021-06-28,29.864,28.9116,90,-0.03189,-85.71,max_hold,3
BAC,long,2021-06-25,2021-06-28,36.5324,36.8142,73,0.00771,20.57,max_hold,3
DVN,long,2021-06-28,2021-07-01,23.1207,23.3005,116,0.00778,20.85,max_hold,3
LLY,long,2021-06-28,2021-07-01,218.556,221.1693,12,0.01196,31.36,max_hold,3
SLB,long,2021-06-29,2021-07-02,28.9406,29.5296,92,0.02035,54.19,max_hold,3
BAC,long,2021-06-30,2021-07-06,36.0809,34.9925,74,-0.03017,-80.54,max_hold,6
WMT,long,2021-06-30,2021-07-06,43.6655,43.6843,61,0.00043,1.15,max_hold,6
MSFT,short,2021-06-30,2021-07-06,259.6504,268.2733,10,-0.03321,-86.23,max_hold,6
DVN,long,2021-07-02,2021-07-06,23.3238,21.9973,115,-0.05687,-152.54,max_hold,4
SLB,long,2021-07-06,2021-07-08,29.5592,27.7652,91,-0.06069,-163.25,stop_loss,2
DVN,long,2021-07-07,2021-07-12,22.0193,22.2314,121,0.00963,25.66,max_hold,5
XOM,long,2021-07-07,2021-07-12,50.9313,50.7307,52,-0.00394,-10.43,max_hold,5
BAC,long,2021-07-07,2021-07-12,35.0275,35.7972,76,0.02198,58.5,max_hold,5
AAPL,short,2021-07-07,2021-07-12,139.8459,140.4637,19,-0.00442,-11.74,max_hold,5
MSFT,short,2021-07-07,2021-07-12,268.0052,266.4681,9,0.00574,13.83,max_hold,5
GS,long,2021-07-08,2021-07-12,318.8129,337.4166,8,0.05835,148.83,max_hold,4
TSLA,long,2021-07-08,2021-07-12,209.5614,228.6589,12,0.09113,229.17,max_hold,4
CVX,long,2021-07-09,2021-07-12,84.3124,84.6677,31,0.00421,11.02,max_hold,3
JPM,long,2021-07-09,2021-07-12,135.7285,138.2507,19,0.01858,47.92,max_hold,3
AMZN,short,2021-07-09,2021-07-12,186.0329,185.1975,14,0.00449,11.7,max_hold,3
COST,short,2021-07-12,2021-07-15,392.0668,390.6391,6,0.00364,8.57,max_hold,3
SLB,long,2021-07-13,2021-07-15,27.7213,26.0903,97,-0.05883,-158.2,stop_loss,2
DVN,long,2021-07-13,2021-07-16,22.2536,19.1881,121,-0.13775,-370.93,stop_loss,3
COP,long,2021-07-13,2021-07-16,49.7996,44.6821,54,-0.10276,-276.35,max_hold,3
BAC,long,2021-07-13,2021-07-16,35.8331,32.4987,75,-0.09305,-250.07,max_hold,3
NVDA,long,2021-07-15,2021-07-16,19.7533,17.8446,135,-0.09663,-257.68,stop_loss,1
JPM,long,2021-07-14,2021-07-19,138.3003,129.8077,19,-0.06141,-161.36,max_hold,5
TSLA,long,2021-07-15,2021-07-19,219.5731,217.2213,12,-0.01071,-28.22,max_hold,4
AAPL,short,2021-07-15,2021-07-19,145.3993,139.9078,18,0.03777,98.85,max_hold,4
MA,short,2021-07-15,2021-07-19,379.2149,357.0798,7,0.05837,154.95,max_hold,4
SLB,long,2021-07-16,2021-07-19,26.1164,23.9139,102,-0.08434,-224.66,stop_loss,3
V,short,2021-07-16,2021-07-19,240.6951,231.9245,11,0.03644,96.48,max_hold,3
DVN,long,2021-07-19,2021-07-22,19.2073,20.3274,136,0.05832,152.33,max_hold,3
BAC,long,2021-07-19,2021-07-22,32.5313,33.781,80,0.03842,99.98,max_hold,3
COP,long,2021-07-19,2021-07-22,44.7268,47.1893,58,0.05506,142.83,max_hold,3
NVDA,long,2021-07-19,2021-07-22,17.8624,19.5785,147,0.09607,252.26,max_hold,3
AVGO,long,2021-07-19,2021-07-22,42.2155,43.6793,62,0.03467,90.75,max_hold,3
SLB,long,2021-07-20,2021-07-23,23.9378,26.0366,110,0.08768,230.86,max_hold,3
JPM,long,2021-07-20,2021-07-23,129.9376,133.0591,20,0.02402,62.43,max_hold,3
GS,long,2021-07-20,2021-07-23,312.2362,330.4392,8,0.0583,145.62,max_hold,3
TSLA,long,2021-07-22,2021-07-26,218.9227,221.0228,12,0.00959,25.2,max_hold,4
DVN,long,2021-07-23,2021-07-26,20.3478,20.4991,131,0.00744,19.82,max_hold,3
CVX,long,2021-07-23,2021-07-26,80.5148,81.452,33,0.01164,30.93,max_hold,3
BAC,long,2021-07-23,2021-07-26,33.8148,33.3565,79,-0.01355,-36.2,max_hold,3
SLB,long,2021-07-26,2021-07-29,26.0626,26.2784,102,0.00828,22.01,max_hold,3
NVDA,long,2021-07-26,2021-07-29,19.2541,19.3414,139,0.00454,12.14,max_hold,3
JPM,long,2021-07-26,2021-07-29,133.1922,135.1765,20,0.0149,39.69,max_hold,3
DVN,long,2021-07-27,2021-07-30,20.5196,20.2182,131,-0.01469,-39.49,max_hold,3
BAC,long,2021-07-27,2021-07-30,33.3899,33.9579,80,0.01701,45.44,max_hold,3
MRK,long,2021-07-27,2021-07-30,66.0579,65.7866,40,-0.00411,-10.85,max_hold,3
TSLA,long,2021-07-28,2021-07-30,215.7745,233.2167,12,0.08084,209.31,signal_fade,2
XOM,long,2021-07-28,2021-08-02,48.284,47.8782,55,-0.00841,-22.32,max_hold,5
LLY,short,2021-07-29,2021-08-02,235.9761,233.5877,11,0.01012,26.27,max_hold,4
SLB,long,2021-07-30,2021-08-02,26.3047,25.3559,103,-0.03607,-97.73,max_hold,3
DVN,long,2021-08-02,2021-08-05,20.2384,21.0999,133,0.04257,114.58,max_hold,3
BAC,long,2021-08-02,2021-08-05,33.9918,34.9041,79,0.02684,72.07,max_hold,3
SLB,long,2021-08-03,2021-08-06,25.3813,24.8812,106,-0.0197,-53.01,max_hold,3
COP,long,2021-08-03,2021-08-06,46.469,46.9113,58,0.00952,25.65,max_hold,3
V,long,2021-08-04,2021-08-09,228.4164,231.5675,11,0.0138,34.66,max_hold,5
MA,long,2021-08-04,2021-08-09,357.3522,361.8647,7,0.01263,31.59,max_hold,5
LLY,short,2021-08-05,2021-08-09,251.0214,254.5843,10,-0.01419,-35.63,max_hold,4
DVN,long,2021-08-06,2021-08-09,21.121,20.9595,128,-0.00765,-20.68,max_hold,3
AMZN,long,2021-08-06,2021-08-09,168.8344,167.1669,16,-0.00988,-26.68,max_hold,3
BAC,long,2021-08-06,2021-08-09,34.939,36.0006,77,0.03039,81.75,max_hold,3
COST,short,2021-08-06,2021-08-09,420.02,418.4746,6,0.00368,9.27,max_hold,3
CVX,long,2021-08-09,2021-08-12,82.2343,83.2268,33,0.01207,32.75,max_hold,3
XOM,long,2021-08-09,2021-08-12,47.5598,48.1469,57,0.01235,33.47,max_hold,3
GS,short,2021-08-09,2021-08-12,351.1681,368.7235,7,-0.04999,-122.89,max_hold,3
DVN,long,2021-08-10,2021-08-13,20.9804,21.4511,129,0.02243,60.71,max_hold,3
LLY,short,2021-08-10,2021-08-13,254.3298,253.6159,10,0.00281,7.14,max_hold,3
NVDA,long,2021-08-11,2021-08-16,19.9839,19.6073,135,-0.01884,-50.84,max_hold,5
V,long,2021-08-12,2021-08-16,225.7263,226.5709,12,0.00374,10.13,max_hold,4
AMZN,long,2021-08-12,2021-08-16,164.5822,163.7931,16,-0.0048,-12.63,max_hold,4
MA,long,2021-08-13,2021-08-16,352.468,351.863,7,-0.00172,-4.24,max_hold,3
CVX,long,2021-08-13,2021-08-16,83.31,81.5741,32,-0.02084,-55.55,max_hold,3
SLB,long,2021-08-13,2021-08-16,25.5785,24.6125,106,-0.03777,-102.4,max_hold,3
GS,short,2021-08-13,2021-08-16,368.355,357.9455,7,0.02826,72.87,max_hold,3
XOM,long,2021-08-16,2021-08-19,47.3416,44.1284,57,-0.06787,-183.15,max_hold,3
SLB,long,2021-08-17,2021-08-20,24.6371,24.1736,109,-0.01881,-50.52,max_hold,3
COP,long,2021-08-17,2021-08-20,45.8954,45.6304,58,-0.00577,-15.37,max_hold,3
TSLA,long,2021-08-17,2021-08-20,224.3321,228.3658,12,0.01798,48.4,max_hold,3
NVDA,long,2021-08-17,2021-08-20,19.627,20.8883,137,0.06426,172.8,max_hold,3
V,long,2021-08-17,2021-08-20,226.7976,224.3534,11,-0.01078,-26.89,max_hold,3
MA,long,2021-08-17,2021-08-20,352.215,347.4598,7,-0.0135,-33.29,max_hold,3
AMZN,long,2021-08-18,2021-08-23,162.1806,163.918,16,0.01071,27.8,max_hold,5
CVX,long,2021-08-20,2021-08-23,77.2395,80.4462,34,0.04152,109.03,max_hold,3
BAC,long,2021-08-20,2021-08-23,35.4878,36.3455,75,0.02417,64.33,max_hold,3
XOM,long,2021-08-23,2021-08-26,45.5923,46.7708,59,0.02585,69.54,max_hold,3
SLB,long,2021-08-23,2021-08-26,24.1978,25.5082,111,0.05415,145.45,max_hold,3
TSLA,long,2021-08-23,2021-08-26,228.5942,234.8825,11,0.02751,69.17,max_hold,3
UNH,short,2021-08-23,2021-08-26,394.1986,383.0913,6,0.02818,66.64,max_hold,3
CRM,short,2021-08-24,2021-08-27,257.337,261.4202,10,-0.01587,-40.83,max_hold,3
AMD,long,2021-08-25,2021-08-30,108.1841,111.2044,25,0.02792,75.51,max_hold,5
DVN,long,2021-08-25,2021-08-30,22.3786,23.1444,121,0.03422,92.66,max_hold,5
LLY,long,2021-08-25,2021-08-30,251.6052,251.4111,10,-0.00077,-1.94,max_hold,5
MA,long,2021-08-26,2021-08-30,348.3231,343.0567,7,-0.01512,-36.86,max_hold,4
CVX,long,2021-08-27,2021-08-30,81.0552,80.9742,33,-0.001,-2.67,max_hold,3
XOM,long,2021-08-27,2021-08-30,46.8176,46.374,58,-0.00948,-25.73,max_hold,3
WMT,long,2021-08-27,2021-08-30,46.3227,46.427,58,0.00225,6.05,max_hold,3
MRK,long,2021-08-30,2021-09-02,65.3132,66.0689,41,0.01157,30.98,max_hold,3
XOM,long,2021-08-31,2021-09-03,46.4204,46.1545,58,-0.00573,-15.42,max_hold,3
SLB,long,2021-08-31,2021-09-03,25.1788,24.8477,108,-0.01315,-35.75,max_hold,3
COP,long,2021-08-31,2021-09-03,47.0257,47.0966,58,0.00151,4.11,max_hold,3
MA,long,2021-08-31,2021-09-03,343.3999,335.232,7,-0.02379,-57.17,max_hold,3
META,short,2021-08-31,2021-09-03,376.4542,372.7942,7,0.00972,25.62,max_hold,3
BAC,long,2021-09-02,2021-09-07,36.5772,36.514,74,-0.00173,-4.68,max_hold,5
ABBV,long,2021-09-02,2021-09-07,95.2326,90.5376,28,-0.0493,-131.46,max_hold,5
MA,long,2021-09-07,2021-09-08,335.5674,340.8891,8,0.01586,42.57,signal_fade,1
DVN,long,2021-09-07,2021-09-10,22.5739,22.7798,120,0.00912,24.71,max_hold,3
COP,long,2021-09-07,2021-09-10,47.1438,47.6697,57,0.01116,29.98,max_hold,3
SLB,long,2021-09-07,2021-09-10,24.8726,24.5329,109,-0.01366,-37.03,max_hold,3
ABBV,long,2021-09-08,2021-09-13,90.6282,90.479,30,-0.00165,-4.48,max_hold,5
LLY,long,2021-09-08,2021-09-13,243.773,228.3399,11,-0.06331,-169.76,max_hold,5
WMT,long,2021-09-08,2021-09-13,46.1469,45.6396,59,-0.01099,-29.93,max_hold,5
XOM,long,2021-09-13,2021-09-16,46.1838,46.7202,58,0.01161,31.11,max_hold,3
DVN,long,2021-09-13,2021-09-16,22.8026,23.9867,119,0.05193,140.91,max_hold,3
SLB,long,2021-09-13,2021-09-16,24.5574,25.8193,110,0.05139,138.81,max_hold,3
MSFT,short,2021-09-13,2021-09-16,285.9613,292.616,9,-0.02327,-59.89,max_hold,3
LLY,long,2021-09-14,2021-09-17,228.5683,218.1721,11,-0.04548,-114.36,max_hold,3
AMD,long,2021-09-14,2021-09-17,105.5728,101.5292,25,-0.0383,-101.09,max_hold,3
ABBV,long,2021-09-15,2021-09-20,89.3953,89.0211,30,-0.00419,-11.23,max_hold,5
LLY,long,2021-09-20,2021-09-23,218.3904,222.6486,12,0.0195,51.1,max_hold,3
DVN,long,2021-09-21,2021-09-24,22.9059,26.9959,118,0.17856,482.62,max_hold,3
BAC,long,2021-09-21,2021-09-24,34.9401,37.9362,77,0.08575,230.7,max_hold,3
SLB,long,2021-09-21,2021-09-24,24.8636,26.8089,109,0.07824,212.04,max_hold,3
NVDA,long,2021-09-21,2021-09-24,21.3576,21.6282,127,0.01267,34.36,max_hold,3
GS,long,2021-09-21,2021-09-24,339.2085,352.8656,8,0.04026,109.26,max_hold,3
XOM,long,2021-09-21,2021-09-24,45.9472,49.6835,59,0.08132,220.44,max_hold,3
QCOM,long,2021-09-22,2021-09-27,119.6373,118.7606,22,-0.00733,-19.29,max_hold,5
META,long,2021-09-22,2021-09-27,344.3794,344.7684,7,0.00113,2.72,max_hold,5
ADBE,long,2021-09-27,2021-09-30,616.1079,577.2313,4,-0.0631,-155.51,max_hold,3
SLB,long,2021-09-27,2021-09-30,26.8357,26.8449,103,0.00034,0.94,max_hold,3
LLY,long,2021-09-28,2021-09-30,216.7627,220.9556,12,0.01934,50.31,signal_fade,2
NVDA,long,2021-09-28,2021-10-01,21.1552,20.4267,131,-0.03443,-95.43,max_hold,3
GOOGL,long,2021-09-29,2021-10-04,135.8439,132.7965,20,-0.02243,-60.95,max_hold,5
ADBE,long,2021-10-04,2021-10-07,574.8773,581.0093,4,0.01067,24.53,max_hold,3
NVDA,long,2021-10-05,2021-10-08,19.8947,20.4974,139,0.0303,83.78,max_hold,3
META,long,2021-10-05,2021-10-08,325.8825,324.6155,8,-0.00389,-10.14,max_hold,3
SLB,long,2021-10-07,2021-10-11,27.5832,29.1929,100,0.05836,160.98,max_hold,4
NVDA,long,2021-10-11,2021-10-14,20.5179,21.7278,135,0.05896,163.33,max_hold,3
META,long,2021-10-11,2021-10-14,324.9403,325.6559,8,0.0022,5.72,max_hold,3
QCOM,long,2021-10-13,2021-10-18,112.9693,118.1026,24,0.04544,123.2,max_hold,5
META,long,2021-10-18,2021-10-18,326.2495,336.525,8,0.0315,82.2,signal_fade,0
ABBV,long,2021-10-19,2021-10-22,91.4638,92.5002,30,0.01133,31.09,max_hold,3
GOOGL,long,2021-10-21,2021-10-25,140.5932,137.9705,19,-0.01865,-49.83,max_hold,4
JPM,long,2021-10-22,2021-10-25,151.6955,152.4083,18,0.0047,12.83,max_hold,3
HD,short,2021-10-22,2021-10-25,323.7643,331.5379,8,-0.02401,-62.19,max_hold,3
AMZN,long,2021-10-26,2021-10-29,167.5592,168.006,16,0.00267,7.15,max_hold,3
HD,short,2021-10-26,2021-10-29,331.2065,331.1916,8,5e-05,0.12,max_hold,3
GOOGL,long,2021-10-27,2021-10-29,138.2488,146.6714,20,0.06092,168.45,signal_fade,2
META,long,2021-10-27,2021-11-01,311.6107,328.3311,8,0.05366,133.76,max_hold,5
MA,long,2021-10-27,2021-11-01,339.0212,326.1569,8,-0.03795,-102.91,max_hold,5
DVN,long,2021-10-28,2021-11-01,31.4102,33.1574,89,0.05562,155.5,max_hold,4
SLB,long,2021-10-28,2021-11-01,29.2852,29.6877,95,0.01375,38.24,max_hold,4
V,long,2021-10-29,2021-11-01,201.9077,205.5142,13,0.01786,46.88,max_hold,3
ADBE,long,2021-11-02,2021-11-04,641.4406,676.4016,4,0.0545,139.84,signal_fade,2
AMZN,long,2021-11-02,2021-11-05,165.8334,176.0739,17,0.06175,174.09,max_hold,3
HD,long,2021-11-02,2021-11-05,325.1537,328.3946,8,0.00997,25.93,max_hold,3
V,long,2021-11-02,2021-11-05,205.7198,210.5374,13,0.02342,62.63,max_hold,3
COP,long,2021-11-03,2021-11-08,61.6491,64.2663,45,0.04245,117.77,max_hold,5
MA,long,2021-11-03,2021-11-08,320.0243,340.6289,8,0.06438,164.84,max_hold,5
SLB,long,2021-11-03,2021-11-08,29.3212,30.7763,96,0.04963,139.69,max_hold,5
XOM,long,2021-11-03,2021-11-08,54.1192,55.5256,52,0.02599,73.14,max_hold,5
UNH,long,2021-11-03,2021-11-08,414.2428,425.0377,6,0.02606,64.77,max_hold,5
AAPL,long,2021-11-05,2021-11-08,148.5675,146.7676,19,-0.01212,-34.2,max_hold,3
BAC,long,2021-11-05,2021-11-08,42.3516,41.4649,67,-0.02094,-59.41,max_hold,3
ADBE,long,2021-11-08,2021-11-09,666.8933,662.8684,4,-0.00604,-16.1,signal_fade,1
TSLA,long,2021-11-09,2021-11-09,391.3956,336.6349,7,-0.13991,-383.32,stop_loss,0
HD,long,2021-11-08,2021-11-11,328.7232,327.4188,8,-0.00397,-10.43,max_hold,3
MRK,long,2021-11-08,2021-11-11,69.4482,72.3382,41,0.04161,118.49,max_hold,3
AMD,long,2021-11-11,2021-11-11,143.0315,145.957,19,0.02045,55.58,signal_fade,0
TSLA,long,2021-11-10,2021-11-15,336.9717,334.2695,8,-0.00802,-21.62,max_hold,5
BAC,long,2021-11-10,2021-11-15,41.5954,41.936,68,0.00819,23.16,max_hold,5
DVN,long,2021-11-11,2021-11-15,33.8502,34.3007,84,0.01331,37.84,max_hold,4
SLB,long,2021-11-12,2021-11-15,29.2492,29.5258,97,0.00946,26.83,max_hold,3
LLY,long,2021-11-15,2021-11-18,249.1658,255.6725,11,0.02611,71.57,max_hold,3
TSLA,long,2021-11-16,2021-11-19,334.6039,387.2496,8,0.15734,421.17,max_hold,3
SLB,long,2021-11-16,2021-11-19,29.5553,26.9978,96,-0.08653,-245.52,stop_loss,3
GS,long,2021-11-18,2021-11-22,349.4065,356.131,8,0.01925,53.8,max_hold,4
V,long,2021-11-18,2021-11-22,199.6431,190.2393,14,-0.0471,-131.65,max_hold,4
MRK,long,2021-11-18,2021-11-22,71.0806,70.3106,40,-0.01083,-30.8,max_hold,4
BAC,long,2021-11-18,2021-11-22,41.5598,41.6605,68,0.00242,6.85,max_hold,4
XOM,long,2021-11-22,2021-11-26,51.6605,53.5339,55,0.03626,103.04,max_hold,4
COP,long,2021-11-22,2021-11-26,59.0949,62.2911,48,0.05409,153.42,max_hold,4
DVN,long,2021-11-22,2021-11-26,32.1812,34.9597,88,0.08634,244.52,max_hold,4
MA,long,2021-11-23,2021-11-26,316.5757,321.174,9,0.01453,41.38,max_hold,3
V,long,2021-11-23,2021-11-26,190.4296,194.1316,15,0.01944,55.53,max_hold,3
MRK,long,2021-11-23,2021-11-26,70.381,65.9362,40,-0.06315,-177.79,max_hold,3
QCOM,long,2021-11-23,2021-11-26,162.7227,161.7848,17,-0.00576,-15.94,max_hold,3
TSLA,long,2021-11-24,2021-11-29,360.3101,381.2659,8,0.05816,167.65,max_hold,5
CRM,long,2021-11-26,2021-11-29,279.8016,291.0073,10,0.04005,112.06,max_hold,3
MA,long,2021-11-29,2021-12-01,321.4954,301.3008,8,-0.06281,-161.56,stop_loss,2
XOM,long,2021-11-29,2021-12-02,53.5875,52.9778,53,-0.01138,-32.31,max_hold,3
SLB,long,2021-11-29,2021-12-02,27.4121,26.9495,105,-0.01687,-48.57,max_hold,3
COP,long,2021-11-29,2021-12-02,62.3535,61.1806,46,-0.01881,-53.95,max_hold,3
MRK,long,2021-11-29,2021-12-02,66.0021,63.9258,43,-0.03146,-89.28,max_hold,3
AVGO,long,2021-11-29,2021-12-02,51.0321,51.7822,56,0.0147,42.01,max_hold,3
BAC,long,2021-11-29,2021-12-02,41.3017,40.1908,69,-0.0269,-76.65,max_hold,3
WMT,long,2021-11-30,2021-12-03,44.4291,43.1549,64,-0.02868,-81.55,max_hold,3
CRM,long,2021-12-02,2021-12-06,248.6448,260.8249,11,0.04899,133.98,max_hold,4
META,long,2021-12-02,2021-12-06,308.8436,318.6113,9,0.03163,87.91,max_hold,4
MRK,long,2021-12-03,2021-12-06,63.9898,62.1484,44,-0.02878,-81.02,max_hold,3
DVN,long,2021-12-03,2021-12-06,33.6754,34.2372,85,0.01668,47.76,max_hold,3
BAC,long,2021-12-06,2021-12-09,39.8377,39.9318,72,0.00236,6.78,max_hold,3
TSLA,long,2021-12-06,2021-12-09,334.0036,336.0819,8,0.00622,16.63,max_hold,3
SLB,long,2021-12-06,2021-12-09,26.9041,28.0879,106,0.044,125.47,max_hold,3
CRM,long,2021-12-07,2021-12-10,261.0859,261.1491,11,0.00024,0.7,max_hold,3
NVDA,long,2021-12-07,2021-12-10,30.8749,30.1387,93,-0.02385,-68.47,max_hold,3
DVN,long,2021-12-07,2021-12-10,34.2715,34.4448,84,0.00506,14.56,max_hold,3
COST,long,2021-12-09,2021-12-13,502.9894,528.7705,5,0.05126,128.91,max_hold,4
LLY,long,2021-12-09,2021-12-13,234.853,237.7371,12,0.01228,34.61,max_hold,4
JPM,long,2021-12-09,2021-12-13,142.4347,140.3315,20,-0.01477,-42.06,max_hold,4
WMT,long,2021-12-09,2021-12-13,43.0788,45.1367,67,0.04777,137.88,max_hold,4
TSLA,long,2021-12-10,2021-12-13,336.4181,314.8425,8,-0.06413,-172.6,max_hold,3
SLB,long,2021-12-10,2021-12-13,28.116,26.823,102,-0.04599,-131.88,max_hold,3
BAC,long,2021-12-10,2021-12-13,39.9718,38.9315,72,-0.02602,-74.9,max_hold,3
NVDA,long,2021-12-13,2021-12-16,30.1688,27.8829,96,-0.07577,-219.45,max_hold,3
AMD,long,2021-12-13,2021-12-16,138.3191,136.2319,20,-0.01509,-41.75,max_hold,3
MRK,long,2021-12-13,2021-12-16,62.5043,66.6837,46,0.06687,192.25,max_hold,3
BAC,long,2021-12-14,2021-12-17,38.9705,38.6457,73,-0.00833,-23.71,max_hold,3
DVN,long,2021-12-14,2021-12-17,32.7217,29.4362,87,-0.10041,-285.83,max_hold,3
TSLA,long,2021-12-14,2021-12-17,315.1575,303.4149,9,-0.03726,-105.68,max_hold,3
COP,long,2021-12-14,2021-12-17,59.8756,56.8402,47,-0.05069,-142.66,max_hold,3
SLB,long,2021-12-14,2021-12-17,26.8499,25.3866,106,-0.0545,-155.11,max_hold,3
JPM,long,2021-12-14,2021-12-17,140.4719,137.7112,20,-0.01965,-55.22,max_hold,3
UNH,short,2021-12-14,2021-12-17,442.2137,444.7322,6,-0.0057,-15.11,max_hold,3
ADBE,long,2021-12-17,2021-12-20,566.3731,550.6345,5,-0.02779,-78.69,max_hold,3
AMD,long,2021-12-17,2021-12-20,136.3682,138.1209,21,0.01285,36.81,max_hold,3
ABBV,short,2021-12-17,2021-12-20,110.9527,111.3948,25,-0.00398,-11.05,max_hold,3
NVDA,long,2021-12-20,2021-12-23,27.2326,29.5518,104,0.08516,241.2,max_hold,3
DVN,long,2021-12-20,2021-12-23,29.4657,33.9269,96,0.1514,428.28,max_hold,3
XOM,long,2021-12-20,2021-12-23,50.3502,52.1308,56,0.03536,99.72,max_hold,3
BAC,long,2021-12-20,2021-12-23,38.6844,39.7889,73,0.02855,80.63,max_hold,3
COP,long,2021-12-20,2021-12-23,56.8971,60.3498,49,0.06068,169.18,max_hold,3
ADBE,long,2021-12-21,2021-12-27,551.1854,582.5486,5,0.0569,156.82,max_hold,6
AMD,long,2021-12-21,2021-12-27,138.2591,155.8021,20,0.12688,350.86,max_hold,6
ABBV,short,2021-12-21,2021-12-27,111.2835,114.213,25,-0.02632,-73.24,max_hold,6
WMT,long,2021-12-23,2021-12-27,44.0783,44.2862,65,0.00472,13.52,max_hold,4
DVN,long,2021-12-27,2021-12-30,33.9609,35.3348,85,0.04046,116.78,max_hold,3
SLB,long,2021-12-27,2021-12-30,26.6871,26.9405,108,0.00949,27.37,max_hold,3
NVDA,long,2021-12-27,2021-12-30,29.5814,29.4781,97,-0.00349,-10.02,max_hold,3
MRK,long,2021-12-27,2021-12-30,66.2621,67.1888,43,0.01399,39.85,max_hold,3
BAC,long,2021-12-27,2021-12-30,39.8287,39.771,72,-0.00145,-4.15,max_hold,3
ADBE,long,2021-12-28,2021-12-30,583.1314,570.2448,5,-0.0221,-64.43,end_of_period,2
CRM,long,2021-12-28,2021-12-30,255.4406,250.8623,11,-0.01792,-50.36,end_of_period,2
WMT,long,2021-12-28,2021-12-30,44.3305,45.0957,66,0.01726,50.5,end_of_period,2
ADBE,long,2022-01-04,2022-01-05,564.182,509.745,5,-0.09649,-272.18,stop_loss,1
SLB,long,2022-01-04,2022-01-07,29.0655,31.5932,100,0.08696,252.77,max_hold,3
NVDA,long,2022-01-05,2022-01-10,28.8723,27.2233,101,-0.05711,-166.54,max_hold,5
MSFT,long,2022-01-05,2022-01-10,314.0556,301.7259,9,-0.03926,-110.97,max_hold,5
ADBE,long,2022-01-06,2022-01-10,510.255,525.2872,5,0.02946,75.16,max_hold,4
UNH,long,2022-01-07,2022-01-10,431.5286,430.6456,6,-0.00205,-5.3,max_hold,3
COST,long,2022-01-10,2022-01-13,503.4555,486.114,5,-0.03444,-86.71,max_hold,3
CRM,long,2022-01-11,2022-01-14,225.0214,224.4526,12,-0.00253,-6.83,max_hold,3
AMD,long,2022-01-11,2022-01-14,133.5167,134.4327,21,0.00686,19.24,max_hold,3
NVDA,long,2022-01-12,2022-01-18,27.9926,25.9839,103,-0.07176,-206.9,stop_loss,6
HD,long,2022-01-12,2022-01-18,346.1936,327.0451,8,-0.05531,-153.19,max_hold,6
UNH,long,2022-01-13,2022-01-18,439.0946,431.3831,6,-0.01756,-46.27,max_hold,5
LLY,long,2022-01-13,2022-01-18,244.0554,236.384,11,-0.03143,-84.39,max_hold,5
COST,long,2022-01-14,2022-01-18,486.6004,465.5129,5,-0.04334,-105.44,max_hold,4
COST,long,2022-01-19,2022-01-19,465.9786,466.3301,6,0.00075,2.11,signal_fade,0
NVDA,long,2022-01-19,2022-01-20,26.0099,23.4213,110,-0.09952,-284.75,stop_loss,1
GS,long,2022-01-18,2022-01-21,322.3661,301.7215,8,-0.06404,-165.16,max_hold,3
AVGO,long,2022-01-19,2022-01-21,53.7021,48.9725,53,-0.08807,-250.67,stop_loss,2
TSLA,long,2022-01-20,2022-01-24,336.7449,304.581,8,-0.09551,-257.31,stop_loss,4
HD,long,2022-01-20,2022-01-24,322.1565,318.9932,8,-0.00982,-25.31,max_hold,4
NVDA,long,2022-01-21,2022-01-24,23.4447,22.4638,120,-0.04184,-117.71,max_hold,3
COST,long,2022-01-21,2022-01-24,458.3976,456.0199,6,-0.00519,-14.27,max_hold,3
AVGO,long,2022-01-24,2022-01-27,49.0215,50.1228,57,0.02247,62.77,max_hold,3
BAC,long,2022-01-24,2022-01-27,39.2476,40.4855,71,0.03154,87.89,max_hold,3
AMD,long,2022-01-25,2022-01-27,114.157,101.4992,24,-0.11088,-303.79,stop_loss,2
NVDA,long,2022-01-25,2022-01-28,22.4862,23.0974,125,0.02718,76.4,max_hold,3
MA,long,2022-01-25,2022-01-28,334.9009,369.0245,8,0.10189,272.99,max_hold,3
AMD,long,2022-01-28,2022-01-31,101.6008,116.6916,27,0.14853,407.45,max_hold,3
TSLA,long,2022-01-28,2022-01-31,277.3253,311.5808,10,0.12352,342.56,max_hold,3
NVDA,long,2022-01-31,2022-02-03,23.1205,23.8846,122,0.03304,93.21,max_hold,3
AMD,long,2022-02-01,2022-02-04,116.8084,123.4982,24,0.05727,160.56,max_hold,3
TSLA,long,2022-02-02,2022-02-07,309.548,301.6924,9,-0.02538,-70.7,max_hold,5
ABBV,long,2022-02-02,2022-02-07,116.1357,121.6917,24,0.04784,133.34,max_hold,5
META,long,2022-02-04,2022-02-07,233.041,218.818,12,-0.06103,-170.68,max_hold,3
MRK,long,2022-02-07,2022-02-10,68.6947,66.5443,41,-0.0313,-88.17,max_hold,3
GS,short,2022-02-07,2022-02-10,326.9186,329.9856,8,-0.00938,-24.54,max_hold,3
META,long,2022-02-08,2022-02-11,219.0369,217.2922,13,-0.00797,-22.68,max_hold,3
META,long,2022-02-14,2022-02-17,217.5096,207.4635,13,-0.04619,-130.6,max_hold,3
GOOGL,long,2022-02-14,2022-02-17,132.1513,132.2278,21,0.00058,1.61,max_hold,3
JNJ,long,2022-02-15,2022-02-18,146.2161,144.7423,19,-0.01008,-28.0,max_hold,3
META,long,2022-02-18,2022-02-22,207.671,202.2816,13,-0.02595,-70.06,max_hold,4
CRM,long,2022-02-18,2022-02-22,197.0904,192.9143,14,-0.02119,-58.47,max_hold,4
AMD,long,2022-02-18,2022-02-22,113.957,117.3413,25,0.0297,84.61,max_hold,4
BAC,long,2022-02-18,2022-02-22,41.1876,41.0393,69,-0.0036,-10.24,max_hold,4
TSLA,long,2022-02-23,2022-02-23,276.9484,233.3466,10,-0.15744,-436.02,stop_loss,0
META,long,2022-02-23,2022-02-28,202.484,207.939,14,0.02694,76.37,max_hold,5
HD,long,2022-02-23,2022-02-28,284.701,280.2034,10,-0.0158,-44.98,max_hold,5
TSLA,long,2022-02-24,2022-02-28,233.5801,289.7484,12,0.24047,674.02,max_hold,4
CRM,long,2022-02-24,2022-02-28,181.6891,209.666,15,0.15398,419.65,max_hold,4
V,long,2022-02-28,2022-03-03,209.1675,198.317,13,-0.05187,-141.06,max_hold,3
HD,long,2022-03-01,2022-03-04,280.4838,288.8165,10,0.02971,83.33,max_hold,3
BAC,long,2022-03-01,2022-03-04,39.0777,35.837,73,-0.08293,-236.57,max_hold,3
MA,long,2022-03-01,2022-03-04,349.0746,321.1764,8,-0.07992,-223.19,stop_loss,3
NVDA,long,2022-03-02,2022-03-07,23.6971,21.2349,121,-0.1039,-297.92,stop_loss,5
SLB,long,2022-03-02,2022-03-07,34.989,39.0141,82,0.11504,330.05,max_hold,5
QCOM,long,2022-03-02,2022-03-07,150.2948,136.8883,19,-0.0892,-254.72,stop_loss,5
AVGO,long,2022-03-02,2022-03-07,53.0502,52.7804,54,-0.00509,-14.57,max_hold,5
V,long,2022-03-07,2022-03-10,193.5186,194.2055,14,0.00355,9.62,max_hold,3
MA,long,2022-03-07,2022-03-10,321.4978,321.615,8,0.00036,0.94,max_hold,3
AMD,long,2022-03-08,2022-03-11,102.8614,102.9385,27,0.00075,2.08,max_hold,3
BAC,long,2022-03-08,2022-03-11,35.1002,36.7076,80,0.04579,128.59,max_hold,3
QCOM,long,2022-03-08,2022-03-11,137.0253,137.0155,20,-7e-05,-0.2,max_hold,3
AVGO,long,2022-03-08,2022-03-11,52.8332,53.2222,53,0.00736,20.62,max_hold,3
LLY,short,2022-03-11,2022-03-14,255.4292,260.3148,11,-0.01913,-53.74,max_hold,3
AMD,long,2022-03-14,2022-03-17,103.0415,111.2244,27,0.07941,220.94,max_hold,3
NVDA,long,2022-03-14,2022-03-17,21.8147,24.7128,130,0.13285,376.74,max_hold,3
HD,short,2022-03-14,2022-03-17,289.3497,299.2547,9,-0.03423,-89.14,max_hold,3
DVN,long,2022-03-15,2022-03-18,41.5722,49.3465,68,0.18701,528.65,max_hold,3
TSLA,long,2022-03-15,2022-03-18,258.5526,304.8409,11,0.17903,509.17,max_hold,3
XOM,long,2022-03-15,2022-03-18,68.253,69.3094,41,0.01548,43.31,max_hold,3
GS,short,2022-03-17,2022-03-21,303.545,308.1989,9,-0.01533,-41.88,max_hold,4
AMD,long,2022-03-18,2022-03-21,111.3356,115.3723,26,0.03626,104.95,max_hold,3
SLB,long,2022-03-18,2022-03-21,35.7873,37.3375,81,0.04332,125.56,max_hold,3
QCOM,long,2022-03-18,2022-03-21,138.7169,141.2404,21,0.01819,52.99,max_hold,3
UNH,long,2022-03-23,2022-03-23,464.8064,466.8656,6,0.00443,12.36,signal_fade,0
MRK,long,2022-03-21,2022-03-24,70.0798,70.8182,41,0.01054,30.27,max_hold,3
XOM,long,2022-03-21,2022-03-24,69.3787,71.7316,42,0.03391,98.82,max_hold,3
JNJ,long,2022-03-23,2022-03-28,155.2153,158.06,18,0.01833,51.2,max_hold,5
WMT,long,2022-03-23,2022-03-28,45.3059,46.3547,65,0.02315,68.17,max_hold,5
CVX,long,2022-03-23,2022-03-28,140.1424,137.9023,21,-0.01598,-47.04,max_hold,5
AMD,long,2022-03-23,2022-03-28,114.3471,122.2189,25,0.06884,196.79,max_hold,5
QCOM,long,2022-03-24,2022-03-28,140.3358,146.4739,21,0.04374,128.9,max_hold,4
HD,long,2022-03-28,2022-03-31,278.9564,269.2688,10,-0.03473,-96.88,max_hold,3
ADBE,long,2022-03-28,2022-03-31,433.6367,454.7725,6,0.04874,126.81,max_hold,3
CVX,long,2022-03-29,2022-04-01,138.0403,139.159,21,0.0081,23.49,max_hold,3
JNJ,long,2022-03-29,2022-04-01,158.2181,157.6795,18,-0.0034,-9.7,max_hold,3
LLY,long,2022-03-30,2022-04-01,280.2916,282.1025,10,0.00646,18.11,signal_fade,2
COP,long,2022-03-30,2022-04-04,86.9262,86.4194,34,-0.00583,-17.23,max_hold,5
BAC,long,2022-03-30,2022-04-04,39.0262,36.2947,76,-0.06999,-207.59,max_hold,5
AMD,long,2022-04-01,2022-04-04,110.5352,109.6352,26,-0.00814,-23.4,max_hold,3
UNH,long,2022-04-05,2022-04-05,471.9598,479.0872,6,0.0151,42.76,signal_fade,0
ABBV,long,2022-04-05,2022-04-06,138.8466,143.6601,21,0.03467,101.08,signal_fade,1
CVX,long,2022-04-04,2022-04-07,139.2982,140.888,21,0.01141,33.38,max_hold,3
AMD,long,2022-04-05,2022-04-08,109.7448,98.5507,26,-0.102,-291.05,stop_loss,3
COP,long,2022-04-05,2022-04-08,86.5059,87.3192,34,0.0094,27.65,max_hold,3
JNJ,long,2022-04-05,2022-04-08,156.3137,161.9359,18,0.03597,101.2,max_hold,3
JPM,long,2022-04-05,2022-04-08,121.222,120.1343,24,-0.00897,-26.1,max_hold,3
BAC,long,2022-04-05,2022-04-08,36.3311,35.4332,81,-0.02471,-72.73,max_hold,3
QCOM,long,2022-04-06,2022-04-11,129.9675,125.3128,22,-0.03581,-102.4,max_hold,5
SLB,long,2022-04-06,2022-04-11,37.1662,38.0534,79,0.02387,70.09,max_hold,5
CRM,long,2022-04-07,2022-04-11,195.8316,196.2548,15,0.00216,6.35,max_hold,4
GS,long,2022-04-08,2022-04-11,282.4226,289.4282,10,0.02481,70.06,max_hold,3
AMD,long,2022-04-11,2022-04-14,98.6493,91.984,30,-0.06757,-199.96,max_hold,3
V,long,2022-04-11,2022-04-14,208.4412,204.7695,14,-0.01761,-51.4,max_hold,3
GOOGL,long,2022-04-12,2022-04-18,130.5086,126.5059,22,-0.03067,-88.06,max_hold,6
MSFT,long,2022-04-12,2022-04-18,279.3386,269.5464,10,-0.03505,-97.92,max_hold,6
COP,long,2022-04-12,2022-04-18,85.8197,88.1161,34,0.02676,78.08,max_hold,6
ABBV,long,2022-04-14,2022-04-18,136.5323,138.5992,21,0.01514,43.41,max_hold,4
TSLA,long,2022-04-18,2022-04-21,329.8415,338.1342,8,0.02514,66.34,max_hold,3
NVDA,long,2022-04-20,2022-04-21,22.4611,20.2324,131,-0.09923,-291.97,stop_loss,1
AMD,long,2022-04-19,2022-04-22,93.4367,89.8151,31,-0.03876,-112.27,max_hold,3
GS,short,2022-04-19,2022-04-22,297.3369,284.9443,9,0.04168,111.53,max_hold,3
HD,short,2022-04-21,2022-04-25,284.0539,271.1079,10,0.04558,129.46,max_hold,4
COP,long,2022-04-22,2022-04-25,83.9497,79.2728,34,-0.05571,-159.02,max_hold,3
META,long,2022-04-22,2022-04-25,188.8071,184.9128,15,-0.02063,-58.41,max_hold,3
CVX,long,2022-04-22,2022-04-25,138.7748,133.9469,21,-0.03479,-101.39,max_hold,3
TSLA,long,2022-04-22,2022-04-25,338.4725,331.6441,8,-0.02017,-54.63,max_hold,3
LLY,long,2022-04-25,2022-04-25,268.8804,275.7714,10,0.02563,68.91,signal_fade,0
TSLA,long,2022-04-26,2022-04-26,331.9759,299.3769,8,-0.0982,-260.79,stop_loss,0
DVN,long,2022-04-25,2022-04-28,46.1099,49.4534,63,0.07251,210.64,max_hold,3
AMD,long,2022-04-25,2022-04-28,89.9049,88.006,32,-0.02112,-60.77,max_hold,3
COST,long,2022-04-25,2022-04-28,543.2956,534.6942,5,-0.01583,-43.01,max_hold,3
COP,long,2022-04-26,2022-04-29,79.3521,80.7809,36,0.01801,51.44,max_hold,3
CVX,long,2022-04-26,2022-04-29,134.0809,131.8299,21,-0.01679,-47.27,max_hold,3
META,long,2022-04-26,2022-04-29,185.0979,199.3191,15,0.07683,213.32,max_hold,3
HD,short,2022-04-26,2022-04-29,270.8369,270.8747,10,-0.00014,-0.38,max_hold,3
TSLA,long,2022-04-27,2022-05-02,299.6764,300.9095,9,0.00411,11.1,max_hold,5
UNH,long,2022-04-28,2022-05-02,478.2155,463.2878,6,-0.03122,-89.57,max_hold,4
NVDA,long,2022-04-29,2022-05-02,19.3539,19.3325,151,-0.0011,-3.22,max_hold,3
AMD,long,2022-05-02,2022-05-05,85.7028,94.2928,34,0.10023,292.06,max_hold,3
ABBV,long,2022-05-02,2022-05-05,126.8448,129.3362,22,0.01964,54.81,max_hold,3
COST,long,2022-05-02,2022-05-05,507.8442,490.3406,5,-0.03447,-87.52,max_hold,3
CVX,long,2022-05-02,2022-05-05,131.9618,141.9169,22,0.07544,219.01,max_hold,3
COP,long,2022-05-02,2022-05-05,80.8618,89.2644,36,0.10391,302.49,max_hold,3
SLB,long,2022-05-02,2022-05-05,34.7804,38.5881,83,0.10948,316.04,max_hold,3
UNH,long,2022-05-03,2022-05-06,463.7514,453.3681,6,-0.02239,-62.3,max_hold,3
AMZN,long,2022-05-03,2022-05-06,124.1155,111.2568,23,-0.1036,-295.75,stop_loss,3
TSLA,long,2022-05-03,2022-05-06,301.2105,278.6773,9,-0.07481,-202.8,max_hold,3
HD,short,2022-05-03,2022-05-06,273.9194,260.3712,10,0.04946,135.48,max_hold,3
MSFT,short,2022-05-03,2022-05-06,273.9652,260.8152,10,0.048,131.5,max_hold,3
ADBE,short,2022-05-05,2022-05-09,415.3422,385.9129,7,0.07086,206.01,max_hold,4
COST,long,2022-05-06,2022-05-09,490.8312,485.8604,6,-0.01013,-29.82,max_hold,3
V,long,2022-05-06,2022-05-09,197.3049,190.2973,15,-0.03552,-105.12,max_hold,3
MA,long,2022-05-06,2022-05-09,338.2277,324.2862,8,-0.04122,-111.53,max_hold,3
TSLA,long,2022-05-09,2022-05-11,278.9561,233.5498,10,-0.16277,-454.06,stop_loss,2
NVDA,long,2022-05-09,2022-05-11,17.9893,16.1626,165,-0.10154,-301.4,stop_loss,2
AMZN,long,2022-05-09,2022-05-12,111.3682,109.0145,26,-0.02113,-61.2,max_hold,3
MA,long,2022-05-10,2022-05-13,324.6106,320.6073,9,-0.01233,-36.03,max_hold,3
SLB,long,2022-05-10,2022-05-13,34.8983,37.0294,84,0.06106,179.01,max_hold,3
V,long,2022-05-10,2022-05-13,190.4877,191.252,15,0.00401,11.46,max_hold,3
XOM,long,2022-05-10,2022-05-13,74.1587,77.7624,39,0.04859,140.54,max_hold,3
COP,long,2022-05-10,2022-05-13,84.8161,88.7269,34,0.04611,132.97,max_hold,3
TSLA,long,2022-05-12,2022-05-16,233.7835,248.9954,12,0.06507,182.54,max_hold,4
AAPL,long,2022-05-12,2022-05-16,140.0304,145.8576,20,0.04161,116.54,max_hold,4
AMZN,long,2022-05-13,2022-05-16,109.1235,113.2184,26,0.03752,106.47,max_hold,3
COST,long,2022-05-13,2022-05-16,470.5165,466.281,6,-0.009,-25.41,max_hold,3
COP,long,2022-05-16,2022-05-19,88.8157,90.4915,33,0.01887,55.3,max_hold,3
COST,long,2022-05-18,2022-05-19,438.9236,408.7443,6,-0.06876,-181.08,stop_loss,1
TSLA,long,2022-05-17,2022-05-20,249.2446,218.2308,11,-0.12443,-341.15,stop_loss,3
AMZN,long,2022-05-17,2022-05-20,113.3316,108.4068,26,-0.04346,-128.05,max_hold,3
QCOM,long,2022-05-17,2022-05-20,124.8288,118.0714,23,-0.05413,-155.42,max_hold,3
WMT,long,2022-05-19,2022-05-23,38.3962,38.4657,76,0.00181,5.28,max_hold,4
COST,long,2022-05-20,2022-05-23,409.1532,404.9312,7,-0.01032,-29.55,max_hold,3
CVX,long,2022-05-20,2022-05-23,143.7467,145.1421,20,0.00971,27.91,max_hold,3
TSLA,long,2022-05-23,2022-05-26,218.4492,240.9628,13,0.10306,292.68,max_hold,3
AVGO,long,2022-05-23,2022-05-26,48.7124,52.2012,59,0.07162,205.83,max_hold,3
GOOGL,long,2022-05-23,2022-05-26,108.6786,108.4665,26,-0.00195,-5.52,max_hold,3
COST,long,2022-05-24,2022-05-27,405.3364,448.7417,7,0.10708,303.84,max_hold,3
WMT,long,2022-05-24,2022-05-27,38.5042,40.4492,76,0.05051,147.82,max_hold,3
UNH,short,2022-05-25,2022-05-31,460.8749,461.151,6,-0.0006,-1.66,max_hold,6
GS,short,2022-05-25,2022-05-31,280.0439,296.3127,10,-0.05809,-162.69,max_hold,6
ABBV,long,2022-05-31,2022-06-03,128.5661,127.0205,23,-0.01202,-35.55,max_hold,3
MRK,long,2022-06-01,2022-06-06,80.6353,79.219,36,-0.01756,-50.99,max_hold,5
JNJ,long,2022-06-01,2022-06-06,159.7073,157.6151,18,-0.0131,-37.66,max_hold,5
CVX,long,2022-06-01,2022-06-06,150.4285,150.9074,19,0.00318,9.1,max_hold,5
AVGO,long,2022-06-07,2022-06-10,52.1093,48.9219,56,-0.06117,-178.49,max_hold,3
MRK,long,2022-06-07,2022-06-10,79.2983,75.3173,37,-0.0502,-147.29,max_hold,3
NVDA,long,2022-06-08,2022-06-10,18.7563,15.9477,157,-0.14974,-440.95,stop_loss,2
AMZN,long,2022-06-09,2022-06-10,120.05,104.1379,24,-0.13255,-381.89,stop_loss,1
WMT,long,2022-06-09,2022-06-13,38.7552,37.8057,76,-0.0245,-72.16,max_hold,4
GS,long,2022-06-10,2022-06-13,269.1191,257.3896,10,-0.04358,-117.3,max_hold,3
BAC,long,2022-06-10,2022-06-13,30.4322,28.8131,96,-0.0532,-155.43,max_hold,3
AMD,long,2022-06-13,2022-06-16,91.3056,82.1489,31,-0.10029,-283.86,stop_loss,3
NVDA,long,2022-06-13,2022-06-16,15.9637,15.5969,181,-0.02298,-66.39,max_hold,3
JPM,long,2022-06-13,2022-06-16,105.6612,102.5567,27,-0.02938,-83.82,max_hold,3
QCOM,long,2022-06-13,2022-06-16,119.3968,110.9018,24,-0.07115,-203.88,stop_loss,3
UNH,short,2022-06-13,2022-06-16,439.2513,418.6166,6,0.04698,123.81,max_hold,3
DVN,long,2022-06-14,2022-06-16,59.8679,52.4314,47,-0.12422,-349.52,stop_loss,2
CVX,long,2022-06-14,2022-06-16,144.1638,131.6985,19,-0.08647,-236.84,stop_loss,2
COP,long,2022-06-14,2022-06-16,98.2418,87.3583,29,-0.11078,-315.62,stop_loss,2
COP,long,2022-06-17,2022-06-17,87.4457,82.65,32,-0.05484,-153.46,stop_loss,0
DVN,long,2022-06-17,2022-06-17,52.4838,49.8888,53,-0.04944,-137.53,stop_loss,0
MA,long,2022-06-17,2022-06-17,299.8872,308.4188,9,0.02845,76.78,signal_fade,0
ABBV,long,2022-06-15,2022-06-21,118.1261,124.1863,24,0.0513,145.44,max_hold,6
NVDA,long,2022-06-17,2022-06-21,15.6125,16.173,180,0.0359,100.89,max_hold,4
AMD,long,2022-06-17,2022-06-21,82.2311,84.3578,34,0.02586,72.31,max_hold,4
CVX,long,2022-06-17,2022-06-21,131.8303,125.9078,21,-0.04493,-124.37,max_hold,4
QCOM,long,2022-06-17,2022-06-21,111.0128,111.2489,25,0.00213,5.9,max_hold,4
COP,long,2022-06-21,2022-06-23,82.7327,77.4682,33,-0.06363,-173.73,stop_loss,2
XOM,long,2022-06-21,2022-06-24,77.4903,76.7399,36,-0.00968,-27.01,max_hold,3
AMD,long,2022-06-22,2022-06-27,84.4422,85.6671,33,0.01451,40.42,max_hold,5
META,long,2022-06-22,2022-06-27,157.0798,168.3368,17,0.07166,191.37,max_hold,5
NVDA,long,2022-06-22,2022-06-27,16.1892,16.8448,174,0.0405,114.08,max_hold,5
UNH,short,2022-06-22,2022-06-27,441.3651,475.5746,6,-0.07751,-205.26,max_hold,5
CVX,long,2022-06-23,2022-06-27,126.6466,128.2972,22,0.01303,36.31,max_hold,4
COP,long,2022-06-24,2022-06-27,77.5457,82.3892,35,0.06246,169.52,max_hold,3
AMD,long,2022-06-28,2022-06-29,85.7529,77.6911,32,-0.09401,-257.97,stop_loss,1
NVDA,long,2022-06-28,2022-06-29,16.8616,15.3108,167,-0.09197,-258.99,stop_loss,1
DVN,long,2022-06-27,2022-06-30,45.5853,46.3594,61,0.01698,47.22,max_hold,3
COP,long,2022-06-28,2022-07-01,82.4716,77.5055,34,-0.06022,-168.85,max_hold,3
XOM,long,2022-06-28,2022-07-01,79.7123,75.4552,35,-0.05341,-149.0,max_hold,3
QCOM,long,2022-06-28,2022-07-01,118.6562,110.6096,23,-0.06782,-185.07,max_hold,3
AMD,long,2022-06-30,2022-07-05,77.7689,75.1324,35,-0.0339,-92.28,max_hold,5
NVDA,long,2022-06-30,2022-07-05,15.3261,14.961,181,-0.02383,-66.1,max_hold,5
DVN,long,2022-07-01,2022-07-05,46.4058,42.763,59,-0.0785,-214.92,max_hold,4
COP,long,2022-07-05,2022-07-08,77.583,74.244,35,-0.04304,-116.87,max_hold,3
GOOGL,long,2022-07-05,2022-07-08,106.2122,116.9024,25,0.10065,267.25,max_hold,3
SLB,long,2022-07-05,2022-07-08,31.4382,30.5791,87,-0.02733,-74.74,max_hold,3
DVN,long,2022-07-06,2022-07-11,42.8058,42.8299,64,0.00056,1.54,max_hold,5
AMD,long,2022-07-06,2022-07-11,75.2076,76.9415,36,0.02306,62.42,max_hold,5
NVDA,long,2022-07-06,2022-07-11,14.9759,15.2181,183,0.01617,44.32,max_hold,5
WMT,long,2022-07-07,2022-07-11,39.7685,39.7034,69,-0.00164,-4.49,max_hold,4
COP,long,2022-07-11,2022-07-14,74.3182,72.752,37,-0.02108,-57.95,max_hold,3
XOM,long,2022-07-11,2022-07-14,74.5072,74.1093,37,-0.00534,-14.72,max_hold,3
DVN,long,2022-07-12,2022-07-15,42.8728,45.3725,64,0.0583,159.98,max_hold,3
AMD,long,2022-07-12,2022-07-15,77.0185,82.1689,35,0.06687,180.26,max_hold,3
NVDA,long,2022-07-12,2022-07-15,15.2333,16.2487,181,0.06666,183.79,max_hold,3
AMZN,long,2022-07-12,2022-07-15,112.2161,114.9425,24,0.0243,65.43,max_hold,3
MA,short,2022-07-13,2022-07-18,308.7939,324.5898,8,-0.05115,-126.37,max_hold,5
COP,long,2022-07-15,2022-07-18,72.8247,74.0878,37,0.01734,46.73,max_hold,3
XOM,long,2022-07-15,2022-07-18,74.1835,75.5251,37,0.01809,49.64,max_hold,3
JPM,long,2022-07-15,2022-07-18,99.5722,103.0903,27,0.03533,94.99,max_hold,3
AMD,long,2022-07-18,2022-07-21,82.2511,90.1549,33,0.09609,260.83,max_hold,3
NVDA,long,2022-07-18,2022-07-21,16.265,17.8345,171,0.0965,268.39,max_hold,3
GOOGL,long,2022-07-18,2022-07-21,111.7058,109.9694,24,-0.01554,-41.67,max_hold,3
COP,long,2022-07-19,2022-07-22,74.1619,77.6009,37,0.04637,127.24,max_hold,3
JNJ,long,2022-07-19,2022-07-22,157.1934,153.2869,17,-0.02485,-66.41,max_hold,3
LLY,long,2022-07-19,2022-07-22,313.6685,317.8607,8,0.01336,33.54,max_hold,3
MRK,long,2022-07-19,2022-07-22,82.6077,79.9116,33,-0.03264,-88.97,max_hold,3
GOOGL,long,2022-07-22,2022-07-25,110.0794,105.6102,25,-0.0406,-111.73,max_hold,3
NVDA,long,2022-07-22,2022-07-25,17.8524,16.8338,157,-0.05705,-159.91,max_hold,3
META,long,2022-07-22,2022-07-25,171.6492,164.4132,16,-0.04216,-115.78,max_hold,3
WMT,long,2022-07-22,2022-07-25,42.1034,38.4404,66,-0.087,-241.76,max_hold,3
MRK,long,2022-07-25,2022-07-28,79.9916,79.8053,35,-0.00233,-6.52,max_hold,3
JNJ,long,2022-07-25,2022-07-28,153.4402,154.7741,18,0.00869,24.01,max_hold,3
ABBV,long,2022-07-25,2022-07-28,129.6814,126.848,21,-0.02185,-59.5,max_hold,3
GOOGL,long,2022-07-26,2022-07-29,105.7159,114.2295,26,0.08053,221.35,max_hold,3
NVDA,long,2022-07-26,2022-07-29,16.8507,18.1226,165,0.07548,209.87,max_hold,3
META,long,2022-07-26,2022-07-29,164.5777,155.8032,16,-0.05332,-140.39,max_hold,3
WMT,long,2022-07-26,2022-07-29,38.4788,41.5916,72,0.0809,224.12,max_hold,3
COST,long,2022-07-28,2022-08-01,497.2986,519.4799,5,0.0446,110.91,max_hold,4
MRK,long,2022-07-29,2022-08-01,79.8852,78.9016,35,-0.01231,-34.42,max_hold,3
BAC,long,2022-07-29,2022-08-01,30.2424,30.3296,92,0.00288,8.02,max_hold,3
ABBV,long,2022-07-29,2022-08-01,126.9749,123.1326,22,-0.03026,-84.53,max_hold,3
HD,long,2022-07-29,2022-08-01,270.7892,275.3879,10,0.01698,45.99,max_hold,3
META,long,2022-08-01,2022-08-04,155.9591,165.4536,18,0.06088,170.9,max_hold,3
LLY,long,2022-08-01,2022-08-04,316.9785,292.4608,8,-0.07735,-196.14,max_hold,3
NVDA,long,2022-08-01,2022-08-04,18.1407,18.7485,154,0.03351,93.6,max_hold,3
QCOM,long,2022-08-01,2022-08-04,131.9408,135.6999,21,0.02849,78.94,max_hold,3
V,long,2022-08-01,2022-08-04,202.2418,204.2302,13,0.00983,25.85,max_hold,3
ABBV,long,2022-08-02,2022-08-05,123.2558,120.394,22,-0.02322,-62.96,max_hold,3
JPM,long,2022-08-02,2022-08-05,103.9141,105.9334,27,0.01943,54.52,max_hold,3
MRK,long,2022-08-02,2022-08-05,78.9806,77.3424,35,-0.02074,-57.34,max_hold,3
HD,long,2022-08-03,2022-08-05,273.813,281.213,10,0.02703,74.0,signal_fade,2
BAC,long,2022-08-03,2022-08-08,30.1973,30.3747,92,0.00588,16.32,max_hold,5
LLY,long,2022-08-05,2022-08-08,292.7534,294.9843,9,0.00762,20.08,max_hold,3
COP,long,2022-08-05,2022-08-08,76.6019,82.6668,36,0.07917,218.34,max_hold,3
XOM,long,2022-08-05,2022-08-08,75.5482,78.6975,37,0.04169,116.52,max_hold,3
WMT,long,2022-08-05,2022-08-08,39.8702,40.5856,70,0.01794,50.08,max_hold,3
NVDA,long,2022-08-05,2022-08-08,18.7673,17.1956,149,-0.08375,-234.18,max_hold,3
UNH,long,2022-08-08,2022-08-11,501.4206,496.9299,5,-0.00896,-22.45,max_hold,3
COST,long,2022-08-08,2022-08-11,519.8179,511.9841,5,-0.01507,-39.17,max_hold,3
TSLA,long,2022-08-08,2022-08-11,295.1475,289.2719,9,-0.01991,-52.88,max_hold,3
QCOM,long,2022-08-08,2022-08-11,136.9694,135.1793,20,-0.01307,-35.8,max_hold,3
NVDA,long,2022-08-09,2022-08-12,17.2128,18.6399,163,0.08291,232.61,max_hold,3
LLY,long,2022-08-09,2022-08-12,295.2794,299.9439,9,0.0158,41.98,max_hold,3
COP,long,2022-08-09,2022-08-12,82.7495,85.731,34,0.03603,101.37,max_hold,3
CVX,long,2022-08-09,2022-08-12,132.7325,131.9536,21,-0.00587,-16.36,max_hold,3
SLB,long,2022-08-11,2022-08-15,32.4124,32.7257,87,0.00966,27.25,max_hold,4
QCOM,long,2022-08-12,2022-08-15,135.3146,138.3305,20,0.02229,60.32,max_hold,3
COST,long,2022-08-12,2022-08-15,512.4963,526.2307,5,0.0268,68.67,max_hold,3
TSLA,long,2022-08-12,2022-08-15,289.5614,311.5108,9,0.0758,197.55,max_hold,3
UNH,long,2022-08-12,2022-08-15,497.4271,505.8368,5,0.01691,42.05,max_hold,3
COST,long,2022-08-16,2022-08-17,526.7572,533.8315,5,0.01343,35.37,signal_fade,1
LLY,long,2022-08-17,2022-08-17,301.0208,307.2579,9,0.02072,56.13,signal_fade,0
V,long,2022-08-15,2022-08-18,204.4661,207.8932,13,0.01676,44.55,max_hold,3
JNJ,long,2022-08-15,2022-08-18,147.9844,148.8161,19,0.00562,15.8,max_hold,3
NVDA,long,2022-08-15,2022-08-18,18.6586,18.3459,152,-0.01676,-47.53,max_hold,3
MA,long,2022-08-15,2022-08-18,344.6943,348.5525,8,0.01119,30.86,max_hold,3
CVX,long,2022-08-16,2022-08-19,133.9837,134.4482,21,0.00347,9.75,max_hold,3
UNH,long,2022-08-16,2022-08-19,506.3429,502.2926,5,-0.008,-20.25,max_hold,3
AMD,long,2022-08-17,2022-08-22,99.3096,92.3438,28,-0.07014,-195.04,max_hold,5
TSLA,long,2022-08-17,2022-08-22,303.5484,291.3076,9,-0.04033,-110.17,max_hold,5
AMZN,long,2022-08-19,2022-08-22,140.5402,133.3433,20,-0.05121,-143.94,max_hold,3
JPM,long,2022-08-22,2022-08-25,106.4955,108.8586,26,0.02219,61.44,max_hold,3
TSLA,long,2022-08-23,2022-08-26,291.5991,282.6886,9,-0.03056,-80.19,max_hold,3
QCOM,long,2022-08-23,2022-08-26,129.9111,125.872,21,-0.03109,-84.82,max_hold,3
AMD,long,2022-08-23,2022-08-26,92.4362,90.005,30,-0.0263,-72.94,max_hold,3
MA,long,2022-08-30,2022-08-31,323.8266,316.4758,8,-0.0227,-58.81,signal_fade,1
AMD,long,2022-08-29,2022-09-01,90.095,83.2783,31,-0.07566,-211.32,stop_loss,3
GOOGL,long,2022-08-29,2022-09-01,109.0778,109.5632,25,0.00445,12.14,max_hold,3
QCOM,long,2022-08-29,2022-09-01,125.998,120.9112,22,-0.04037,-111.91,max_hold,3
MRK,long,2022-09-01,2022-09-06,75.9477,76.6868,37,0.00973,27.35,max_hold,5
TSLA,long,2022-09-02,2022-09-06,281.2105,272.9635,10,-0.02933,-82.47,max_hold,4
AMD,long,2022-09-02,2022-09-06,83.3617,79.2004,33,-0.04992,-137.32,max_hold,4
NVDA,long,2022-09-02,2022-09-06,14.068,13.5227,200,-0.03876,-109.06,max_hold,4
XOM,long,2022-09-02,2022-09-06,85.1064,82.2329,33,-0.03376,-94.83,max_hold,4
CVX,long,2022-09-02,2022-09-06,135.9141,132.1915,20,-0.02739,-74.45,max_hold,4
NVDA,long,2022-09-07,2022-09-12,13.5362,13.761,206,0.0166,46.3,max_hold,5
AMD,long,2022-09-07,2022-09-12,79.2796,80.9195,35,0.02069,57.4,max_hold,5
AMZN,long,2022-09-07,2022-09-12,126.1831,130.9445,22,0.03773,104.75,max_hold,5
DVN,long,2022-09-07,2022-09-12,56.4354,60.2345,49,0.06732,186.16,max_hold,5
COP,long,2022-09-07,2022-09-12,92.2972,98.3741,30,0.06584,182.3,max_hold,5
CVX,long,2022-09-09,2022-09-12,136.0601,138.4983,20,0.01792,48.76,max_hold,3
HD,long,2022-09-13,2022-09-15,265.2969,244.193,10,-0.07955,-211.04,stop_loss,2
COST,long,2022-09-14,2022-09-15,491.1622,477.0261,5,-0.02878,-70.68,signal_fade,1
AMD,long,2022-09-13,2022-09-16,81.0005,75.3523,34,-0.06973,-192.04,max_hold,3
NVDA,long,2022-09-13,2022-09-16,13.7748,12.9733,204,-0.05818,-163.49,max_hold,3
CVX,long,2022-09-13,2022-09-16,138.6368,131.222,20,-0.05348,-148.3,max_hold,3
XOM,long,2022-09-13,2022-09-16,85.3361,80.3093,33,-0.05891,-165.89,max_hold,3
AMZN,long,2022-09-14,2022-09-19,127.4237,123.2883,21,-0.03245,-86.84,max_hold,5
HD,long,2022-09-16,2022-09-19,244.4373,251.2996,11,0.02807,75.49,max_hold,3
NVDA,long,2022-09-19,2022-09-22,12.9863,12.3831,213,-0.04645,-128.49,max_hold,3
AMD,long,2022-09-19,2022-09-22,75.4277,67.966,36,-0.09893,-268.62,stop_loss,3
DVN,long,2022-09-19,2022-09-22,55.0875,51.5416,50,-0.06437,-177.3,max_hold,3
XOM,long,2022-09-19,2022-09-22,80.3896,77.212,34,-0.03953,-108.04,max_hold,3
SLB,long,2022-09-19,2022-09-22,33.9982,33.1235,81,-0.02573,-70.85,max_hold,3
UNH,short,2022-09-19,2022-09-22,482.6488,478.4456,5,0.00871,21.02,max_hold,3
ADBE,long,2022-09-20,2022-09-23,292.9664,285.887,9,-0.02416,-63.71,max_hold,3
AMD,long,2022-09-23,2022-09-26,68.034,67.8661,40,-0.00247,-6.72,max_hold,3
NVDA,long,2022-09-23,2022-09-26,12.3955,12.4698,220,0.006,16.36,max_hold,3
DVN,long,2022-09-23,2022-09-26,51.5932,48.2304,52,-0.06518,-174.86,stop_loss,3
XOM,long,2022-09-23,2022-09-26,77.2892,75.5442,35,-0.02258,-61.08,max_hold,3
UNH,short,2022-09-23,2022-09-26,477.9674,475.4738,5,0.00522,12.47,max_hold,3
COST,long,2022-09-26,2022-09-26,445.292,463.5815,6,0.04107,109.74,signal_fade,0
COP,long,2022-09-26,2022-09-29,87.2995,90.5345,31,0.03706,100.29,max_hold,3
TSLA,long,2022-09-26,2022-09-29,271.9659,266.0169,10,-0.02187,-59.49,max_hold,3
GS,long,2022-09-26,2022-09-29,272.986,269.9769,9,-0.01102,-27.08,max_hold,3
MA,long,2022-09-28,2022-09-29,278.9311,280.3627,9,0.00513,12.88,signal_fade,1
NVDA,long,2022-09-27,2022-09-30,12.4823,12.3103,218,-0.01378,-37.5,max_hold,3
AMD,long,2022-09-27,2022-09-30,67.934,64.4278,40,-0.05161,-140.25,max_hold,3
XOM,long,2022-09-27,2022-09-30,75.6198,79.4533,36,0.05069,138.01,max_hold,3
DVN,long,2022-09-27,2022-09-30,48.2787,54.1597,56,0.12182,329.34,max_hold,3
JPM,long,2022-09-27,2022-09-30,98.286,96.2468,27,-0.02075,-55.06,max_hold,3
LLY,short,2022-09-28,2022-10-03,323.5351,312.8379,8,0.03306,85.58,max_hold,5
ADBE,long,2022-09-30,2022-10-03,279.8298,290.8045,9,0.03922,98.77,max_hold,3
COP,long,2022-09-30,2022-10-03,90.6251,99.4086,30,0.09692,263.5,max_hold,3
TSLA,long,2022-10-03,2022-10-06,254.6272,233.823,10,-0.0817,-208.04,max_hold,3
AMD,long,2022-10-03,2022-10-06,64.4922,63.978,42,-0.00797,-21.6,max_hold,3
ABBV,long,2022-10-03,2022-10-06,118.6287,121.24,23,0.02201,60.06,max_hold,3
ADBE,long,2022-10-04,2022-10-07,291.0955,289.6051,9,-0.00512,-13.41,max_hold,3
MSFT,short,2022-10-05,2022-10-10,238.3894,220.8077,11,0.07375,193.4,max_hold,5
MA,short,2022-10-06,2022-10-10,296.2038,284.0063,9,0.04118,109.78,max_hold,4
TSLA,long,2022-10-07,2022-10-10,234.057,220.8395,11,-0.05647,-145.39,max_hold,3
NVDA,long,2022-10-07,2022-10-10,12.4803,11.5266,221,-0.07641,-210.76,max_hold,3
ABBV,long,2022-10-07,2022-10-10,121.3613,120.3765,22,-0.00811,-21.67,max_hold,3
JNJ,long,2022-10-07,2022-10-10,145.1825,143.7822,19,-0.00965,-26.61,max_hold,3
AMD,long,2022-10-10,2022-10-13,57.3387,59.5702,47,0.03892,104.88,max_hold,3
NVDA,long,2022-10-11,2022-10-14,11.5382,11.4838,238,-0.00472,-12.95,max_hold,3
TSLA,long,2022-10-11,2022-10-14,221.0605,209.935,12,-0.05033,-133.51,stop_loss,3
JPM,long,2022-10-12,2022-10-17,93.6894,110.0164,29,0.17427,473.48,max_hold,5
BAC,long,2022-10-12,2022-10-17,26.9582,31.7833,101,0.17898,487.33,max_hold,5
COST,short,2022-10-12,2022-10-17,452.9156,452.2982,6,0.00136,3.7,max_hold,5
AMD,long,2022-10-14,2022-10-17,59.6298,59.88,46,0.0042,11.51,max_hold,3
MA,short,2022-10-14,2022-10-17,289.6254,297.0783,9,-0.02573,-67.08,max_hold,3
GS,short,2022-10-14,2022-10-17,280.4294,293.6837,9,-0.04726,-119.29,max_hold,3
V,short,2022-10-14,2022-10-17,181.3665,184.1721,15,-0.01547,-42.09,max_hold,3
ADBE,short,2022-10-14,2022-10-17,294.9724,302.8313,9,-0.02664,-70.73,max_hold,3
TSLA,long,2022-10-17,2022-10-20,210.145,206.3168,13,-0.01822,-49.77,max_hold,3
QCOM,long,2022-10-17,2022-10-20,104.7401,102.6423,26,-0.02003,-54.54,max_hold,3
AMD,long,2022-10-18,2022-10-21,59.94,58.5407,46,-0.02334,-64.37,max_hold,3
MSFT,short,2022-10-18,2022-10-21,235.7244,236.4647,11,-0.00314,-8.14,max_hold,3
GS,short,2022-10-18,2022-10-21,293.3901,299.9194,9,-0.02225,-58.76,max_hold,3
MA,short,2022-10-18,2022-10-21,296.7814,298.4012,9,-0.00546,-14.58,max_hold,3
TSLA,long,2022-10-21,2022-10-24,206.5232,209.995,13,0.01681,45.13,max_hold,3
NVDA,long,2022-10-21,2022-10-24,12.0741,12.6563,230,0.04822,133.9,max_hold,3
HD,long,2022-10-21,2022-10-24,243.7923,259.1323,11,0.06292,168.74,max_hold,3
AMD,long,2022-10-24,2022-10-27,58.5993,59.0704,47,0.00804,22.14,max_hold,3
BAC,long,2022-10-24,2022-10-27,31.9333,32.7464,87,0.02546,70.74,max_hold,3
TSLA,long,2022-10-25,2022-10-28,210.2051,226.0769,13,0.07551,206.33,max_hold,3
NVDA,long,2022-10-25,2022-10-28,12.6689,13.7371,219,0.08431,233.92,max_hold,3
GOOGL,long,2022-10-28,2022-10-31,91.5047,94.5638,30,0.03343,91.77,max_hold,3
META,long,2022-10-31,2022-11-02,97.4137,89.2512,28,-0.08379,-228.55,stop_loss,2
AMZN,long,2022-10-31,2022-11-02,103.6118,92.4238,27,-0.10798,-302.08,stop_loss,2
ABBV,long,2022-10-31,2022-11-03,128.0288,128.0595,22,0.00024,0.67,max_hold,3
NVDA,long,2022-11-01,2022-11-04,13.7837,14.1857,203,0.02916,81.6,max_hold,3
GOOGL,long,2022-11-03,2022-11-07,85.6041,88.0746,32,0.02886,79.06,max_hold,4
AMZN,long,2022-11-03,2022-11-07,92.5162,90.7446,30,-0.01915,-53.15,max_hold,4
DVN,long,2022-11-03,2022-11-07,57.8796,61.7661,48,0.06715,186.55,max_hold,4
DVN,long,2022-11-08,2022-11-09,61.8279,58.6517,45,-0.05137,-142.93,stop_loss,1
NVDA,long,2022-11-07,2022-11-10,14.1999,15.76,197,0.10987,307.34,max_hold,3
COP,long,2022-11-07,2022-11-10,117.4508,115.9634,23,-0.01266,-34.21,max_hold,3
AMZN,long,2022-11-08,2022-11-11,90.8354,98.7206,30,0.08681,236.56,max_hold,3
GOOGL,long,2022-11-08,2022-11-11,88.1627,94.2071,31,0.06856,187.38,max_hold,3
DVN,long,2022-11-10,2022-11-14,58.7104,61.8174,47,0.05292,146.03,max_hold,4
CVX,long,2022-11-10,2022-11-14,156.5193,160.5588,17,0.02581,68.67,max_hold,4
V,long,2022-11-10,2022-11-14,197.8316,204.3486,14,0.03294,91.24,max_hold,4
COP,long,2022-11-11,2022-11-14,116.0794,118.5271,24,0.02109,58.74,max_hold,3
TSLA,long,2022-11-11,2022-11-14,186.093,195.7821,15,0.05207,145.34,max_hold,3
UNH,long,2022-11-11,2022-11-14,508.9285,477.2693,5,-0.06221,-158.3,max_hold,3
ABBV,long,2022-11-11,2022-11-14,131.8828,135.143,21,0.02472,68.46,max_hold,3
JNJ,long,2022-11-11,2022-11-14,155.0187,154.3796,18,-0.00412,-11.5,max_hold,3
AMZN,long,2022-11-14,2022-11-17,98.8194,95.902,28,-0.02952,-81.69,max_hold,3
NVDA,long,2022-11-14,2022-11-17,16.186,15.9186,175,-0.01652,-46.8,max_hold,3
TSLA,long,2022-11-15,2022-11-18,195.9779,175.7621,14,-0.10315,-283.02,stop_loss,3
UNH,long,2022-11-15,2022-11-18,477.7468,492.3467,5,0.03056,73.0,max_hold,3
DVN,long,2022-11-15,2022-11-18,61.8793,57.8389,46,-0.06529,-185.86,max_hold,3
COP,long,2022-11-15,2022-11-18,118.6457,110.9412,24,-0.06494,-184.91,max_hold,3
MRK,long,2022-11-15,2022-11-18,89.755,93.7734,31,0.04477,124.57,max_hold,3
JNJ,long,2022-11-15,2022-11-18,154.5341,158.7147,18,0.02705,75.25,max_hold,3
WMT,long,2022-11-15,2022-11-18,46.4567,48.0039,61,0.0333,94.38,max_hold,3
CVX,long,2022-11-15,2022-11-18,160.7194,155.4107,17,-0.03303,-90.25,max_hold,3
AMZN,long,2022-11-18,2022-11-21,95.998,92.5737,29,-0.03567,-99.3,max_hold,3
NVDA,long,2022-11-18,2022-11-21,15.9345,15.2825,178,-0.04092,-116.06,max_hold,3
COP,long,2022-11-21,2022-11-25,111.0522,108.865,25,-0.01969,-54.68,max_hold,4
DVN,long,2022-11-21,2022-11-25,57.8967,56.5041,48,-0.02405,-66.85,max_hold,4
TSLA,long,2022-11-21,2022-11-25,175.9379,179.87,16,0.02235,62.91,max_hold,4
AMZN,long,2022-11-22,2022-11-25,92.6663,93.883,30,0.01313,36.5,max_hold,3
NVDA,long,2022-11-22,2022-11-25,15.2978,15.9784,183,0.04449,124.56,max_hold,3
SLB,long,2022-11-22,2022-11-25,48.4956,45.2399,57,-0.06713,-185.58,max_hold,3
AMZN,long,2022-11-28,2022-12-01,93.977,94.4328,29,0.00485,13.22,max_hold,3
NVDA,long,2022-11-28,2022-12-01,15.9944,16.6138,175,0.03872,108.39,max_hold,3
COP,long,2022-11-28,2022-12-01,108.9739,108.3504,25,-0.00572,-15.59,max_hold,3
DVN,long,2022-11-28,2022-12-01,56.5606,58.1811,49,0.02865,79.4,max_hold,3
SLB,long,2022-11-28,2022-12-01,45.2851,47.0582,62,0.03915,109.93,max_hold,3
GOOGL,long,2022-11-28,2022-12-01,96.2352,98.1303,29,0.01969,54.96,max_hold,3
COP,long,2022-12-02,2022-12-05,108.4588,105.0854,26,-0.0311,-87.71,max_hold,3
XOM,long,2022-12-02,2022-12-05,97.5095,94.2008,29,-0.03393,-95.95,max_hold,3
COST,long,2022-12-02,2022-12-05,477.36,469.364,5,-0.01675,-39.98,max_hold,3
AAPL,long,2022-12-02,2022-12-05,143.5959,144.5432,19,0.0066,18.0,max_hold,3
NVDA,long,2022-12-02,2022-12-05,16.6304,16.4851,170,-0.00874,-24.7,max_hold,3
JPM,long,2022-12-02,2022-12-05,123.775,122.6399,22,-0.00917,-24.97,max_hold,3
BAC,long,2022-12-02,2022-12-05,32.9891,31.5944,85,-0.04228,-118.55,max_hold,3
CRM,long,2022-12-05,2022-12-07,140.4417,126.1827,20,-0.10153,-285.18,stop_loss,2
CVX,long,2022-12-05,2022-12-08,158.1109,148.986,17,-0.05771,-155.12,max_hold,3
GS,long,2022-12-05,2022-12-08,347.8815,327.4832,8,-0.05864,-163.19,max_hold,3
XOM,long,2022-12-06,2022-12-09,94.2951,92.3595,29,-0.02053,-56.13,max_hold,3
COP,long,2022-12-06,2022-12-09,105.1905,98.3955,26,-0.0646,-176.67,stop_loss,3
AMZN,long,2022-12-06,2022-12-09,90.5452,89.1654,30,-0.01524,-41.4,max_hold,3
JPM,long,2022-12-06,2022-12-09,122.7626,121.7297,22,-0.00841,-22.72,max_hold,3
BAC,long,2022-12-06,2022-12-09,31.626,29.5289,88,-0.06631,-184.54,max_hold,3
COST,long,2022-12-06,2022-12-09,469.8335,461.7782,5,-0.01715,-40.28,max_hold,3
NVDA,long,2022-12-06,2022-12-09,16.5016,16.9907,169,0.02964,82.66,max_hold,3
ADBE,long,2022-12-08,2022-12-09,325.8728,334.5926,8,0.02676,69.76,signal_fade,1
GS,long,2022-12-09,2022-12-12,327.8108,343.9349,8,0.04919,128.99,max_hold,3
CVX,long,2022-12-12,2022-12-15,146.2182,145.7262,18,-0.00336,-8.86,max_hold,3
QCOM,long,2022-12-12,2022-12-15,107.388,107.2992,25,-0.00083,-2.22,max_hold,3
COP,long,2022-12-12,2022-12-15,98.494,97.9962,28,-0.00505,-13.94,max_hold,3
XOM,long,2022-12-12,2022-12-15,92.4519,92.235,29,-0.00235,-6.29,max_hold,3
NVDA,long,2022-12-13,2022-12-15,18.4992,16.8182,150,-0.09087,-252.14,stop_loss,2
META,long,2022-12-13,2022-12-16,121.1274,115.7551,22,-0.04435,-118.19,max_hold,3
JPM,long,2022-12-14,2022-12-19,123.1215,120.4149,22,-0.02198,-59.54,max_hold,5
JNJ,long,2022-12-14,2022-12-19,161.3033,158.814,17,-0.01543,-42.32,max_hold,5
WMT,long,2022-12-14,2022-12-19,47.1058,45.7246,59,-0.02932,-81.49,max_hold,5
GS,long,2022-12-15,2022-12-19,325.7615,317.6415,8,-0.02493,-64.96,max_hold,4
QCOM,long,2022-12-16,2022-12-19,107.4065,102.9732,25,-0.04128,-110.83,max_hold,3
TSLA,long,2022-12-16,2022-12-19,159.7198,145.977,17,-0.08604,-233.63,max_hold,3
NVDA,long,2022-12-19,2022-12-22,16.5435,15.1547,164,-0.08395,-227.76,stop_loss,3
TSLA,long,2022-12-20,2022-12-22,146.123,126.3068,18,-0.13561,-356.69,stop_loss,2
QCOM,long,2022-12-20,2022-12-23,103.0762,101.448,26,-0.0158,-42.33,max_hold,3
JNJ,long,2022-12-20,2022-12-23,158.9729,160.718,17,0.01098,29.67,max_hold,3
TSLA,long,2022-12-23,2022-12-27,126.4332,110.2948,21,-0.12764,-338.91,stop_loss,4
MSFT,long,2022-12-23,2022-12-27,229.6891,230.2176,11,0.0023,5.81,max_hold,4
QCOM,long,2022-12-27,2022-12-30,101.5495,101.6236,26,0.00073,1.93,max_hold,3
JNJ,long,2022-12-27,2022-12-30,160.8788,159.4005,16,-0.00919,-23.65,max_hold,3
TSLA,long,2022-12-28,2022-12-30,110.4052,123.1184,24,0.11515,305.12,end_of_period,2
AMD,long,2022-12-28,2022-12-30,62.5713,64.7376,42,0.03462,90.99,end_of_period,2
ABBV,long,2022-12-30,2022-12-30,143.0744,142.3852,18,-0.00482,-12.41,end_of_period,0
TSLA,long,2023-01-04,2023-01-09,109.1646,121.0095,24,0.10851,284.28,max_hold,5
ABBV,long,2023-01-04,2023-01-09,143.2244,142.9314,18,-0.00205,-5.27,max_hold,5
JNJ,long,2023-01-04,2023-01-09,161.5833,158.5433,16,-0.01881,-48.64,max_hold,5
NVDA,long,2023-01-04,2023-01-09,14.542,15.4649,185,0.06347,170.74,max_hold,5
MRK,long,2023-01-04,2023-01-09,101.0764,99.3932,26,-0.01665,-43.76,max_hold,5
JPM,long,2023-01-04,2023-01-09,125.1555,127.621,21,0.0197,51.78,max_hold,5
MSFT,long,2023-01-05,2023-01-09,221.0214,221.3447,12,0.00146,3.88,max_hold,4
TSLA,long,2023-01-10,2023-01-11,121.1305,122.4987,22,0.0113,30.1,signal_fade,1
MSFT,long,2023-01-11,2023-01-11,225.0002,228.6335,12,0.01615,43.6,signal_fade,0
JNJ,long,2023-01-10,2023-01-13,158.7019,157.0093,17,-0.01067,-28.78,max_hold,3
LLY,long,2023-01-10,2023-01-13,339.8256,351.7619,7,0.03512,83.55,max_hold,3
ABBV,long,2023-01-10,2023-01-13,143.0744,136.7924,18,-0.04391,-113.08,max_hold,3
NVDA,long,2023-01-12,2023-01-17,16.0723,17.619,168,0.09623,259.84,max_hold,5
CVX,long,2023-01-13,2023-01-17,153.2811,156.3532,17,0.02004,52.23,max_hold,4
JNJ,long,2023-01-17,2023-01-20,157.1664,152.5878,17,-0.02913,-77.84,max_hold,3
ABBV,long,2023-01-17,2023-01-20,136.9292,133.2881,19,-0.02659,-69.18,max_hold,3
MRK,long,2023-01-17,2023-01-20,100.8154,98.8268,26,-0.01973,-51.7,max_hold,3
NVDA,long,2023-01-18,2023-01-23,17.6366,18.7759,154,0.06459,175.44,max_hold,5
MRK,long,2023-01-23,2023-01-26,98.9257,95.4825,27,-0.03481,-92.97,max_hold,3
ABBV,long,2023-01-23,2023-01-26,133.4214,131.0201,20,-0.018,-48.03,max_hold,3
LLY,long,2023-01-23,2023-01-26,337.4984,336.6747,8,-0.00244,-6.59,max_hold,3
JPM,long,2023-01-23,2023-01-26,125.2733,130.233,21,0.03959,104.15,max_hold,3
HD,long,2023-01-24,2023-01-27,288.0248,288.3852,9,0.00125,3.24,max_hold,3
NVDA,long,2023-01-24,2023-01-27,18.7947,19.8958,145,0.05859,159.67,max_hold,3
MA,long,2023-01-24,2023-01-27,382.7838,362.2614,7,-0.05361,-143.66,max_hold,3
META,long,2023-01-26,2023-01-27,143.2145,148.0353,19,0.03366,91.6,signal_fade,1
MRK,long,2023-01-27,2023-01-30,95.578,95.3836,28,-0.00203,-5.44,max_hold,3
JPM,long,2023-01-27,2023-01-30,130.3633,129.5568,20,-0.00619,-16.13,max_hold,3
LLY,long,2023-01-27,2023-01-30,337.0115,331.3927,8,-0.01667,-44.95,max_hold,3
JNJ,long,2023-01-27,2023-01-30,152.2346,145.9103,17,-0.04154,-107.51,max_hold,3
AMD,long,2023-01-27,2023-01-30,73.7368,72.2239,37,-0.02052,-55.98,max_hold,3
MA,long,2023-01-30,2023-02-02,362.6239,363.5753,7,0.00262,6.66,max_hold,3
NVDA,long,2023-01-30,2023-02-02,19.9157,20.943,137,0.05158,140.73,max_hold,3
META,long,2023-01-31,2023-02-03,146.7354,184.8138,18,0.2595,685.41,max_hold,3
JNJ,long,2023-01-31,2023-02-03,146.0563,148.4821,18,0.01661,43.66,max_hold,3
MRK,long,2023-01-31,2023-02-03,95.4791,92.9833,28,-0.02614,-69.88,max_hold,3
CVX,long,2023-02-01,2023-02-06,150.0093,147.0578,18,-0.01968,-53.13,max_hold,5
JPM,long,2023-02-01,2023-02-06,128.1381,130.9461,21,0.02191,58.97,max_hold,5
LLY,long,2023-02-02,2023-02-06,325.2199,326.889,8,0.00513,13.35,max_hold,4
XOM,long,2023-02-02,2023-02-06,102.2643,99.9738,26,-0.0224,-59.55,max_hold,4
COP,long,2023-02-02,2023-02-06,101.423,96.7864,26,-0.04572,-120.55,max_hold,4
NVDA,long,2023-02-03,2023-02-06,20.9639,21.3239,131,0.01717,47.16,max_hold,3
MA,long,2023-02-03,2023-02-06,363.9391,364.2715,7,0.00091,2.33,max_hold,3
UNH,long,2023-02-07,2023-02-08,440.1857,453.3664,6,0.02994,79.08,signal_fade,1
MRK,long,2023-02-06,2023-02-09,93.0763,96.1658,29,0.03319,89.59,max_hold,3
ADBE,long,2023-02-06,2023-02-09,376.3981,371.4442,7,-0.01316,-34.68,max_hold,3
LLY,long,2023-02-07,2023-02-09,327.216,333.912,8,0.02046,53.57,signal_fade,2
COP,long,2023-02-07,2023-02-10,96.8832,102.1853,28,0.05473,148.46,max_hold,3
NVDA,long,2023-02-07,2023-02-10,21.3453,21.4795,129,0.00629,17.32,max_hold,3
JPM,long,2023-02-07,2023-02-10,131.0771,130.872,21,-0.00156,-4.31,max_hold,3
XOM,long,2023-02-07,2023-02-10,100.0739,105.5208,27,0.05443,147.07,max_hold,3
CVX,long,2023-02-07,2023-02-10,147.2049,148.1386,18,0.00634,16.81,max_hold,3
AMZN,long,2023-02-08,2023-02-13,102.091,98.3608,27,-0.03654,-100.72,max_hold,5
HD,long,2023-02-10,2023-02-13,286.864,292.7498,9,0.02052,52.97,max_hold,3
AMD,long,2023-02-10,2023-02-13,82.3311,82.6586,33,0.00398,10.81,max_hold,3
TSLA,long,2023-02-14,2023-02-14,192.036,211.6541,14,0.10216,274.65,signal_fade,0
QCOM,long,2023-02-13,2023-02-16,119.7868,119.704,23,-0.00069,-1.9,max_hold,3
GOOGL,long,2023-02-14,2023-02-17,93.6468,92.1365,29,-0.01613,-43.8,max_hold,3
HD,long,2023-02-14,2023-02-17,293.0427,278.9985,9,-0.04793,-126.4,max_hold,3
CRM,long,2023-02-15,2023-02-21,166.0615,160.2559,16,-0.03496,-92.89,max_hold,6
COP,long,2023-02-16,2023-02-21,99.5317,94.5898,28,-0.04965,-138.37,max_hold,5
JPM,long,2023-02-16,2023-02-21,132.4956,128.6677,21,-0.02889,-80.39,max_hold,5
AMZN,long,2023-02-17,2023-02-21,97.8489,95.0524,28,-0.02858,-78.3,max_hold,4
LLY,long,2023-02-17,2023-02-21,315.6731,320.7835,8,0.01619,40.88,max_hold,4
GOOGL,long,2023-02-21,2023-02-24,92.2287,89.0356,30,-0.03462,-95.79,max_hold,3
XOM,long,2023-02-21,2023-02-24,99.4262,99.3179,27,-0.00109,-2.92,max_hold,3
MA,long,2023-02-21,2023-02-24,350.1589,348.7108,7,-0.00414,-10.14,max_hold,3
NVDA,long,2023-02-22,2023-02-27,20.6714,23.3085,133,0.12757,350.73,max_hold,5
AMZN,long,2023-02-22,2023-02-27,95.1475,93.0934,29,-0.02159,-59.57,max_hold,5
HD,long,2023-02-22,2023-02-27,271.9655,269.3653,10,-0.00956,-26.0,max_hold,5
JPM,long,2023-02-22,2023-02-27,128.7964,132.391,21,0.02791,75.49,max_hold,5
QCOM,long,2023-02-27,2023-03-02,117.0479,115.3109,23,-0.01484,-39.95,max_hold,3
XOM,long,2023-02-27,2023-03-02,99.4173,98.6456,27,-0.00776,-20.83,max_hold,3
AMZN,long,2023-02-28,2023-03-03,93.1866,95.1424,29,0.02099,56.72,max_hold,3
JPM,long,2023-02-28,2023-03-03,132.5234,132.8541,20,0.0025,6.61,max_hold,3
ADBE,long,2023-02-28,2023-03-03,323.5317,344.1578,8,0.06375,165.01,max_hold,3
GS,long,2023-03-01,2023-03-06,323.3829,328.7554,8,0.01661,42.98,max_hold,5
LLY,long,2023-03-01,2023-03-06,302.8274,311.3077,9,0.028,76.32,max_hold,5
ABBV,long,2023-03-01,2023-03-06,136.0033,138.3666,20,0.01738,47.27,max_hold,5
COST,long,2023-03-01,2023-03-06,461.4813,465.8114,6,0.00938,25.98,max_hold,5
MRK,long,2023-03-01,2023-03-06,95.3531,100.4809,29,0.05378,148.71,max_hold,5
TSLA,long,2023-03-03,2023-03-06,194.8974,191.2843,14,-0.01854,-50.58,max_hold,3
JPM,long,2023-03-06,2023-03-09,132.987,119.4427,21,-0.10185,-284.43,stop_loss,3
TSLA,long,2023-03-07,2023-03-09,191.4757,175.0424,14,-0.08582,-230.07,stop_loss,2
ABBV,long,2023-03-07,2023-03-10,138.5051,132.5232,20,-0.04319,-119.64,max_hold,3
QCOM,long,2023-03-07,2023-03-10,114.0206,105.797,24,-0.07212,-197.37,max_hold,3
GS,long,2023-03-07,2023-03-10,329.0844,295.5794,8,-0.10181,-268.04,stop_loss,3
META,long,2023-03-09,2023-03-13,184.8202,185.8541,15,0.00559,15.51,max_hold,4
JPM,long,2023-03-10,2023-03-13,119.5622,125.2963,23,0.04796,131.88,max_hold,3
TSLA,long,2023-03-10,2023-03-13,175.2176,177.2213,15,0.01144,30.06,max_hold,3
GS,long,2023-03-13,2023-03-16,295.8752,286.7213,9,-0.03094,-82.38,max_hold,3
JPM,long,2023-03-14,2023-03-17,125.4217,117.6181,21,-0.06222,-163.88,stop_loss,3
XOM,long,2023-03-14,2023-03-17,95.4244,89.3054,28,-0.06412,-171.33,max_hold,3
TSLA,long,2023-03-14,2023-03-17,177.3987,177.991,15,0.00334,8.88,max_hold,3
ABBV,long,2023-03-15,2023-03-20,135.4869,139.3183,20,0.02828,76.63,max_hold,5
COP,long,2023-03-16,2023-03-20,82.593,87.9628,33,0.06501,177.2,max_hold,4
CVX,long,2023-03-16,2023-03-20,131.1207,137.096,20,0.04557,119.51,max_hold,4
GS,long,2023-03-17,2023-03-20,287.0082,293.6839,9,0.02326,60.08,max_hold,3
JPM,long,2023-03-20,2023-03-23,117.7358,116.3585,23,-0.0117,-31.68,max_hold,3
MRK,long,2023-03-20,2023-03-23,94.983,94.2272,28,-0.00796,-21.16,max_hold,3
XOM,long,2023-03-20,2023-03-23,89.3948,90.9548,30,0.01745,46.8,max_hold,3
TSLA,long,2023-03-20,2023-03-23,178.169,191.5542,15,0.07513,200.78,max_hold,3
ABBV,long,2023-03-21,2023-03-24,139.4577,141.2661,19,0.01297,34.36,max_hold,3
CVX,long,2023-03-21,2023-03-24,137.2332,137.3053,20,0.00053,1.44,max_hold,3
JNJ,long,2023-03-22,2023-03-27,139.9653,138.4985,19,-0.01048,-27.87,max_hold,5
MRK,long,2023-03-24,2023-03-27,94.3215,96.5084,29,0.02319,63.42,max_hold,3
JPM,long,2023-03-24,2023-03-27,116.4749,119.2112,23,0.02349,62.93,max_hold,3
ABBV,long,2023-03-30,2023-04-03,140.6774,142.7603,19,0.01481,39.58,max_hold,4
AMD,long,2023-03-30,2023-04-03,98.049,96.9915,28,-0.01079,-29.61,max_hold,4
V,long,2023-03-31,2023-04-03,218.2372,223.2843,12,0.02313,60.57,max_hold,3
CRM,long,2023-04-04,2023-04-10,194.8776,185.7519,14,-0.04683,-127.76,max_hold,6
AMD,long,2023-04-04,2023-04-10,97.0885,96.012,28,-0.01109,-30.14,max_hold,6
QCOM,long,2023-04-04,2023-04-10,116.3013,116.4827,23,0.00156,4.17,max_hold,6
ABBV,long,2023-04-05,2023-04-10,142.4491,143.632,19,0.0083,22.47,max_hold,5
JPM,long,2023-04-05,2023-04-10,118.4822,119.764,23,0.01082,29.48,max_hold,5
TSLA,long,2023-04-11,2023-04-14,186.7833,186.2268,14,-0.00298,-7.79,max_hold,3
CRM,long,2023-04-11,2023-04-14,185.9377,191.7452,14,0.03123,81.3,max_hold,3
ADBE,long,2023-04-11,2023-04-14,374.197,379.4202,7,0.01396,36.56,max_hold,3
COST,long,2023-04-14,2023-04-17,475.956,475.394,5,-0.00118,-2.81,max_hold,3
QCOM,long,2023-04-17,2023-04-20,110.9019,109.6193,25,-0.01157,-32.07,max_hold,3
MSFT,long,2023-04-17,2023-04-20,282.7519,277.6759,9,-0.01795,-45.68,max_hold,3
TSLA,long,2023-04-17,2023-04-20,186.4132,164.7176,14,-0.11638,-303.74,stop_loss,3
ABBV,long,2023-04-18,2023-04-21,144.6581,145.9227,19,0.00874,24.03,max_hold,3
UNH,long,2023-04-18,2023-04-21,472.3548,452.9012,5,-0.04118,-97.27,max_hold,3
COST,long,2023-04-18,2023-04-21,475.8697,484.9766,5,0.01914,45.53,max_hold,3
JNJ,long,2023-04-19,2023-04-24,147.3707,149.3319,18,0.01331,35.3,max_hold,5
TSLA,long,2023-04-21,2023-04-24,164.8824,159.7401,16,-0.03119,-82.28,max_hold,3
META,long,2023-04-21,2023-04-24,208.4843,208.8803,13,0.0019,5.15,max_hold,3
QCOM,long,2023-04-21,2023-04-24,109.729,108.5684,25,-0.01058,-29.01,max_hold,3
ABBV,long,2023-04-24,2023-04-27,146.0687,132.8178,18,-0.09072,-238.52,stop_loss,3
UNH,long,2023-04-24,2023-04-27,453.3543,457.848,6,0.00991,26.96,max_hold,3
TSLA,long,2023-04-25,2023-04-28,159.8999,163.0884,17,0.01994,54.2,max_hold,3
AMD,long,2023-04-25,2023-04-28,86.9435,90.9845,31,0.04648,125.27,max_hold,3
META,long,2023-04-26,2023-05-01,210.7555,240.9426,13,0.14323,392.43,max_hold,5
COP,long,2023-04-27,2023-05-01,90.7277,91.025,30,0.00328,8.92,max_hold,4
CVX,long,2023-04-27,2023-05-01,145.3278,144.2142,18,-0.00766,-20.04,max_hold,4
ABBV,long,2023-04-28,2023-05-01,132.9507,137.8264,20,0.03667,97.51,max_hold,3
WMT,long,2023-04-28,2023-05-01,48.6495,48.6587,56,0.00019,0.52,max_hold,3
HD,long,2023-04-28,2023-05-01,270.455,274.4797,10,0.01488,40.25,max_hold,3
UNH,long,2023-04-28,2023-05-01,458.3061,463.994,6,0.01241,34.13,max_hold,3
CVX,long,2023-05-02,2023-05-05,144.3585,140.943,19,-0.02366,-64.9,max_hold,3
XOM,long,2023-05-02,2023-05-05,102.2347,99.049,27,-0.03116,-86.01,max_hold,3
ABBV,long,2023-05-02,2023-05-05,137.9643,132.9793,20,-0.03613,-99.7,max_hold,3
WMT,long,2023-05-02,2023-05-05,48.7073,48.779,57,0.00147,4.08,max_hold,3
AMZN,long,2023-05-02,2023-05-05,101.5207,104.9875,27,0.03415,93.6,max_hold,3
COP,long,2023-05-02,2023-05-05,91.1161,92.1168,30,0.01098,30.02,max_hold,3
V,long,2023-05-03,2023-05-05,221.5361,225.4781,12,0.01779,47.3,signal_fade,2
JNJ,long,2023-05-03,2023-05-08,150.6094,147.0052,18,-0.02393,-64.87,max_hold,5
UNH,long,2023-05-03,2023-05-08,463.6611,461.7362,5,-0.00415,-9.62,max_hold,5
COST,long,2023-05-03,2023-05-08,476.3492,477.2114,5,0.00181,4.31,max_hold,5
WMT,long,2023-05-08,2023-05-11,48.8278,49.5303,56,0.01439,39.34,max_hold,3
JNJ,long,2023-05-09,2023-05-12,147.1523,146.1419,18,-0.00687,-18.19,max_hold,3
ADBE,long,2023-05-09,2023-05-12,342.6712,337.1813,8,-0.01602,-43.92,max_hold,3
XOM,long,2023-05-09,2023-05-12,97.21,95.3968,28,-0.01865,-50.77,max_hold,3
GS,long,2023-05-09,2023-05-12,300.8454,296.2729,9,-0.0152,-41.15,max_hold,3
CVX,long,2023-05-09,2023-05-12,138.0627,137.157,20,-0.00656,-18.11,max_hold,3
ABBV,long,2023-05-09,2023-05-12,132.4475,132.5485,20,0.00076,2.02,max_hold,3
HD,long,2023-05-09,2023-05-12,263.4582,266.6438,10,0.01209,31.86,max_hold,3
JPM,long,2023-05-11,2023-05-15,126.1443,126.4477,21,0.0024,6.37,max_hold,4
WMT,long,2023-05-12,2023-05-15,49.5799,48.6436,55,-0.01889,-51.5,max_hold,3
ADBE,long,2023-05-15,2023-05-17,337.5187,356.8215,8,0.05719,154.42,signal_fade,2
JNJ,long,2023-05-15,2023-05-18,146.2881,144.1333,18,-0.01473,-38.79,max_hold,3
WMT,long,2023-05-16,2023-05-19,48.6922,48.2727,56,-0.00862,-23.49,max_hold,3
JPM,long,2023-05-16,2023-05-19,126.5742,131.6191,21,0.03986,105.94,max_hold,3
MRK,long,2023-05-16,2023-05-19,105.0051,104.538,26,-0.00445,-12.14,max_hold,3
XOM,long,2023-05-17,2023-05-22,93.5735,95.8308,29,0.02412,65.46,max_hold,5
COST,long,2023-05-18,2023-05-22,475.8049,467.8104,5,-0.0168,-39.97,max_hold,4
UNH,long,2023-05-19,2023-05-22,449.7625,446.1275,6,-0.00808,-21.81,max_hold,3
JNJ,long,2023-05-19,2023-05-22,144.2775,143.8564,19,-0.00292,-8.0,max_hold,3
V,long,2023-05-19,2023-05-22,228.833,223.9834,12,-0.02119,-58.2,max_hold,3
MRK,long,2023-05-22,2023-05-25,104.6426,101.3877,26,-0.0311,-84.63,max_hold,3
WMT,long,2023-05-22,2023-05-25,48.321,46.9829,57,-0.02769,-76.27,max_hold,3
LLY,long,2023-05-23,2023-05-26,424.0034,414.6465,6,-0.02207,-56.14,max_hold,3
JNJ,long,2023-05-23,2023-05-26,144.0003,140.9903,19,-0.0209,-57.19,max_hold,3
COST,long,2023-05-23,2023-05-26,468.2785,489.5316,5,0.04539,106.27,max_hold,3
V,long,2023-05-24,2023-05-30,217.6359,214.8881,12,-0.01263,-32.97,max_hold,6
MA,long,2023-05-24,2023-05-30,363.1043,358.4498,7,-0.01282,-32.58,max_hold,6
JPM,long,2023-05-25,2023-05-30,125.9762,127.6331,21,0.01315,34.8,max_hold,5
MRK,long,2023-05-26,2023-05-30,101.4892,98.1922,27,-0.03249,-89.02,max_hold,4
LLY,long,2023-05-30,2023-06-02,415.0614,433.442,6,0.04428,110.28,max_hold,3
ABBV,long,2023-05-30,2023-06-02,121.7374,122.9711,22,0.01013,27.14,max_hold,3
MRK,long,2023-05-31,2023-06-05,98.2904,102.7909,28,0.04579,126.01,max_hold,5
V,long,2023-05-31,2023-06-05,215.1031,221.4629,12,0.02957,76.32,max_hold,5
MA,long,2023-05-31,2023-06-05,358.8084,366.2572,7,0.02076,52.14,max_hold,5
JPM,long,2023-05-31,2023-06-05,127.7608,129.4534,21,0.01325,35.54,max_hold,5
XOM,long,2023-06-01,2023-06-05,92.0892,94.1671,29,0.02256,60.26,max_hold,4
HD,long,2023-06-01,2023-06-05,263.3891,270.3235,10,0.02633,69.34,max_hold,4
CVX,long,2023-06-01,2023-06-05,133.4099,135.0647,20,0.0124,33.1,max_hold,4
GOOGL,long,2023-06-01,2023-06-05,121.8014,124.84,22,0.02495,66.85,max_hold,4
AMD,long,2023-06-06,2023-06-09,117.969,128.4557,23,0.08889,241.2,max_hold,3
JPM,long,2023-06-06,2023-06-09,129.583,131.6844,21,0.01622,44.13,max_hold,3
CRM,long,2023-06-06,2023-06-09,205.1059,212.3678,13,0.03541,94.41,max_hold,3
MA,long,2023-06-06,2023-06-09,366.6236,364.018,7,-0.00711,-18.24,max_hold,3
AVGO,long,2023-06-07,2023-06-12,75.818,82.5807,36,0.0892,243.46,max_hold,5
MRK,long,2023-06-07,2023-06-12,99.3416,98.3008,28,-0.01048,-29.14,max_hold,5
JNJ,long,2023-06-07,2023-06-12,144.9169,146.2647,19,0.0093,25.61,max_hold,5
LLY,long,2023-06-08,2023-06-12,426.9023,434.0976,6,0.01685,43.17,max_hold,4
V,long,2023-06-09,2023-06-12,218.7018,220.4175,12,0.00785,20.59,max_hold,3
META,long,2023-06-12,2023-06-15,264.9767,282.1301,10,0.06474,171.53,max_hold,3
MSFT,long,2023-06-12,2023-06-15,321.1455,343.0279,8,0.06814,175.06,max_hold,3
MRK,long,2023-06-13,2023-06-16,98.3992,99.4041,28,0.01021,28.14,max_hold,3
JNJ,long,2023-06-13,2023-06-16,146.411,150.4128,19,0.02733,76.03,max_hold,3
CRM,long,2023-06-13,2023-06-16,211.9411,204.9991,13,-0.03275,-90.25,max_hold,3
LLY,long,2023-06-13,2023-06-16,434.532,436.2403,6,0.00393,10.25,max_hold,3
JPM,long,2023-06-13,2023-06-16,131.2649,133.122,21,0.01415,39.0,max_hold,3
V,long,2023-06-14,2023-06-20,218.7996,220.906,12,0.00963,25.28,max_hold,6
MA,long,2023-06-14,2023-06-20,366.6039,367.249,7,0.00176,4.52,max_hold,6
XOM,long,2023-06-14,2023-06-20,97.248,92.6753,29,-0.04702,-132.61,max_hold,6
AMD,long,2023-06-16,2023-06-20,125.8829,118.4308,22,-0.0592,-163.95,max_hold,4
AMZN,long,2023-06-16,2023-06-20,127.7739,125.5772,22,-0.01719,-48.33,max_hold,4
UNH,long,2023-06-20,2023-06-23,430.1103,449.8028,6,0.04578,118.15,max_hold,3
GOOGL,long,2023-06-20,2023-06-23,121.9105,119.6388,23,-0.01863,-52.25,max_hold,3
JNJ,long,2023-06-20,2023-06-23,150.5633,151.0721,18,0.00338,9.16,max_hold,3
JPM,long,2023-06-20,2023-06-23,133.2551,129.6308,21,-0.0272,-76.11,max_hold,3
CVX,long,2023-06-20,2023-06-23,137.6864,133.5584,20,-0.02998,-82.56,max_hold,3
AMD,long,2023-06-21,2023-06-23,118.5492,110.8945,23,-0.06457,-176.06,stop_loss,2
COP,long,2023-06-21,2023-06-26,92.4211,92.1626,30,-0.0028,-7.75,max_hold,5
XOM,long,2023-06-21,2023-06-26,92.768,94.0767,30,0.01411,39.26,max_hold,5
AMZN,long,2023-06-21,2023-06-26,125.7028,128.5657,22,0.02277,62.98,max_hold,5
V,long,2023-06-21,2023-06-26,221.127,222.2347,12,0.00501,13.29,max_hold,5
GS,long,2023-06-26,2023-06-29,293.894,303.5598,9,0.03289,86.99,max_hold,3
AMD,long,2023-06-26,2023-06-29,111.0055,112.9735,25,0.01773,49.2,max_hold,3
GOOGL,long,2023-06-26,2023-06-29,119.7585,119.0542,23,-0.00588,-16.2,max_hold,3
JPM,long,2023-06-26,2023-06-29,129.7605,134.9796,21,0.04022,109.6,max_hold,3
CVX,long,2023-06-26,2023-06-29,133.692,138.7027,21,0.03748,105.23,max_hold,3
JNJ,long,2023-06-27,2023-06-30,150.0316,150.486,18,0.00303,8.18,max_hold,3
TSLA,long,2023-06-27,2023-06-30,243.3616,276.3517,11,0.13556,362.89,max_hold,3
ABBV,long,2023-06-28,2023-07-03,119.1408,121.3375,23,0.01844,50.52,max_hold,5
WMT,long,2023-06-29,2023-07-03,49.8736,51.0008,56,0.0226,63.12,max_hold,4
GOOGL,long,2023-06-30,2023-07-03,119.1733,118.1329,23,-0.00873,-23.93,max_hold,3
META,long,2023-06-30,2023-07-03,282.4223,285.0034,10,0.00914,25.81,max_hold,3
JPM,long,2023-06-30,2023-07-03,135.1146,136.2261,21,0.00823,23.34,max_hold,3
MRK,long,2023-06-30,2023-07-03,103.8001,103.9242,27,0.0012,3.35,max_hold,3
JNJ,long,2023-07-03,2023-07-06,150.6366,146.9423,18,-0.02452,-66.5,max_hold,3
ADBE,long,2023-07-03,2023-07-06,486.6332,481.739,5,-0.01006,-24.47,max_hold,3
COP,long,2023-07-03,2023-07-06,94.94,91.7429,30,-0.03367,-95.91,max_hold,3
GOOGL,long,2023-07-05,2023-07-10,118.2511,115.2103,24,-0.02571,-72.98,max_hold,5
AMZN,long,2023-07-05,2023-07-10,130.3051,127.6861,21,-0.0201,-55.0,max_hold,5
LLY,long,2023-07-05,2023-07-10,452.5824,440.2911,6,-0.02716,-73.75,max_hold,5
JPM,long,2023-07-06,2023-07-10,134.556,137.5419,21,0.02219,62.7,max_hold,4
JNJ,long,2023-07-07,2023-07-10,147.0893,145.7153,19,-0.00934,-26.11,max_hold,3
QCOM,long,2023-07-07,2023-07-10,108.1475,110.315,26,0.02004,56.36,max_hold,3
XOM,long,2023-07-07,2023-07-10,92.2431,95.1707,30,0.03174,87.83,max_hold,3
MRK,long,2023-07-10,2023-07-13,99.5583,96.8343,28,-0.02736,-76.27,max_hold,3
CRM,long,2023-07-11,2023-07-13,218.3927,225.6808,13,0.03337,94.74,signal_fade,2
GOOGL,long,2023-07-11,2023-07-14,115.3255,124.7707,24,0.0819,226.68,max_hold,3
JNJ,long,2023-07-11,2023-07-14,145.8611,146.283,19,0.00289,8.02,max_hold,3
QCOM,long,2023-07-11,2023-07-14,110.4254,114.5572,25,0.03742,103.29,max_hold,3
WMT,long,2023-07-11,2023-07-14,49.9576,49.7883,57,-0.00339,-9.65,max_hold,3
UNH,long,2023-07-14,2023-07-14,435.5721,452.5967,6,0.03909,102.15,signal_fade,0
LLY,long,2023-07-12,2023-07-17,429.439,437.3069,6,0.01832,47.21,max_hold,5
CVX,long,2023-07-14,2023-07-17,138.4447,134.4834,20,-0.02861,-79.23,max_hold,3
JNJ,long,2023-07-17,2023-07-20,146.4294,154.0024,19,0.05172,143.89,max_hold,3
MRK,long,2023-07-17,2023-07-20,97.6427,99.0852,29,0.01477,41.83,max_hold,3
XOM,long,2023-07-17,2023-07-20,91.157,94.1762,31,0.03312,93.59,max_hold,3
GOOGL,long,2023-07-17,2023-07-20,124.8955,119.5001,23,-0.0432,-124.09,max_hold,3
CVX,long,2023-07-18,2023-07-21,134.6179,141.3542,21,0.05004,141.46,max_hold,3
LLY,long,2023-07-18,2023-07-21,437.7444,452.0322,6,0.03264,85.73,max_hold,3
QCOM,long,2023-07-18,2023-07-21,114.6624,116.7953,25,0.0186,53.32,max_hold,3
AMD,long,2023-07-20,2023-07-24,115.0175,111.0844,24,-0.0342,-94.39,max_hold,4
DVN,long,2023-07-20,2023-07-24,46.2587,47.8558,62,0.03453,99.02,max_hold,4
TSLA,long,2023-07-21,2023-07-24,268.134,272.2438,10,0.01533,41.1,max_hold,3
WMT,long,2023-07-21,2023-07-24,50.9679,51.7424,56,0.0152,43.38,max_hold,3
META,long,2023-07-24,2023-07-27,293.3518,313.9645,9,0.07027,185.51,max_hold,3
JNJ,long,2023-07-24,2023-07-27,157.1996,159.3317,18,0.01356,38.38,max_hold,3
CVX,long,2023-07-24,2023-07-27,141.4956,139.5396,20,-0.01382,-39.12,max_hold,3
TSLA,long,2023-07-25,2023-07-28,272.5162,267.3463,10,-0.01897,-51.7,max_hold,3
AMZN,long,2023-07-25,2023-07-28,129.3747,133.1334,22,0.02905,82.69,max_hold,3
MSFT,long,2023-07-28,2023-07-31,326.1205,327.2785,8,0.00355,9.26,max_hold,3
CVX,long,2023-07-28,2023-07-31,139.6792,144.1465,20,0.03198,89.35,max_hold,3
CRM,long,2023-07-31,2023-08-03,218.678,212.6233,13,-0.02769,-78.71,max_hold,3
AVGO,long,2023-07-31,2023-08-03,86.6136,85.32,33,-0.01494,-42.69,max_hold,3
UNH,long,2023-07-31,2023-08-03,473.6629,479.7745,6,0.0129,36.67,max_hold,3
TSLA,long,2023-08-01,2023-08-04,266.3931,251.3243,10,-0.05657,-150.69,max_hold,3
CVX,long,2023-08-01,2023-08-04,144.2908,141.8299,20,-0.01706,-49.22,max_hold,3
CRM,long,2023-08-04,2023-08-07,212.836,209.8134,13,-0.0142,-39.29,max_hold,3
AMZN,long,2023-08-04,2023-08-07,141.1305,140.5497,20,-0.00412,-11.62,max_hold,3
AAPL,long,2023-08-07,2023-08-10,179.7018,175.0171,16,-0.02607,-74.96,max_hold,3
CVX,long,2023-08-07,2023-08-10,141.9718,141.3806,20,-0.00416,-11.82,max_hold,3
QCOM,long,2023-08-08,2023-08-11,109.6754,106.644,26,-0.02764,-78.82,max_hold,3
TSLA,long,2023-08-08,2023-08-11,247.5737,235.5821,11,-0.04844,-131.91,max_hold,3
WMT,long,2023-08-08,2023-08-11,51.9653,52.4247,55,0.00884,25.27,max_hold,3
AVGO,long,2023-08-11,2023-08-14,80.4865,81.8714,35,0.01721,48.47,max_hold,3
CVX,long,2023-08-11,2023-08-14,141.5221,143.9352,20,0.01705,48.26,max_hold,3
TSLA,long,2023-08-14,2023-08-17,235.8178,214.0129,12,-0.09247,-261.66,stop_loss,3
AMD,long,2023-08-14,2023-08-17,106.8034,102.3488,27,-0.04171,-120.27,max_hold,3
JPM,long,2023-08-14,2023-08-17,144.5193,138.7732,19,-0.03976,-109.18,max_hold,3
WMT,long,2023-08-14,2023-08-17,52.4772,50.2598,54,-0.04225,-119.74,max_hold,3
QCOM,long,2023-08-15,2023-08-18,106.2446,102.8608,27,-0.03185,-91.36,max_hold,3
CVX,long,2023-08-15,2023-08-18,144.0792,143.3619,20,-0.00498,-14.35,max_hold,3
GS,long,2023-08-16,2023-08-21,308.2655,300.4481,9,-0.02536,-70.36,max_hold,5
TSLA,long,2023-08-18,2023-08-21,214.2271,240.1299,13,0.12091,336.74,max_hold,3
META,long,2023-08-18,2023-08-21,276.7393,289.8583,10,0.04741,131.19,max_hold,3
JPM,long,2023-08-18,2023-08-21,138.912,140.2864,20,0.00989,27.49,max_hold,3
COST,long,2023-08-18,2023-08-21,525.7114,520.4232,5,-0.01006,-26.44,max_hold,3
UNH,long,2023-08-18,2023-08-21,465.9223,466.0587,6,0.00029,0.82,max_hold,3
ADBE,long,2023-08-21,2023-08-21,510.5452,529.4551,5,0.03704,94.55,signal_fade,0
CVX,long,2023-08-21,2023-08-24,143.5053,141.4676,19,-0.0142,-38.72,max_hold,3
UNH,long,2023-08-23,2023-08-24,464.2461,460.8846,6,-0.00724,-20.17,signal_fade,1
GS,long,2023-08-22,2023-08-25,300.7487,299.3859,9,-0.00453,-12.26,max_hold,3
JPM,long,2023-08-22,2023-08-25,140.4267,138.698,20,-0.01231,-34.57,max_hold,3
COST,long,2023-08-22,2023-08-25,520.9439,515.6724,5,-0.01012,-26.36,max_hold,3
AMD,long,2023-08-23,2023-08-28,105.7028,102.0589,27,-0.03447,-98.38,max_hold,5
META,long,2023-08-23,2023-08-28,286.1316,285.9248,10,-0.00072,-2.07,max_hold,5
GOOGL,long,2023-08-23,2023-08-28,129.1003,131.0122,22,0.01481,42.06,max_hold,5
ABBV,long,2023-08-24,2023-08-28,133.4707,134.3084,21,0.00628,17.59,max_hold,4
COP,long,2023-08-24,2023-08-28,105.6636,108.0048,27,0.02216,63.21,max_hold,4
CVX,long,2023-08-25,2023-08-28,141.6091,143.104,20,0.01056,29.9,max_hold,3
JNJ,long,2023-08-28,2023-08-31,152.3397,148.8854,18,-0.02267,-62.18,max_hold,3
SLB,long,2023-08-28,2023-08-31,52.4952,55.4344,54,0.05599,158.72,max_hold,3
JPM,long,2023-08-28,2023-08-31,138.8368,137.3069,20,-0.01102,-30.6,max_hold,3
COST,long,2023-08-28,2023-08-31,516.1883,532.0952,5,0.03082,79.53,max_hold,3
CVX,long,2023-08-29,2023-09-01,143.2472,146.9904,20,0.02613,74.87,max_hold,3
AMZN,long,2023-08-29,2023-09-01,133.4467,137.6611,21,0.03158,88.5,max_hold,3
AMD,long,2023-08-29,2023-09-01,102.1611,108.9455,28,0.06641,189.96,max_hold,3
GOOGL,long,2023-08-29,2023-09-01,131.1433,134.1825,21,0.02317,63.82,max_hold,3
COP,long,2023-08-29,2023-09-01,108.1128,112.5042,26,0.04062,114.18,max_hold,3
ABBV,long,2023-08-29,2023-09-01,134.4427,134.7712,21,0.00244,6.9,max_hold,3
MRK,long,2023-09-01,2023-09-05,100.0236,97.2899,28,-0.02733,-76.54,max_hold,4
JPM,long,2023-09-01,2023-09-05,137.4443,136.0005,21,-0.0105,-30.32,max_hold,4
JNJ,long,2023-09-01,2023-09-05,149.0344,147.4281,19,-0.01078,-30.52,max_hold,4
UNH,long,2023-09-05,2023-09-07,450.121,453.4898,6,0.00748,20.21,signal_fade,2
CVX,long,2023-09-05,2023-09-08,147.1375,149.4806,19,0.01592,44.52,max_hold,3
ABBV,long,2023-09-06,2023-09-11,132.7257,135.6788,21,0.02225,62.01,max_hold,5
JPM,long,2023-09-06,2023-09-11,136.1366,135.8126,21,-0.00238,-6.8,max_hold,5
MRK,long,2023-09-07,2023-09-11,97.5241,98.8027,29,0.01311,37.08,max_hold,4
AMZN,long,2023-09-07,2023-09-11,133.9669,142.2488,21,0.06182,173.92,max_hold,4
AVGO,long,2023-09-08,2023-09-11,82.5121,81.9707,35,-0.00656,-18.95,max_hold,3
MRK,long,2023-09-12,2023-09-15,98.9016,98.8799,29,-0.00022,-0.63,max_hold,3
ABBV,long,2023-09-13,2023-09-18,135.7418,139.6629,21,0.02889,82.34,max_hold,5
AAPL,long,2023-09-14,2023-09-18,171.912,175.2145,16,0.01921,52.84,max_hold,4
COP,long,2023-09-14,2023-09-18,113.2864,115.3175,25,0.01793,50.78,max_hold,4
ADBE,long,2023-09-15,2023-09-18,532.376,531.0843,5,-0.00243,-6.46,max_hold,3
AMD,long,2023-09-18,2023-09-21,100.8704,96.8715,28,-0.03964,-111.97,max_hold,3
HD,long,2023-09-18,2023-09-21,298.7683,285.4182,9,-0.04468,-120.15,max_hold,3
LLY,long,2023-09-19,2023-09-22,561.0466,539.3851,5,-0.03861,-108.31,max_hold,3
AVGO,long,2023-09-19,2023-09-22,81.6426,80.2614,35,-0.01692,-48.34,max_hold,3
ABBV,long,2023-09-20,2023-09-25,139.9571,140.1257,20,0.00121,3.37,max_hold,5
MSFT,long,2023-09-21,2023-09-25,312.6971,308.3434,9,-0.01392,-39.18,max_hold,4
AMZN,long,2023-09-22,2023-09-25,131.1756,130.0549,22,-0.00854,-24.65,max_hold,3
COP,long,2023-09-22,2023-09-25,110.0025,109.7826,26,-0.002,-5.72,max_hold,3
TSLA,long,2023-09-25,2023-09-28,243.5017,249.875,11,0.02617,70.11,max_hold,3
WMT,long,2023-09-25,2023-09-28,52.597,52.7581,55,0.00306,8.86,max_hold,3
GOOGL,long,2023-09-26,2023-09-29,128.6937,129.9917,22,0.01009,28.56,max_hold,3
ADBE,long,2023-09-26,2023-09-29,510.3951,507.9859,5,-0.00472,-12.05,max_hold,3
JNJ,long,2023-09-26,2023-09-29,147.5479,143.3513,19,-0.02844,-79.74,max_hold,3
MRK,long,2023-09-28,2023-10-02,96.0399,93.8061,30,-0.02326,-67.01,max_hold,4
JPM,long,2023-09-28,2023-10-02,137.6231,134.5907,21,-0.02203,-63.68,max_hold,4
AMZN,long,2023-09-29,2023-10-02,128.2641,127.996,22,-0.00209,-5.9,max_hold,3
ABBV,long,2023-09-29,2023-10-02,138.5035,134.1631,20,-0.03134,-86.81,max_hold,3
WMT,long,2023-09-29,2023-10-02,52.8108,51.6772,55,-0.02147,-62.35,max_hold,3
COP,long,2023-10-02,2023-10-05,110.8496,105.3419,26,-0.04969,-143.2,max_hold,3
LLY,long,2023-10-02,2023-10-05,526.0955,533.4039,5,0.01389,36.54,max_hold,3
GOOGL,long,2023-10-02,2023-10-05,130.1218,132.7657,22,0.02032,58.17,max_hold,3
CVX,long,2023-10-02,2023-10-05,149.8616,146.1277,19,-0.02492,-70.94,max_hold,3
ABBV,long,2023-10-03,2023-10-06,134.2973,134.5625,21,0.00197,5.57,max_hold,3
WMT,long,2023-10-03,2023-10-06,51.7289,50.1854,55,-0.02984,-84.89,max_hold,3
GS,long,2023-10-04,2023-10-09,286.6774,295.4283,10,0.03053,87.51,max_hold,5
HD,long,2023-10-04,2023-10-09,273.7589,276.5897,10,0.01034,28.31,max_hold,5
XOM,long,2023-10-05,2023-10-09,100.1895,101.2015,28,0.0101,28.33,max_hold,4
CVX,long,2023-10-06,2023-10-09,146.2739,148.3155,19,0.01396,38.79,max_hold,3
COP,long,2023-10-06,2023-10-09,105.4473,111.669,27,0.059,167.99,max_hold,3
ABBV,long,2023-10-09,2023-10-12,134.6971,136.5327,21,0.01363,38.55,max_hold,3
CVX,long,2023-10-10,2023-10-13,148.4639,147.0438,19,-0.00957,-26.98,max_hold,3
COST,long,2023-10-10,2023-10-13,539.2243,548.0848,5,0.01643,44.3,max_hold,3
XOM,long,2023-10-11,2023-10-16,97.5981,100.0256,29,0.02487,70.4,max_hold,5
GOOGL,long,2023-10-11,2023-10-16,137.4307,137.3428,21,-0.00064,-1.84,max_hold,5
ABBV,long,2023-10-13,2023-10-16,136.6693,135.0477,21,-0.01186,-34.05,max_hold,3
QCOM,long,2023-10-16,2023-10-19,102.9847,105.1735,28,0.02125,61.29,max_hold,3
TSLA,long,2023-10-18,2023-10-19,252.8263,216.9015,11,-0.14209,-395.17,stop_loss,1
ABBV,long,2023-10-17,2023-10-20,135.1828,133.9753,21,-0.00893,-25.36,max_hold,3
CVX,long,2023-10-17,2023-10-20,146.7368,145.2295,19,-0.01027,-28.64,max_hold,3
JPM,long,2023-10-18,2023-10-23,138.9324,133.6807,20,-0.0378,-105.03,max_hold,5
AMD,long,2023-10-18,2023-10-23,103.4317,100.9195,28,-0.02429,-70.34,max_hold,5
TSLA,long,2023-10-20,2023-10-23,217.1185,216.3918,13,-0.00335,-9.45,max_hold,3
AVGO,long,2023-10-20,2023-10-23,84.8924,83.751,33,-0.01345,-37.67,max_hold,3
COST,long,2023-10-23,2023-10-26,533.658,526.8325,5,-0.01279,-34.13,max_hold,3
AMD,long,2023-10-24,2023-10-26,101.0205,95.7521,28,-0.05215,-147.51,stop_loss,2
TSLA,long,2023-10-24,2023-10-27,216.6082,209.1754,13,-0.03431,-96.63,max_hold,3
CVX,long,2023-10-24,2023-10-27,143.2293,129.5415,20,-0.09557,-273.76,stop_loss,3
ABBV,long,2023-10-25,2023-10-30,134.0634,130.2446,21,-0.02849,-80.2,max_hold,5
GOOGL,long,2023-10-26,2023-10-30,122.2476,123.8988,23,0.01351,37.98,max_hold,4
META,long,2023-10-27,2023-10-30,292.0625,300.5193,9,0.02896,76.11,max_hold,3
MA,long,2023-10-27,2023-10-30,361.3172,367.683,7,0.01762,44.56,max_hold,3
LLY,long,2023-10-27,2023-10-30,552.5959,557.8874,5,0.00958,26.46,max_hold,3
COP,long,2023-10-27,2023-10-30,108.508,108.5837,26,0.0007,1.97,max_hold,3
JPM,long,2023-10-30,2023-11-02,129.3126,134.6275,21,0.0411,111.61,max_hold,3
ADBE,long,2023-10-30,2023-11-02,516.368,559.72,5,0.08396,216.76,max_hold,3
JNJ,long,2023-10-30,2023-11-02,134.8806,139.4682,21,0.03401,96.34,max_hold,3
XOM,long,2023-10-30,2023-11-02,96.4849,98.8132,29,0.02413,67.52,max_hold,3
TSLA,long,2023-10-31,2023-11-03,196.2181,223.868,14,0.14091,387.1,max_hold,3
MRK,long,2023-10-31,2023-11-03,94.3867,95.4943,30,0.01173,33.23,max_hold,3
COP,long,2023-10-31,2023-11-03,108.6923,110.7388,26,0.01883,53.21,max_hold,3
AMD,long,2023-10-31,2023-11-03,96.2881,112.5437,29,0.16882,471.41,max_hold,3
LLY,long,2023-11-01,2023-11-06,544.7341,585.3716,5,0.0746,203.19,max_hold,5
JPM,long,2023-11-03,2023-11-06,134.7622,135.8773,21,0.00827,23.42,max_hold,3
ABBV,long,2023-11-03,2023-11-06,132.0815,129.7221,22,-0.01786,-51.91,max_hold,3
COP,long,2023-11-06,2023-11-09,110.8496,106.1339,26,-0.04254,-122.61,max_hold,3
MRK,long,2023-11-06,2023-11-09,95.5898,94.3566,30,-0.0129,-37.0,max_hold,3
XOM,long,2023-11-06,2023-11-09,98.7022,94.7385,29,-0.04016,-114.95,max_hold,3
WMT,long,2023-11-06,2023-11-09,53.287,53.2499,54,-0.0007,-2.0,max_hold,3
AMZN,long,2023-11-06,2023-11-09,138.8294,140.3898,21,0.01124,32.77,max_hold,3
ABBV,long,2023-11-07,2023-11-10,129.8519,127.0363,22,-0.02168,-61.94,max_hold,3
QCOM,long,2023-11-07,2023-11-10,113.1425,116.9433,25,0.03359,95.02,max_hold,3
AVGO,long,2023-11-07,2023-11-10,85.6124,92.0921,34,0.07569,220.31,max_hold,3
WMT,long,2023-11-10,2023-11-13,53.3032,54.4214,54,0.02098,60.38,max_hold,3
XOM,long,2023-11-10,2023-11-13,94.8333,95.9452,30,0.01172,33.36,max_hold,3
ABBV,long,2023-11-13,2023-11-16,127.1634,126.8255,23,-0.00266,-7.77,max_hold,3
WMT,long,2023-11-15,2023-11-16,54.5439,50.4669,53,-0.07475,-216.08,stop_loss,1
ADBE,long,2023-11-16,2023-11-16,595.7477,601.769,4,0.01011,24.08,signal_fade,0
JPM,long,2023-11-14,2023-11-17,139.0177,143.9915,21,0.03578,104.45,max_hold,3
UNH,long,2023-11-15,2023-11-20,510.5316,507.8682,5,-0.00522,-13.32,max_hold,5
MRK,long,2023-11-16,2023-11-20,93.5234,94.5034,31,0.01048,30.38,max_hold,4
COP,long,2023-11-17,2023-11-20,104.515,106.6135,28,0.02008,58.76,max_hold,3
ABBV,long,2023-11-17,2023-11-20,126.9524,127.1647,23,0.00167,4.88,max_hold,3
TSLA,long,2023-11-17,2023-11-20,232.116,234.9225,12,0.01209,33.68,max_hold,3
XOM,long,2023-11-17,2023-11-20,94.8994,95.8624,30,0.01015,28.89,max_hold,3
ADBE,long,2023-11-20,2023-11-20,605.6127,610.3247,4,0.00778,18.85,signal_fade,0
GS,long,2023-11-22,2023-11-22,316.8545,318.2851,9,0.00452,12.88,signal_fade,0
LLY,long,2023-11-21,2023-11-24,588.4558,590.5496,4,0.00356,8.38,max_hold,3
UNH,long,2023-11-21,2023-11-24,508.3763,516.6794,5,0.01633,41.52,max_hold,3
ABBV,long,2023-11-21,2023-11-24,127.2919,127.1372,23,-0.00122,-3.56,max_hold,3
COST,long,2023-11-21,2023-11-24,561.5168,571.0952,5,0.01706,47.89,max_hold,3
AMD,long,2023-11-22,2023-11-27,120.06,121.919,24,0.01548,44.62,max_hold,5
AVGO,long,2023-11-22,2023-11-27,95.4484,91.1121,30,-0.04543,-130.09,max_hold,5
AVGO,long,2023-11-28,2023-12-01,91.2033,89.2413,32,-0.02151,-62.78,max_hold,3
LLY,long,2023-11-28,2023-12-01,582.1233,571.8459,5,-0.01766,-51.39,max_hold,3
MRK,long,2023-11-28,2023-12-01,93.0458,95.1731,31,0.02286,65.95,max_hold,3
BAC,long,2023-11-28,2023-12-01,27.6358,28.7709,106,0.04107,120.32,max_hold,3
UNH,long,2023-11-28,2023-12-01,515.8067,519.5412,5,0.00724,18.67,max_hold,3
META,long,2023-11-28,2023-12-01,330.6629,314.3707,8,-0.04927,-130.34,max_hold,3
QCOM,long,2023-11-29,2023-12-04,122.783,122.5179,23,-0.00216,-6.1,max_hold,5
AVGO,long,2023-12-04,2023-12-07,89.3306,89.9392,32,0.00681,19.48,max_hold,3
MSFT,long,2023-12-04,2023-12-07,362.2462,361.9823,8,-0.00073,-2.11,max_hold,3
LLY,long,2023-12-04,2023-12-07,572.418,578.5945,5,0.01079,30.88,max_hold,3
META,long,2023-12-05,2023-12-08,316.3614,326.3693,9,0.03163,90.07,max_hold,3
XOM,long,2023-12-06,2023-12-11,92.0817,90.7754,31,-0.01419,-40.49,max_hold,5
COP,long,2023-12-07,2023-12-11,103.1437,102.5315,28,-0.00594,-17.14,max_hold,4
LLY,long,2023-12-08,2023-12-11,579.1734,571.7182,5,-0.01287,-37.28,max_hold,3
GOOGL,long,2023-12-08,2023-12-11,133.087,130.5862,22,-0.01879,-55.02,max_hold,3
JNJ,long,2023-12-08,2023-12-11,144.6439,144.1088,20,-0.0037,-10.7,max_hold,3
CVX,long,2023-12-08,2023-12-11,129.0963,128.6618,22,-0.00337,-9.56,max_hold,3
CRM,long,2023-12-11,2023-12-14,245.8713,250.5479,11,0.01902,51.44,max_hold,3
AMZN,long,2023-12-11,2023-12-14,145.7328,148.3058,20,0.01766,51.46,max_hold,3
LLY,long,2023-12-12,2023-12-15,572.2902,566.2858,5,-0.01049,-30.02,max_hold,3
JNJ,long,2023-12-12,2023-12-15,144.253,144.3041,20,0.00035,1.02,max_hold,3
META,long,2023-12-12,2023-12-15,321.9352,334.3749,9,0.03864,111.96,max_hold,3
MRK,long,2023-12-12,2023-12-15,95.9572,98.108,30,0.02241,64.52,max_hold,3
COP,long,2023-12-13,2023-12-18,103.3105,106.4006,28,0.02991,86.52,max_hold,5
XOM,long,2023-12-13,2023-12-18,90.2769,93.8294,32,0.03935,113.68,max_hold,5
MSFT,long,2023-12-15,2023-12-18,360.0381,364.2275,8,0.01164,33.52,max_hold,3
AMZN,long,2023-12-15,2023-12-18,148.4542,154.3228,19,0.03953,111.5,max_hold,3
V,long,2023-12-15,2023-12-18,249.889,253.6608,11,0.01509,41.49,max_hold,3
LLY,long,2023-12-18,2023-12-21,566.8524,562.8968,5,-0.00698,-19.78,max_hold,3
ADBE,long,2023-12-18,2023-12-21,591.8158,600.4996,4,0.01467,34.74,max_hold,3
JNJ,long,2023-12-18,2023-12-21,144.4484,144.3412,20,-0.00074,-2.14,max_hold,3
UNH,long,2023-12-18,2023-12-21,501.896,492.6478,5,-0.01843,-46.24,max_hold,3
V,long,2023-12-19,2023-12-22,253.9146,253.5823,11,-0.00131,-3.65,max_hold,3
AAPL,long,2023-12-19,2023-12-22,194.0614,191.3472,15,-0.01399,-40.71,max_hold,3
GOOGL,long,2023-12-20,2023-12-26,137.8174,140.2753,21,0.01783,51.62,max_hold,6
JNJ,long,2023-12-22,2023-12-26,144.4857,144.5737,20,0.00061,1.76,max_hold,4
UNH,long,2023-12-22,2023-12-26,493.1407,492.5247,6,-0.00125,-3.7,max_hold,4
JNJ,long,2023-12-27,2023-12-29,144.7183,145.7265,20,0.00697,20.16,end_of_period,2
ADBE,long,2023-12-27,2023-12-29,598.8993,596.3017,4,-0.00434,-10.39,end_of_period,2
CVX,long,2023-12-29,2023-12-29,134.9615,134.0447,21,-0.00679,-19.25,end_of_period,0
AAPL,long,2023-12-29,2023-12-29,191.8256,190.2799,15,-0.00806,-23.19,end_of_period,0
AAPL,long,2024-01-03,2024-01-08,182.2492,181.7705,16,-0.00263,-7.66,max_hold,5
ADBE,long,2024-01-03,2024-01-08,574.8673,578.0409,5,0.00552,15.87,max_hold,5
CRM,long,2024-01-03,2024-01-08,249.3135,254.9594,11,0.02265,62.1,max_hold,5
CVX,long,2024-01-03,2024-01-08,134.3858,134.7547,22,0.00275,8.12,max_hold,5
JNJ,long,2024-01-03,2024-01-08,149.502,150.2729,19,0.00516,14.65,max_hold,5
V,long,2024-01-04,2024-01-08,253.3844,256.986,11,0.01421,39.62,max_hold,4
CVX,long,2024-01-09,2024-01-12,134.8895,131.6633,22,-0.02392,-70.98,max_hold,3
COP,long,2024-01-09,2024-01-12,106.0901,103.2072,27,-0.02717,-77.84,max_hold,3
V,long,2024-01-09,2024-01-12,257.2431,258.4768,11,0.0048,13.57,max_hold,3
COST,long,2024-01-09,2024-01-12,650.1468,673.5101,4,0.03594,93.45,max_hold,3
MA,long,2024-01-09,2024-01-12,413.8358,421.6492,7,0.01888,54.69,max_hold,3
QCOM,long,2024-01-09,2024-01-12,130.6683,132.8724,22,0.01687,48.49,max_hold,3
GOOGL,long,2024-01-09,2024-01-12,137.3513,140.6816,21,0.02425,69.93,max_hold,3
MSFT,long,2024-01-09,2024-01-12,365.1023,385.9641,8,0.05714,166.89,max_hold,3
JNJ,long,2024-01-10,2024-01-16,150.6001,148.9899,19,-0.01069,-30.59,max_hold,6
XOM,long,2024-01-10,2024-01-16,91.8975,88.862,32,-0.03303,-97.14,max_hold,6
TSLA,long,2024-01-16,2024-01-19,215.2076,212.1539,13,-0.01419,-39.7,max_hold,3
QCOM,long,2024-01-16,2024-01-19,133.0054,144.9733,22,0.08998,263.29,max_hold,3
GS,long,2024-01-16,2024-01-19,358.7269,365.9457,8,0.02012,57.75,max_hold,3
COP,long,2024-01-16,2024-01-19,103.3105,99.5047,28,-0.03684,-106.56,max_hold,3
CVX,long,2024-01-16,2024-01-19,131.795,127.5295,22,-0.03236,-93.84,max_hold,3
JNJ,long,2024-01-17,2024-01-22,149.1389,148.4414,19,-0.00468,-13.25,max_hold,5
BAC,long,2024-01-17,2024-01-22,29.9222,30.6651,99,0.02483,73.54,max_hold,5
UNH,long,2024-01-19,2024-01-22,488.5117,485.6544,6,-0.00585,-17.14,max_hold,3
TSLA,long,2024-01-22,2024-01-25,212.3661,185.4073,14,-0.12695,-377.42,stop_loss,3
AMZN,long,2024-01-22,2024-01-25,156.9684,158.3408,18,0.00874,24.7,max_hold,3
CVX,long,2024-01-22,2024-01-25,127.6571,133.0293,23,0.04208,123.56,max_hold,3
JNJ,long,2024-01-23,2024-01-26,148.5899,147.837,20,-0.00507,-15.06,max_hold,3
GOOGL,long,2024-01-23,2024-01-26,144.68,150.6482,20,0.04125,119.36,max_hold,3
JPM,long,2024-01-23,2024-01-26,161.7983,164.0849,18,0.01413,41.16,max_hold,3
COP,long,2024-01-23,2024-01-26,99.9008,103.707,29,0.0381,110.38,max_hold,3
UNH,long,2024-01-25,2024-01-29,462.5115,478.1114,6,0.03373,93.6,max_hold,4
HD,long,2024-01-25,2024-01-29,331.2409,332.7023,9,0.00441,13.15,max_hold,4
WMT,long,2024-01-25,2024-01-29,52.477,53.4964,56,0.01943,57.09,max_hold,4
TSLA,long,2024-01-26,2024-01-29,185.5927,195.2323,16,0.05194,154.23,max_hold,3
COST,long,2024-01-26,2024-01-29,671.0659,683.0721,4,0.01789,48.02,max_hold,3
JNJ,long,2024-01-29,2024-02-01,147.9849,146.8701,20,-0.00753,-22.3,max_hold,3
JPM,long,2024-01-29,2024-02-01,164.2491,165.0947,18,0.00515,15.22,max_hold,3
QCOM,long,2024-01-29,2024-02-01,142.8858,133.4893,20,-0.06576,-187.93,max_hold,3
TSLA,long,2024-01-30,2024-02-02,195.4277,184.1679,15,-0.05762,-168.9,max_hold,3
ABBV,long,2024-01-30,2024-02-02,152.12,157.1686,19,0.03319,95.92,max_hold,3
AMD,long,2024-01-31,2024-02-05,165.8229,173.0634,18,0.04366,130.33,max_hold,5
UNH,long,2024-01-31,2024-02-05,478.5612,477.5428,6,-0.00213,-6.11,max_hold,5
XOM,long,2024-02-02,2024-02-05,95.5347,93.8938,31,-0.01718,-50.87,max_hold,3
JNJ,long,2024-02-02,2024-02-05,147.0171,144.8805,20,-0.01453,-42.73,max_hold,3
QCOM,long,2024-02-02,2024-02-05,133.6229,137.1433,22,0.02635,77.45,max_hold,3
GOOGL,long,2024-02-05,2024-02-08,141.6355,145.3181,21,0.026,77.33,max_hold,3
HD,long,2024-02-05,2024-02-08,332.2462,341.7402,9,0.02858,85.45,max_hold,3
ABBV,long,2024-02-05,2024-02-08,157.3258,162.0084,19,0.02976,88.97,max_hold,3
TSLA,long,2024-02-06,2024-02-09,177.2986,192.0139,16,0.083,235.45,max_hold,3
CVX,long,2024-02-06,2024-02-09,137.1834,136.2554,21,-0.00676,-19.49,max_hold,3
JNJ,long,2024-02-06,2024-02-09,145.0254,145.5778,20,0.00381,11.05,max_hold,3
AMD,long,2024-02-07,2024-02-12,169.5547,167.856,17,-0.01002,-28.88,max_hold,5
XOM,long,2024-02-07,2024-02-12,94.1535,95.4071,31,0.01331,38.86,max_hold,5
GS,long,2024-02-08,2024-02-12,365.9705,367.1107,8,0.00312,9.12,max_hold,4
ADBE,long,2024-02-09,2024-02-12,616.308,596.4017,4,-0.0323,-79.63,max_hold,3
V,long,2024-02-09,2024-02-12,270.5105,269.0118,11,-0.00554,-16.49,max_hold,3
CVX,long,2024-02-12,2024-02-15,136.3918,141.149,22,0.03488,104.66,max_hold,3
MRK,long,2024-02-12,2024-02-15,115.6346,116.9052,26,0.01099,33.04,max_hold,3
JNJ,long,2024-02-12,2024-02-15,145.7234,146.7019,20,0.00671,19.57,max_hold,3
MA,long,2024-02-12,2024-02-15,453.4124,467.7462,6,0.03161,86.0,max_hold,3
ADBE,long,2024-02-13,2024-02-16,596.9984,531.2342,5,-0.11016,-328.82,stop_loss,3
CRM,long,2024-02-13,2024-02-16,275.779,284.4344,10,0.03139,86.55,max_hold,3
JPM,long,2024-02-13,2024-02-16,167.1862,170.7059,18,0.02105,63.35,max_hold,3
AMD,long,2024-02-13,2024-02-16,168.024,171.0544,17,0.01804,51.52,max_hold,3
V,long,2024-02-13,2024-02-16,269.2809,269.8176,11,0.00199,5.9,max_hold,3
XOM,long,2024-02-15,2024-02-20,93.4951,95.6484,32,0.02303,68.91,max_hold,5
JNJ,long,2024-02-16,2024-02-20,146.8486,148.0321,20,0.00806,23.67,max_hold,4
CVX,long,2024-02-16,2024-02-20,141.2902,140.4222,21,-0.00614,-18.23,max_hold,4
GOOGL,long,2024-02-20,2024-02-23,138.5017,140.8203,21,0.01674,48.69,max_hold,3
ADBE,long,2024-02-20,2024-02-23,531.7658,556.2817,5,0.0461,122.58,max_hold,3
LLY,long,2024-02-21,2024-02-23,727.0383,759.002,4,0.04396,127.85,signal_fade,2
AMD,long,2024-02-21,2024-02-26,162.8214,175.832,18,0.07991,234.19,max_hold,5
JNJ,long,2024-02-21,2024-02-26,148.1802,150.2055,20,0.01367,40.51,max_hold,5
MA,long,2024-02-21,2024-02-26,447.6162,468.121,6,0.04581,123.03,max_hold,5
CVX,long,2024-02-23,2024-02-26,140.8355,139.1776,21,-0.01177,-34.82,max_hold,3
GS,long,2024-02-23,2024-02-26,369.7629,371.534,8,0.00479,14.17,max_hold,3
NVDA,long,2024-02-26,2024-02-29,79.5984,79.8181,38,0.00276,8.35,max_hold,3
JNJ,long,2024-02-27,2024-03-01,150.3557,151.1235,20,0.00511,15.36,max_hold,3
GOOGL,long,2024-02-27,2024-03-01,136.8753,134.4004,22,-0.01808,-54.45,max_hold,3
LLY,long,2024-02-27,2024-03-01,743.6067,783.7412,4,0.05397,160.54,max_hold,3
META,long,2024-02-27,2024-03-01,476.5447,498.9008,6,0.04691,134.14,max_hold,3
CVX,long,2024-02-28,2024-03-04,138.553,135.2076,22,-0.02415,-73.6,max_hold,5
UNH,long,2024-02-29,2024-03-04,472.8604,457.1217,6,-0.03328,-94.43,max_hold,4
V,long,2024-03-01,2024-03-04,278.5766,275.4188,10,-0.01134,-31.58,max_hold,3
MSFT,long,2024-03-01,2024-03-04,404.3797,406.6178,7,0.00553,15.67,max_hold,3
XOM,long,2024-03-01,2024-03-04,98.2535,97.0504,31,-0.01224,-37.29,max_hold,3
MA,long,2024-03-01,2024-03-04,468.9448,461.0383,6,-0.01686,-47.44,max_hold,3
JNJ,long,2024-03-04,2024-03-07,151.2747,148.8284,20,-0.01617,-48.93,max_hold,3
MRK,long,2024-03-04,2024-03-07,115.135,113.8833,26,-0.01087,-32.55,max_hold,3
GOOGL,long,2024-03-04,2024-03-07,134.5349,132.9639,22,-0.01168,-34.56,max_hold,3
COP,long,2024-03-05,2024-03-08,103.7768,105.6867,29,0.0184,55.39,max_hold,3
CVX,long,2024-03-05,2024-03-08,135.3429,136.7248,22,0.01021,30.4,max_hold,3
UNH,long,2024-03-05,2024-03-08,457.579,453.7958,6,-0.00827,-22.7,max_hold,3
AAPL,long,2024-03-05,2024-03-08,169.1487,171.1369,18,0.01175,35.79,max_hold,3
MA,long,2024-03-05,2024-03-08,461.4996,462.6462,6,0.00248,6.88,max_hold,3
MSFT,long,2024-03-06,2024-03-11,396.2187,400.3902,7,0.01053,29.2,max_hold,5
JNJ,long,2024-03-08,2024-03-11,148.9773,151.3671,20,0.01604,47.8,max_hold,3
MRK,long,2024-03-08,2024-03-11,113.9972,113.6707,26,-0.00286,-8.49,max_hold,3
V,long,2024-03-08,2024-03-11,274.4452,276.4409,11,0.00727,21.95,max_hold,3
TSLA,long,2024-03-08,2024-03-11,181.5907,177.6811,16,-0.02153,-62.55,max_hold,3
LLY,long,2024-03-11,2024-03-14,740.9569,743.3359,4,0.00321,9.52,max_hold,3
COST,long,2024-03-11,2024-03-14,711.3135,723.1499,4,0.01664,47.35,max_hold,3
NVDA,long,2024-03-11,2024-03-14,86.3228,86.7365,35,0.00479,14.48,max_hold,3
CVX,long,2024-03-11,2024-03-14,136.8616,140.9855,22,0.03013,90.73,max_hold,3
AVGO,long,2024-03-12,2024-03-15,127.4026,122.1122,23,-0.04152,-121.68,max_hold,3
META,long,2024-03-12,2024-03-15,489.7297,487.9011,6,-0.00373,-10.97,max_hold,3
MRK,long,2024-03-12,2024-03-15,113.7844,113.3222,26,-0.00406,-12.02,max_hold,3
JNJ,long,2024-03-12,2024-03-15,151.5185,148.5473,20,-0.01961,-59.42,max_hold,3
V,long,2024-03-12,2024-03-15,276.7175,278.9566,11,0.00809,24.63,max_hold,3
GS,long,2024-03-14,2024-03-18,376.6132,366.3546,8,-0.02724,-82.07,max_hold,4
AMD,long,2024-03-15,2024-03-18,184.9224,183.0684,16,-0.01003,-29.66,max_hold,3
COST,long,2024-03-15,2024-03-18,723.8734,722.4292,4,-0.002,-5.78,max_hold,3
LLY,long,2024-03-15,2024-03-18,744.0796,746.3469,4,0.00305,9.07,max_hold,3
META,long,2024-03-18,2024-03-21,488.3893,502.8682,6,0.02965,86.87,max_hold,3
CRM,long,2024-03-18,2024-03-21,295.0568,304.3046,10,0.03134,92.48,max_hold,3
JNJ,long,2024-03-18,2024-03-21,148.696,145.8494,20,-0.01914,-56.93,max_hold,3
AVGO,long,2024-03-19,2024-03-22,118.6248,131.5365,25,0.10884,322.79,max_hold,3
MRK,long,2024-03-19,2024-03-22,113.0539,115.3962,27,0.02072,63.24,max_hold,3
ABBV,long,2024-03-19,2024-03-22,165.0606,165.6452,18,0.00354,10.52,max_hold,3
SLB,long,2024-03-20,2024-03-25,50.9185,51.112,60,0.0038,11.61,max_hold,5
GS,long,2024-03-20,2024-03-25,368.9077,387.3589,8,0.05002,147.61,max_hold,5
DVN,long,2024-03-21,2024-03-25,45.593,46.0532,67,0.01009,30.83,max_hold,4
V,long,2024-03-21,2024-03-25,285.2361,279.2121,10,-0.02112,-60.24,max_hold,4
AMD,long,2024-03-22,2024-03-25,177.2986,179.4502,17,0.01214,36.58,max_hold,3
ADBE,long,2024-03-22,2024-03-25,509.3245,507.806,6,-0.00298,-9.11,max_hold,3
JNJ,long,2024-03-22,2024-03-25,145.9953,145.7744,21,-0.00151,-4.64,max_hold,3
QCOM,long,2024-03-25,2024-03-28,160.3026,160.5144,19,0.00132,4.02,max_hold,3
AMD,long,2024-03-26,2024-04-01,179.6298,179.3803,17,-0.00139,-4.24,max_hold,6
ABBV,long,2024-03-26,2024-04-01,166.024,166.0061,18,-0.00011,-0.32,max_hold,6
CVX,long,2024-03-26,2024-04-01,142.336,145.4007,21,0.02153,64.36,max_hold,6
META,long,2024-03-28,2024-04-01,489.3127,481.1467,6,-0.01669,-49.0,max_hold,4
COST,long,2024-03-28,2024-04-01,725.1877,710.7901,4,-0.01985,-57.59,max_hold,4
V,long,2024-03-28,2024-04-01,273.9435,273.1882,11,-0.00276,-8.31,max_hold,4
ADBE,long,2024-04-01,2024-04-04,505.2425,488.5956,6,-0.03295,-99.88,max_hold,3
COST,long,2024-04-02,2024-04-05,711.5013,704.383,4,-0.01,-28.47,max_hold,3
CVX,long,2024-04-02,2024-04-05,145.5462,146.8542,21,0.00899,27.47,max_hold,3
HD,long,2024-04-02,2024-04-05,344.4778,338.0628,8,-0.01862,-51.32,max_hold,3
LLY,long,2024-04-02,2024-04-05,743.7742,772.5031,4,0.03863,114.92,max_hold,3
ABBV,long,2024-04-02,2024-04-05,166.1721,156.5856,18,-0.05769,-172.56,max_hold,3
UNH,long,2024-04-03,2024-04-08,439.9653,432.1811,7,-0.01769,-54.49,max_hold,5
NVDA,long,2024-04-03,2024-04-08,88.3753,87.2473,34,-0.01276,-38.35,max_hold,5
CRM,long,2024-04-05,2024-04-08,289.0694,298.4018,10,0.03228,93.32,max_hold,3
ABBV,long,2024-04-08,2024-04-11,156.7423,153.6019,19,-0.02004,-59.67,max_hold,3
JNJ,long,2024-04-08,2024-04-11,142.5257,138.7016,21,-0.02683,-80.31,max_hold,3
UNH,long,2024-04-09,2024-04-12,432.6135,420.4985,7,-0.028,-84.81,max_hold,3
NVDA,long,2024-04-09,2024-04-12,87.3346,88.8996,35,0.01792,54.78,max_hold,3
CVX,long,2024-04-10,2024-04-15,147.5104,142.9024,20,-0.03124,-92.16,max_hold,5
MA,long,2024-04-10,2024-04-15,464.9074,454.3967,6,-0.02261,-63.06,max_hold,5
HD,long,2024-04-11,2024-04-15,331.7571,318.0001,9,-0.04147,-123.81,max_hold,4
CRM,long,2024-04-11,2024-04-15,294.909,270.3246,10,-0.08336,-245.84,stop_loss,4
GS,long,2024-04-12,2024-04-15,375.095,385.7946,8,0.02853,85.6,max_hold,3
MRK,long,2024-04-12,2024-04-15,118.2672,117.7026,25,-0.00477,-14.12,max_hold,3
ABBV,long,2024-04-12,2024-04-15,153.7556,151.4817,19,-0.01479,-43.2,max_hold,3
JPM,long,2024-04-15,2024-04-18,176.9666,174.7775,17,-0.01237,-37.22,max_hold,3
NVDA,long,2024-04-15,2024-04-18,88.9885,82.9649,34,-0.06769,-204.8,max_hold,3
HD,long,2024-04-16,2024-04-19,318.3182,319.3218,9,0.00315,9.03,max_hold,3
CRM,long,2024-04-16,2024-04-19,270.5951,274.8599,11,0.01576,46.91,max_hold,3
GS,long,2024-04-17,2024-04-22,384.2231,398.4429,7,0.03701,99.54,max_hold,5
WMT,long,2024-04-17,2024-04-22,58.8707,58.9096,51,0.00066,1.99,max_hold,5
AVGO,long,2024-04-18,2024-04-22,126.0853,120.1082,24,-0.0474,-143.45,max_hold,4
UNH,short,2024-04-18,2024-04-22,462.4817,467.5821,6,-0.01103,-30.6,max_hold,4
GOOGL,long,2024-04-19,2024-04-22,154.9045,155.5027,19,0.00386,11.36,max_hold,3
NVDA,long,2024-04-22,2024-04-25,78.0081,83.6314,38,0.07209,213.69,max_hold,3
META,long,2024-04-23,2024-04-25,487.734,437.8623,6,-0.10225,-299.23,stop_loss,2
XOM,long,2024-04-23,2024-04-26,111.5249,109.3337,27,-0.01965,-59.16,max_hold,3
GOOGL,long,2024-04-23,2024-04-26,155.6582,167.4903,19,0.07601,224.81,max_hold,3
WMT,long,2024-04-23,2024-04-26,58.9686,58.8412,51,-0.00216,-6.5,max_hold,3
NVDA,long,2024-04-26,2024-04-29,83.7151,87.0457,36,0.03979,119.9,max_hold,3
AMZN,long,2024-04-26,2024-04-29,177.8889,180.9995,17,0.01749,52.88,max_hold,3
LLY,long,2024-04-26,2024-04-29,712.6568,762.6429,4,0.07014,199.94,max_hold,3
XOM,long,2024-04-29,2024-05-02,109.4431,107.6997,27,-0.01593,-47.07,max_hold,3
COP,long,2024-04-29,2024-05-02,121.0777,114.2073,25,-0.05674,-171.76,max_hold,3
CVX,long,2024-04-29,2024-05-02,150.8751,145.9548,20,-0.03261,-98.4,max_hold,3
META,long,2024-04-29,2024-05-02,436.414,442.2959,6,0.01348,35.29,max_hold,3
MRK,long,2024-04-29,2024-05-02,122.624,119.0511,24,-0.02914,-85.75,max_hold,3
NVDA,long,2024-04-30,2024-05-03,87.1328,89.191,35,0.02362,72.03,max_hold,3
MSFT,long,2024-05-01,2024-05-06,386.0323,407.3053,7,0.05511,148.91,max_hold,5
MRK,long,2024-05-03,2024-05-06,119.1702,118.2048,25,-0.0081,-24.13,max_hold,3
CVX,long,2024-05-03,2024-05-06,146.1009,147.4538,20,0.00926,27.06,max_hold,3
COP,long,2024-05-03,2024-05-06,114.3216,115.2794,26,0.00838,24.9,max_hold,3
XOM,long,2024-05-03,2024-05-06,107.8074,108.8881,28,0.01002,30.26,max_hold,3
AVGO,long,2024-05-03,2024-05-06,123.2464,128.7405,24,0.04458,131.86,max_hold,3
MRK,long,2024-05-07,2024-05-10,118.3231,120.4461,25,0.01794,53.08,max_hold,3
COP,long,2024-05-07,2024-05-10,115.3947,114.3334,26,-0.0092,-27.59,max_hold,3
CVX,long,2024-05-07,2024-05-10,147.6013,151.2421,20,0.02467,72.82,max_hold,3
XOM,long,2024-05-07,2024-05-10,108.997,109.9465,28,0.00871,26.59,max_hold,3
NVDA,long,2024-05-09,2024-05-13,90.4178,89.3995,33,-0.01126,-33.6,max_hold,4
JNJ,long,2024-05-10,2024-05-13,140.6596,142.2521,21,0.01132,33.44,max_hold,3
COP,long,2024-05-13,2024-05-16,114.4478,113.4234,26,-0.00895,-26.63,max_hold,3
CVX,long,2024-05-13,2024-05-16,151.3934,148.4289,20,-0.01958,-59.29,max_hold,3
MRK,long,2024-05-15,2024-05-20,119.9801,122.4642,25,0.0207,62.1,max_hold,5
JNJ,long,2024-05-15,2024-05-20,142.3663,143.3358,21,0.00681,20.36,max_hold,5
GOOGL,long,2024-05-15,2024-05-20,169.2149,175.2575,18,0.03571,108.77,max_hold,5
AMZN,long,2024-05-16,2024-05-20,185.6928,182.2089,16,-0.01876,-55.74,max_hold,4
CVX,long,2024-05-17,2024-05-20,148.5774,147.3553,20,-0.00823,-24.44,max_hold,3
V,long,2024-05-17,2024-05-20,275.9879,273.6938,11,-0.00831,-25.24,max_hold,3
JNJ,long,2024-05-21,2024-05-24,143.4792,138.6235,21,-0.03384,-101.97,max_hold,3
AMZN,long,2024-05-21,2024-05-24,182.3912,179.84,16,-0.01399,-40.82,max_hold,3
JPM,long,2024-05-21,2024-05-24,188.9562,191.5078,16,0.0135,40.83,max_hold,3
CVX,long,2024-05-21,2024-05-24,147.5027,145.0978,20,-0.0163,-48.1,max_hold,3
MRK,long,2024-05-21,2024-05-24,122.5868,119.823,24,-0.02255,-66.33,max_hold,3
V,long,2024-05-21,2024-05-24,273.9676,269.9822,11,-0.01455,-43.84,max_hold,3
XOM,long,2024-05-22,2024-05-28,110.051,107.1986,27,-0.02592,-77.02,max_hold,6
GS,long,2024-05-23,2024-05-28,443.2603,433.8603,6,-0.02121,-56.4,max_hold,5
AVGO,long,2024-05-23,2024-05-28,139.8322,136.8242,21,-0.02151,-63.17,max_hold,5
COP,long,2024-05-23,2024-05-28,111.593,110.3275,27,-0.01134,-34.17,max_hold,5
CRM,long,2024-05-28,2024-05-30,268.9406,215.5573,11,-0.19849,-587.22,stop_loss,2
HD,long,2024-05-28,2024-05-31,307.5161,317.1971,9,0.03148,87.13,max_hold,3
MRK,long,2024-05-28,2024-05-31,119.9429,116.9679,25,-0.0248,-74.38,max_hold,3
JNJ,long,2024-05-28,2024-05-31,138.7622,139.0579,21,0.00213,6.21,max_hold,3
CVX,long,2024-05-28,2024-05-31,145.243,148.1903,20,0.02029,58.95,max_hold,3
UNH,long,2024-05-28,2024-05-31,482.4858,470.0925,6,-0.02569,-74.36,max_hold,3
V,long,2024-05-29,2024-06-03,265.0982,265.4535,11,0.00134,3.91,max_hold,5
COP,long,2024-05-30,2024-06-03,108.6536,105.8243,27,-0.02604,-76.39,max_hold,4
QCOM,long,2024-05-30,2024-06-03,199.4256,197.2245,15,-0.01104,-33.02,max_hold,4
AVGO,long,2024-05-30,2024-06-03,134.9935,129.1278,22,-0.04345,-129.05,max_hold,4
CRM,long,2024-05-31,2024-06-03,215.773,231.898,13,0.07473,209.62,max_hold,3
MRK,long,2024-06-03,2024-06-06,117.0849,121.2273,25,0.03538,103.56,max_hold,3
UNH,long,2024-06-03,2024-06-06,470.5629,477.6178,6,0.01499,42.33,max_hold,3
COP,long,2024-06-04,2024-06-07,105.9302,105.4303,28,-0.00472,-14.0,max_hold,3
CRM,long,2024-06-04,2024-06-07,232.13,237.8695,12,0.02473,68.87,max_hold,3
CVX,long,2024-06-04,2024-06-07,143.0385,143.5287,21,0.00343,10.29,max_hold,3
ADBE,long,2024-06-04,2024-06-07,443.0414,453.6131,6,0.02386,63.43,max_hold,3
AVGO,long,2024-06-04,2024-06-07,129.2569,137.8706,23,0.06664,198.11,max_hold,3
XOM,long,2024-06-04,2024-06-07,105.8723,105.8227,28,-0.00047,-1.39,max_hold,3
JPM,long,2024-06-06,2024-06-10,189.2056,189.6393,15,0.00229,6.51,max_hold,4
JNJ,long,2024-06-06,2024-06-10,137.5427,138.6424,21,0.008,23.09,max_hold,4
UNH,long,2024-06-10,2024-06-13,467.5821,472.6612,6,0.01086,30.47,max_hold,3
CVX,long,2024-06-10,2024-06-13,143.6723,140.5188,21,-0.02195,-66.22,max_hold,3
XOM,long,2024-06-10,2024-06-13,105.9285,102.9773,28,-0.02786,-82.64,max_hold,3
TSLA,long,2024-06-11,2024-06-14,174.007,177.831,17,0.02198,65.01,max_hold,3
JPM,long,2024-06-11,2024-06-14,189.829,185.3944,15,-0.02336,-66.52,max_hold,3
BAC,long,2024-06-12,2024-06-17,38.0387,37.7716,79,-0.00702,-21.11,max_hold,5
GS,long,2024-06-12,2024-06-17,437.6527,431.4286,6,-0.01422,-37.34,max_hold,5
QCOM,long,2024-06-12,2024-06-17,203.7401,217.2524,14,0.06632,189.17,max_hold,5
CRM,long,2024-06-13,2024-06-17,231.933,226.7429,13,-0.02238,-67.47,max_hold,4
JNJ,long,2024-06-13,2024-06-17,137.1362,137.8397,22,0.00513,15.48,max_hold,4
CVX,long,2024-06-14,2024-06-17,140.6594,140.9042,21,0.00174,5.14,max_hold,3
JPM,long,2024-06-17,2024-06-20,185.5799,188.4894,16,0.01568,46.55,max_hold,3
AMD,long,2024-06-17,2024-06-20,158.079,161.6691,19,0.02271,68.21,max_hold,3
CRM,long,2024-06-18,2024-06-21,226.9698,239.2469,13,0.05409,159.6,max_hold,3
MRK,long,2024-06-18,2024-06-21,120.1266,122.8133,25,0.02237,67.17,max_hold,3
XOM,long,2024-06-18,2024-06-21,102.1527,104.4936,29,0.02291,67.88,max_hold,3
UNH,long,2024-06-18,2024-06-21,469.2884,467.0519,6,-0.00477,-13.42,max_hold,3
JNJ,long,2024-06-18,2024-06-21,137.9776,140.7105,21,0.01981,57.39,max_hold,3
CVX,long,2024-06-18,2024-06-21,141.0452,143.4002,21,0.0167,49.46,max_hold,3
GOOGL,long,2024-06-20,2024-06-24,174.1151,178.1565,17,0.02321,68.7,max_hold,4
NVDA,long,2024-06-21,2024-06-24,126.9743,120.9401,24,-0.04752,-144.82,stop_loss,3
QCOM,long,2024-06-24,2024-06-27,198.3806,187.7325,15,-0.05368,-159.72,max_hold,3
GS,long,2024-06-24,2024-06-27,433.474,431.9372,7,-0.00355,-10.76,max_hold,3
NVDA,long,2024-06-25,2024-06-28,121.0611,123.2052,25,0.01771,53.6,max_hold,3
BAC,long,2024-06-26,2024-07-01,37.4366,38.1917,81,0.02017,61.16,max_hold,5
JNJ,long,2024-06-26,2024-07-01,138.2044,138.2835,22,0.00057,1.74,max_hold,5
MA,long,2024-06-27,2024-07-01,443.5492,429.7012,6,-0.03122,-83.09,max_hold,4
QCOM,long,2024-06-28,2024-07-01,187.9203,189.8876,16,0.01047,31.48,max_hold,3
GS,long,2024-06-28,2024-07-01,432.3693,442.8868,7,0.02433,73.62,max_hold,3
MRK,long,2024-06-28,2024-07-01,121.316,119.9505,25,-0.01126,-34.14,max_hold,3
AVGO,long,2024-06-28,2024-07-01,156.7204,160.9706,19,0.02712,80.76,max_hold,3
HD,long,2024-06-28,2024-07-01,324.8421,318.4805,9,-0.01958,-57.25,max_hold,3
NVDA,long,2024-07-01,2024-07-05,123.3285,127.2166,24,0.03153,93.31,max_hold,4
MA,long,2024-07-02,2024-07-05,430.1311,443.8072,7,0.0318,95.73,max_hold,3
HD,long,2024-07-02,2024-07-05,318.7991,319.3171,9,0.00162,4.66,max_hold,3
V,long,2024-07-02,2024-07-05,259.4217,266.0638,11,0.0256,73.06,max_hold,3
JNJ,long,2024-07-02,2024-07-05,138.4219,138.2552,22,-0.0012,-3.67,max_hold,3
CVX,long,2024-07-02,2024-07-05,144.8388,140.6932,21,-0.02862,-87.06,max_hold,3
QCOM,long,2024-07-03,2024-07-08,194.3249,197.7704,15,0.01773,51.68,max_hold,5
ABBV,long,2024-07-03,2024-07-08,155.289,156.0024,19,0.00459,13.56,max_hold,5
LLY,long,2024-07-03,2024-07-08,898.9011,915.7951,3,0.01879,50.68,max_hold,5
COST,long,2024-07-05,2024-07-08,855.726,873.9446,3,0.02129,54.66,max_hold,3
CVX,long,2024-07-08,2024-07-11,140.8339,143.2993,21,0.01751,51.77,max_hold,3
NVDA,long,2024-07-08,2024-07-11,127.3439,127.9849,24,0.00503,15.39,max_hold,3
JNJ,long,2024-07-08,2024-07-11,138.3935,141.6549,22,0.02357,71.75,max_hold,3
HD,long,2024-07-08,2024-07-11,319.6366,337.4943,9,0.05587,160.72,max_hold,3
XOM,long,2024-07-09,2024-07-12,104.1015,106.9552,29,0.02741,82.76,max_hold,3
ABBV,long,2024-07-09,2024-07-12,156.1585,159.217,19,0.01959,58.11,max_hold,3
MRK,long,2024-07-10,2024-07-15,117.8884,119.6323,26,0.01479,45.34,max_hold,5
MSFT,long,2024-07-10,2024-07-15,454.3108,446.9684,6,-0.01616,-44.05,max_hold,5
V,long,2024-07-11,2024-07-15,258.3278,264.3606,11,0.02335,66.36,max_hold,4
MA,long,2024-07-11,2024-07-15,427.7974,442.1497,7,0.03355,100.47,max_hold,4
QCOM,long,2024-07-12,2024-07-15,193.347,201.1419,15,0.04032,116.92,max_hold,3
COST,long,2024-07-12,2024-07-15,841.206,838.2986,3,-0.00346,-8.72,max_hold,3
NVDA,long,2024-07-12,2024-07-15,128.113,128.1645,24,0.0004,1.24,max_hold,3
META,long,2024-07-16,2024-07-17,498.4051,471.5967,6,-0.05379,-160.85,stop_loss,1
AVGO,long,2024-07-16,2024-07-17,169.3022,155.879,18,-0.07929,-241.62,stop_loss,1
JNJ,long,2024-07-15,2024-07-18,141.8722,147.8027,21,0.0418,124.54,max_hold,3
CVX,long,2024-07-15,2024-07-18,144.1683,149.0988,21,0.0342,103.54,max_hold,3
COST,long,2024-07-17,2024-07-18,839.3452,827.1351,3,-0.01455,-36.63,signal_fade,1
AMZN,long,2024-07-16,2024-07-19,195.6878,184.9075,15,-0.05509,-161.7,max_hold,3
MRK,long,2024-07-17,2024-07-22,117.5044,116.9379,26,-0.00482,-14.73,max_hold,5
META,long,2024-07-18,2024-07-22,472.0686,486.3304,6,0.03021,85.57,max_hold,4
NVDA,long,2024-07-18,2024-07-22,121.7103,122.5167,25,0.00663,20.16,max_hold,4
LLY,long,2024-07-18,2024-07-22,894.9837,857.5875,3,-0.04178,-112.19,max_hold,4
AMD,long,2024-07-22,2024-07-25,154.3071,140.2498,19,-0.0911,-267.09,stop_loss,3
AMZN,long,2024-07-23,2024-07-26,184.1921,183.7481,16,-0.00241,-7.1,max_hold,3
AAPL,long,2024-07-23,2024-07-26,222.5543,214.9892,13,-0.03399,-98.35,max_hold,3
CVX,long,2024-07-23,2024-07-26,143.6172,145.2171,21,0.01114,33.6,max_hold,3
JNJ,long,2024-07-24,2024-07-29,144.4057,149.7198,21,0.0368,111.6,max_hold,5
V,long,2024-07-25,2024-07-29,251.6856,259.1526,12,0.02967,89.6,max_hold,4
MSFT,long,2024-07-26,2024-07-29,411.9353,420.8915,7,0.02174,62.69,max_hold,3
LLY,long,2024-07-26,2024-07-29,801.0875,803.5496,3,0.00307,7.39,max_hold,3
MRK,long,2024-07-29,2024-07-30,117.7947,108.527,26,-0.07868,-240.96,stop_loss,1
NVDA,long,2024-07-30,2024-07-30,111.3921,112.6579,27,0.01136,34.17,stop_loss,0
TSLA,long,2024-07-29,2024-08-01,225.0124,214.7726,13,-0.04551,-133.12,max_hold,3
AMD,long,2024-07-29,2024-08-01,141.2606,133.4333,21,-0.05541,-164.37,max_hold,3
CVX,long,2024-07-29,2024-08-01,145.3624,138.6835,21,-0.04595,-140.26,max_hold,3
NVDA,long,2024-07-31,2024-08-05,112.7706,103.6173,27,-0.08117,-247.14,stop_loss,5
MRK,long,2024-07-31,2024-08-05,108.6356,105.0654,28,-0.03286,-99.97,max_hold,5
WMT,long,2024-08-01,2024-08-05,67.6778,66.5603,45,-0.01651,-50.29,max_hold,4
XOM,long,2024-08-01,2024-08-05,110.8849,107.1237,27,-0.03392,-101.55,max_hold,4
QCOM,long,2024-08-02,2024-08-05,153.9029,151.7377,19,-0.01407,-41.14,max_hold,3
AMD,long,2024-08-02,2024-08-05,133.5667,135.0824,22,0.01135,33.34,max_hold,3
CVX,long,2024-08-02,2024-08-05,138.8223,132.5904,21,-0.04489,-130.87,max_hold,3
COP,long,2024-08-02,2024-08-05,101.1596,98.1033,30,-0.03021,-91.69,max_hold,3
JPM,long,2024-08-05,2024-08-08,187.158,196.0473,16,0.0475,142.23,max_hold,3
GS,long,2024-08-05,2024-08-08,429.9582,465.448,7,0.08254,248.43,max_hold,3
NVDA,long,2024-08-06,2024-08-09,103.721,106.092,29,0.02286,68.76,max_hold,3
TSLA,long,2024-08-06,2024-08-09,200.8504,198.9205,14,-0.00961,-27.02,max_hold,3
MSFT,long,2024-08-06,2024-08-09,394.0079,400.5613,7,0.01663,45.87,max_hold,3
HD,long,2024-08-06,2024-08-09,331.8842,333.4728,9,0.00479,14.3,max_hold,3
MRK,long,2024-08-06,2024-08-09,105.1705,107.3201,28,0.02044,60.19,max_hold,3
COP,long,2024-08-06,2024-08-09,98.2014,102.4793,30,0.04356,128.34,max_hold,3
XOM,long,2024-08-07,2024-08-12,108.1678,110.7085,27,0.02349,68.6,max_hold,5
CVX,long,2024-08-07,2024-08-12,132.8057,132.2141,22,-0.00445,-13.01,max_hold,5
NVDA,long,2024-08-12,2024-08-15,106.1981,121.6785,28,0.14577,433.45,max_hold,3
UNH,long,2024-08-12,2024-08-15,537.7724,555.0051,5,0.03204,86.16,max_hold,3
HD,long,2024-08-12,2024-08-15,333.8065,342.2191,9,0.0252,75.71,max_hold,3
TSLA,long,2024-08-12,2024-08-15,199.1195,211.0444,15,0.05989,178.87,max_hold,3
JNJ,long,2024-08-13,2024-08-16,151.505,150.5886,20,-0.00605,-18.33,max_hold,3
GS,long,2024-08-13,2024-08-16,470.9761,484.6218,6,0.02897,81.87,max_hold,3
XOM,long,2024-08-13,2024-08-16,110.8193,111.713,27,0.00806,24.13,max_hold,3
XOM,long,2024-08-19,2024-08-22,111.8248,108.5334,27,-0.02943,-88.87,max_hold,3
JNJ,long,2024-08-19,2024-08-22,150.7393,153.4595,20,0.01805,54.4,max_hold,3
UNH,long,2024-08-22,2024-08-26,553.9633,563.1738,5,0.01663,46.05,max_hold,4
JNJ,long,2024-08-23,2024-08-26,153.613,155.5758,20,0.01278,39.26,max_hold,3
JNJ,long,2024-08-27,2024-08-30,155.7314,157.2314,19,0.00963,28.5,max_hold,3
AMD,long,2024-08-30,2024-09-03,147.5938,140.4397,20,-0.04847,-143.08,stop_loss,4
CRM,long,2024-09-03,2024-09-06,249.1598,242.8806,12,-0.0252,-75.35,max_hold,3
COP,long,2024-09-03,2024-09-06,105.8451,100.2114,29,-0.05323,-163.38,max_hold,3
META,long,2024-09-03,2024-09-06,516.4331,502.5335,5,-0.02691,-69.5,max_hold,3
CVX,long,2024-09-03,2024-09-06,135.193,128.646,22,-0.04843,-144.03,max_hold,3
GS,long,2024-09-04,2024-09-09,470.2934,472.1692,6,0.00399,11.25,max_hold,5
NVDA,long,2024-09-04,2024-09-09,105.2892,107.5788,29,0.02175,66.4,max_hold,5
XOM,long,2024-09-04,2024-09-09,108.8875,108.5994,28,-0.00265,-8.07,max_hold,5
LLY,long,2024-09-06,2024-09-09,906.8366,902.3272,3,-0.00497,-13.53,max_hold,3
ABBV,long,2024-09-06,2024-09-09,182.5501,184.8656,16,0.01268,37.05,max_hold,3
AVGO,long,2024-09-09,2024-09-12,136.6104,163.5802,22,0.19742,593.34,max_hold,3
AMD,long,2024-09-09,2024-09-12,136.1681,152.2438,22,0.11806,353.67,max_hold,3
AAPL,long,2024-09-10,2024-09-13,217.3998,214.8214,14,-0.01186,-36.1,max_hold,3
GS,long,2024-09-11,2024-09-16,448.3393,471.0783,6,0.05072,136.43,max_hold,5
JPM,long,2024-09-11,2024-09-16,197.9602,200.1519,15,0.01107,32.88,max_hold,5
COP,long,2024-09-11,2024-09-16,98.1834,99.7012,31,0.01546,47.05,max_hold,5
XOM,long,2024-09-11,2024-09-16,104.628,105.9764,29,0.01289,39.11,max_hold,5
CVX,long,2024-09-11,2024-09-16,128.3753,131.5782,24,0.02495,76.87,max_hold,5
UNH,long,2024-09-12,2024-09-16,562.8381,561.8534,5,-0.00175,-4.92,max_hold,4
ABBV,long,2024-09-12,2024-09-16,183.7862,183.6213,16,-0.0009,-2.64,max_hold,4
JNJ,long,2024-09-13,2024-09-16,156.9125,158.183,19,0.0081,24.14,max_hold,3
ADBE,long,2024-09-16,2024-09-19,537.6687,526.1768,5,-0.02137,-57.46,max_hold,3
AAPL,long,2024-09-16,2024-09-19,215.0363,228.1448,14,0.06096,183.52,max_hold,3
JPM,long,2024-09-17,2024-09-20,200.3521,203.3026,15,0.01473,44.26,max_hold,3
UNH,long,2024-09-17,2024-09-20,562.4155,552.7257,5,-0.01723,-48.45,max_hold,3
JNJ,long,2024-09-18,2024-09-23,158.7127,154.9002,19,-0.02402,-72.44,max_hold,5
ABBV,long,2024-09-18,2024-09-23,182.2293,181.8775,17,-0.00193,-5.98,max_hold,5
MA,long,2024-09-20,2024-09-23,484.8865,487.3994,6,0.00518,15.08,max_hold,3
UNH,long,2024-09-23,2024-09-26,553.2787,553.8666,5,0.00106,2.94,max_hold,3
JNJ,long,2024-09-24,2024-09-27,155.0551,153.7393,20,-0.00849,-26.32,max_hold,3
MRK,long,2024-09-24,2024-09-27,109.221,107.0022,28,-0.02032,-62.13,max_hold,3
V,long,2024-09-25,2024-09-30,270.7547,273.2266,11,0.00913,27.19,max_hold,5
MA,long,2024-09-25,2024-09-30,480.0441,491.9304,6,0.02476,71.32,max_hold,5
COP,long,2024-09-26,2024-09-30,97.4267,98.7846,32,0.01394,43.45,max_hold,4
LLY,long,2024-09-27,2024-09-30,882.9839,877.3731,3,-0.00635,-16.83,max_hold,3
CVX,long,2024-09-27,2024-09-30,132.8059,135.8002,23,0.02255,68.87,max_hold,3
AMZN,long,2024-09-30,2024-10-03,187.2336,185.6571,16,-0.00842,-25.22,max_hold,3
V,long,2024-10-01,2024-10-04,273.4999,273.848,11,0.00127,3.83,max_hold,3
JNJ,long,2024-10-01,2024-10-04,154.7123,152.4833,20,-0.01441,-44.58,max_hold,3
NVDA,long,2024-10-02,2024-10-07,116.3165,129.9917,26,0.11757,355.56,max_hold,5
LLY,long,2024-10-03,2024-10-07,878.9525,891.3604,3,0.01412,37.22,max_hold,4
MSFT,long,2024-10-03,2024-10-07,412.1152,405.0689,7,-0.0171,-49.32,max_hold,4
COST,long,2024-10-03,2024-10-07,866.7374,868.1089,3,0.00158,4.11,max_hold,4
MRK,long,2024-10-03,2024-10-07,105.4216,101.6902,29,-0.0354,-108.21,max_hold,4
AMZN,long,2024-10-04,2024-10-07,185.8429,181.829,16,-0.0216,-64.22,max_hold,3
V,long,2024-10-07,2024-10-10,274.122,272.3091,11,-0.00661,-19.94,max_hold,3
MA,long,2024-10-07,2024-10-10,492.4918,491.8415,6,-0.00132,-3.9,max_hold,3
ABBV,long,2024-10-07,2024-10-10,183.4465,183.8098,17,0.00198,6.18,max_hold,3
GS,long,2024-10-07,2024-10-10,477.9561,490.3848,6,0.026,74.57,max_hold,3
AAPL,long,2024-10-08,2024-10-11,222.7424,226.8849,14,0.0186,57.99,max_hold,3
TSLA,long,2024-10-08,2024-10-11,243.6818,220.0199,12,-0.0971,-283.94,stop_loss,3
WMT,long,2024-10-08,2024-10-11,78.4192,78.7639,40,0.0044,13.79,max_hold,3
AMZN,long,2024-10-08,2024-10-11,182.011,189.6851,17,0.04216,130.46,max_hold,3
MRK,long,2024-10-08,2024-10-11,101.7919,103.0652,30,0.01251,38.2,max_hold,3
UNH,long,2024-10-09,2024-10-14,558.7205,529.2644,5,-0.05272,-147.28,max_hold,5
ABBV,long,2024-10-11,2024-10-14,183.9937,185.0211,17,0.00558,17.47,max_hold,3
V,long,2024-10-11,2024-10-14,272.5816,277.202,11,0.01695,50.83,max_hold,3
TSLA,long,2024-10-14,2024-10-17,220.2401,220.5997,14,0.00163,5.03,max_hold,3
ADBE,long,2024-10-14,2024-10-17,502.0509,491.0444,6,-0.02192,-66.04,max_hold,3
CVX,long,2024-10-14,2024-10-17,139.8094,139.948,22,0.00099,3.05,max_hold,3
COP,long,2024-10-15,2024-10-18,100.2644,100.7784,31,0.00513,15.93,max_hold,3
ABBV,long,2024-10-15,2024-10-18,185.2063,179.3013,16,-0.03188,-94.48,max_hold,3
AMZN,long,2024-10-15,2024-10-18,187.7238,187.956,16,0.00124,3.71,max_hold,3
COST,long,2024-10-15,2024-10-18,884.2319,880.2883,3,-0.00446,-11.83,max_hold,3
XOM,long,2024-10-15,2024-10-18,114.1104,114.1473,27,0.00032,1.0,max_hold,3
UNH,long,2024-10-16,2024-10-21,534.583,544.4419,5,0.01844,49.29,max_hold,5
JNJ,long,2024-10-17,2024-10-21,156.4553,154.4529,20,-0.0128,-40.05,max_hold,4
TSLA,long,2024-10-18,2024-10-21,220.8204,217.2013,14,-0.01639,-50.67,max_hold,3
GOOGL,long,2024-10-18,2024-10-21,162.2373,161.8666,19,-0.00228,-7.04,max_hold,3
WMT,long,2024-10-18,2024-10-21,79.6503,79.8069,39,0.00197,6.1,max_hold,3
XOM,long,2024-10-21,2024-10-24,114.2615,113.4114,27,-0.00744,-22.95,max_hold,3
CVX,long,2024-10-21,2024-10-24,141.1841,140.4769,22,-0.00501,-15.56,max_hold,3
COP,long,2024-10-21,2024-10-24,100.8792,99.2759,31,-0.01589,-49.7,max_hold,3
ABBV,long,2024-10-22,2024-10-24,177.2076,180.2229,17,0.01702,51.26,signal_fade,2
COST,long,2024-10-22,2024-10-25,883.1316,887.2098,3,0.00462,12.23,max_hold,3
UNH,long,2024-10-22,2024-10-25,544.9866,542.9078,5,-0.00381,-10.39,max_hold,3
GOOGL,long,2024-10-22,2024-10-25,162.0285,167.5971,19,0.03437,105.8,max_hold,3
JNJ,long,2024-10-22,2024-10-25,154.6075,153.3206,20,-0.00832,-25.74,max_hold,3
HD,long,2024-10-23,2024-10-28,383.5038,376.7888,8,-0.01751,-53.72,max_hold,5
WMT,long,2024-10-23,2024-10-28,80.655,81.3418,38,0.00852,26.1,max_hold,5
AVGO,long,2024-10-25,2024-10-28,171.6226,169.7286,18,-0.01104,-34.09,max_hold,3
CVX,long,2024-10-25,2024-10-28,140.6175,139.2242,22,-0.00991,-30.65,max_hold,3
LLY,long,2024-10-25,2024-10-28,889.0211,886.6322,3,-0.00269,-7.17,max_hold,3
MRK,long,2024-10-28,2024-10-31,98.6147,95.8602,31,-0.02793,-85.39,max_hold,3
GOOGL,long,2024-10-28,2024-10-31,167.7648,168.9081,18,0.00681,20.58,max_hold,3
CVX,long,2024-10-29,2024-11-01,139.3635,143.2885,22,0.02816,86.35,max_hold,3
AVGO,long,2024-10-29,2024-11-01,169.8984,166.6183,18,-0.01931,-59.04,max_hold,3
JNJ,long,2024-10-29,2024-11-01,153.7883,151.9599,20,-0.01189,-36.57,max_hold,3
HD,long,2024-10-30,2024-11-04,378.1806,377.7739,8,-0.00108,-3.25,max_hold,5
COST,long,2024-10-30,2024-11-04,878.5722,880.4664,3,0.00216,5.68,max_hold,5
XOM,long,2024-10-30,2024-11-04,111.1259,112.3546,28,0.01106,34.4,max_hold,5
NVDA,long,2024-10-30,2024-11-04,139.392,137.1669,22,-0.01596,-48.95,max_hold,5
LLY,long,2024-10-31,2024-11-04,826.5537,793.4687,3,-0.04003,-99.25,max_hold,4
AAPL,long,2024-11-04,2024-11-07,219.4554,225.6149,14,0.02807,86.23,max_hold,3
AMD,long,2024-11-04,2024-11-07,141.7708,149.3153,21,0.05322,158.43,max_hold,3
CVX,long,2024-11-04,2024-11-07,143.4319,145.3113,21,0.0131,39.47,max_hold,3
QCOM,long,2024-11-06,2024-11-11,163.1116,160.8305,19,-0.01398,-43.34,max_hold,5
LLY,long,2024-11-06,2024-11-11,807.6019,819.4988,3,0.01473,35.69,max_hold,5
HD,long,2024-11-07,2024-11-11,374.3509,396.2145,8,0.0584,174.91,max_hold,4
CVX,long,2024-11-08,2024-11-11,145.4567,145.9609,21,0.00347,10.59,max_hold,3
JPM,long,2024-11-08,2024-11-11,232.254,233.1949,13,0.00405,12.23,max_hold,3
GS,long,2024-11-08,2024-11-11,566.6518,577.3123,5,0.01881,53.3,max_hold,3
MA,long,2024-11-08,2024-11-11,515.9631,524.125,6,0.01582,48.97,max_hold,3
WMT,long,2024-11-08,2024-11-11,83.0089,83.1424,37,0.00161,4.94,max_hold,3
JNJ,long,2024-11-08,2024-11-11,149.5403,147.0405,20,-0.01672,-49.99,max_hold,3
AAPL,long,2024-11-08,2024-11-11,225.8407,223.0129,13,-0.01252,-36.76,max_hold,3
TSLA,long,2024-11-13,2024-11-13,336.0179,327.5262,9,-0.02527,-76.43,signal_fade,0
ABBV,long,2024-11-12,2024-11-15,167.4018,157.3625,18,-0.05997,-180.71,max_hold,3
CVX,long,2024-11-12,2024-11-15,146.1069,150.5057,21,0.03011,92.37,max_hold,3
AAPL,long,2024-11-12,2024-11-15,223.236,223.7081,14,0.00211,6.61,max_hold,3
XOM,long,2024-11-12,2024-11-15,114.4032,113.9533,27,-0.00393,-12.15,max_hold,3
WMT,long,2024-11-12,2024-11-15,83.2256,83.4573,37,0.00278,8.57,max_hold,3
QCOM,long,2024-11-13,2024-11-18,156.8859,157.9229,19,0.00661,19.7,max_hold,5
HD,long,2024-11-13,2024-11-18,391.709,390.6001,8,-0.00283,-8.87,max_hold,5
JNJ,long,2024-11-13,2024-11-18,145.2541,146.4886,21,0.0085,25.93,max_hold,5
AVGO,long,2024-11-15,2024-11-18,165.9869,164.0395,18,-0.01173,-35.05,max_hold,3
LLY,long,2024-11-19,2024-11-20,708.9564,737.7223,4,0.04058,115.06,signal_fade,1
META,long,2024-11-18,2024-11-21,554.1304,560.0461,5,0.01068,29.58,max_hold,3
ABBV,long,2024-11-18,2024-11-21,157.5199,165.6478,19,0.0516,154.43,max_hold,3
MRK,long,2024-11-18,2024-11-21,91.0348,94.4945,34,0.038,117.63,max_hold,3
NVDA,long,2024-11-19,2024-11-22,141.1701,141.6976,22,0.00374,11.61,max_hold,3
QCOM,long,2024-11-21,2024-11-25,149.5326,153.8023,21,0.02855,89.66,max_hold,4
GOOGL,long,2024-11-22,2024-11-25,164.8818,166.4848,19,0.00972,30.46,max_hold,3
XOM,long,2024-11-22,2024-11-25,116.0003,113.7059,27,-0.01978,-61.95,max_hold,3
AMZN,long,2024-11-25,2024-11-29,199.3796,209.855,15,0.05254,157.13,max_hold,4
COP,long,2024-11-26,2024-11-29,101.5556,103.0907,31,0.01512,47.59,max_hold,3
NVDA,long,2024-11-26,2024-11-29,137.5539,138.5441,22,0.0072,21.78,max_hold,3
XOM,long,2024-11-26,2024-11-29,113.8197,112.2981,27,-0.01337,-41.08,max_hold,3
GOOGL,long,2024-11-26,2024-11-29,166.6514,167.617,18,0.00579,17.38,max_hold,3
NVDA,long,2024-12-02,2024-12-05,138.6827,144.3122,22,0.04059,123.85,max_hold,3
CRM,long,2024-12-02,2024-12-05,327.9666,360.1954,9,0.09827,290.06,max_hold,3
GOOGL,long,2024-12-02,2024-12-05,167.7847,170.8548,18,0.0183,55.26,max_hold,3
JPM,long,2024-12-02,2024-12-05,242.1618,238.1874,13,-0.01641,-51.67,max_hold,3
COP,long,2024-12-03,2024-12-06,101.9461,99.1704,31,-0.02723,-86.05,max_hold,3
GS,long,2024-12-03,2024-12-06,591.3472,581.0842,5,-0.01736,-51.32,max_hold,3
XOM,long,2024-12-03,2024-12-06,113.0484,109.0542,28,-0.03533,-111.84,max_hold,3
MRK,long,2024-12-05,2024-12-09,95.6827,97.7345,33,0.02144,67.71,max_hold,4
V,long,2024-12-05,2024-12-09,306.6783,303.7823,10,-0.00944,-28.96,max_hold,4
JNJ,long,2024-12-05,2024-12-09,144.0193,143.8081,22,-0.00147,-4.64,max_hold,4
UNH,long,2024-12-06,2024-12-09,558.6724,540.8998,5,-0.03181,-88.86,max_hold,3
NVDA,long,2024-12-10,2024-12-13,138.8721,133.9129,22,-0.03571,-109.1,max_hold,3
XOM,long,2024-12-11,2024-12-16,106.6494,102.0148,29,-0.04346,-134.41,max_hold,5
AMD,long,2024-12-11,2024-12-16,128.5843,124.3878,24,-0.03264,-100.72,max_hold,5
UNH,long,2024-12-12,2024-12-16,512.0856,468.7156,6,-0.08469,-260.22,max_hold,4
MRK,long,2024-12-12,2024-12-16,95.8713,94.8427,33,-0.01073,-33.94,max_hold,4
NVDA,long,2024-12-16,2024-12-19,134.0469,129.5516,23,-0.03354,-103.39,max_hold,3
ADBE,long,2024-12-16,2024-12-19,467.4236,432.8035,6,-0.07407,-207.72,max_hold,3
MRK,long,2024-12-17,2024-12-20,94.9376,94.0737,33,-0.0091,-28.51,max_hold,3
XOM,long,2024-12-17,2024-12-20,102.1168,100.1788,30,-0.01898,-58.14,max_hold,3
HD,long,2024-12-17,2024-12-20,394.609,376.0423,7,-0.04705,-129.97,max_hold,3
CVX,long,2024-12-17,2024-12-20,138.871,133.5578,22,-0.03826,-116.89,max_hold,3
COP,long,2024-12-17,2024-12-20,94.0785,90.8063,33,-0.03478,-107.98,max_hold,3
UNH,long,2024-12-17,2024-12-20,469.1846,481.959,6,0.02723,76.65,max_hold,3
AMD,long,2024-12-17,2024-12-20,124.5122,120.6496,25,-0.03102,-96.56,max_hold,3
JPM,long,2024-12-17,2024-12-20,231.5845,228.8519,13,-0.0118,-35.52,max_hold,3
CRM,long,2024-12-20,2024-12-23,329.0727,338.8805,9,0.0298,88.27,max_hold,3
GS,long,2024-12-20,2024-12-23,538.8896,557.0352,5,0.03367,90.73,max_hold,3
META,long,2024-12-23,2024-12-23,586.9934,599.4556,5,0.02123,62.31,signal_fade,0
WMT,long,2024-12-24,2024-12-27,89.2043,89.4701,34,0.00298,9.04,max_hold,3
MA,long,2024-12-24,2024-12-27,524.818,522.0448,5,-0.00528,-13.87,max_hold,3
CRM,long,2024-12-26,2024-12-30,341.0789,331.7077,9,-0.02748,-84.34,max_hold,4
HD,long,2024-12-26,2024-12-30,377.7852,374.4366,8,-0.00886,-26.79,max_hold,4
ADBE,long,2024-12-27,2024-12-30,447.1034,445.5771,6,-0.00341,-9.16,max_hold,3
WMT,long,2024-12-30,2024-12-30,89.5596,89.3123,34,-0.00276,-8.41,end_of_period,0
CRM,long,2025-01-03,2025-01-06,328.4397,326.5307,9,-0.00581,-17.18,max_hold,3
ADBE,long,2025-01-03,2025-01-06,429.6647,431.1543,7,0.00347,10.43,max_hold,3
TSLA,long,2025-01-03,2025-01-06,381.6708,405.6271,8,0.06277,191.65,max_hold,3
TSLA,long,2025-01-07,2025-01-10,406.0329,383.0184,7,-0.05668,-161.1,max_hold,3
AVGO,long,2025-01-08,2025-01-13,226.9208,223.605,13,-0.01461,-43.11,max_hold,5
AAPL,long,2025-01-10,2025-01-13,238.6055,233.1431,13,-0.02289,-71.01,max_hold,3
TSLA,long,2025-01-13,2025-01-16,383.4016,421.2893,8,0.09882,303.1,max_hold,3
AVGO,long,2025-01-14,2025-01-17,223.8287,238.3396,13,0.06483,188.64,max_hold,3
AAPL,long,2025-01-14,2025-01-17,233.3763,222.4666,13,-0.04675,-141.83,max_hold,3
TSLA,long,2025-01-17,2025-01-21,421.7107,416.6016,7,-0.01212,-35.76,max_hold,4
COP,long,2025-01-22,2025-01-27,99.3267,97.9048,31,-0.01432,-44.08,max_hold,5
AAPL,long,2025-01-22,2025-01-27,218.5038,229.2698,14,0.04927,150.72,max_hold,5
MRK,long,2025-01-22,2025-01-27,91.1933,92.4218,34,0.01347,41.77,max_hold,5
TSLA,long,2025-01-22,2025-01-27,417.0184,396.7115,7,-0.0487,-142.15,max_hold,5
XOM,long,2025-01-22,2025-01-27,105.8876,105.0303,29,-0.0081,-24.86,max_hold,5
DVN,long,2025-01-22,2025-01-27,35.2958,34.2712,88,-0.02903,-90.17,max_hold,5
JNJ,long,2025-01-23,2025-01-27,139.6411,146.4267,22,0.04859,149.28,max_hold,4
BAC,long,2025-01-23,2025-01-27,44.5455,45.4963,69,0.02135,65.61,max_hold,4
WMT,long,2025-01-23,2025-01-27,91.7609,95.8799,33,0.04489,135.93,max_hold,4
NVDA,long,2025-01-24,2025-01-27,148.2228,121.5675,21,-0.17983,-559.76,stop_loss,3
AVGO,long,2025-01-28,2025-01-31,205.4933,212.6404,15,0.03478,107.21,max_hold,3
TSLA,long,2025-01-29,2025-02-03,395.4076,382.4387,7,-0.0328,-90.78,max_hold,5
COP,long,2025-01-29,2025-02-03,96.3454,92.9663,32,-0.03507,-108.13,max_hold,5
NVDA,long,2025-02-03,2025-02-06,114.6362,128.9628,27,0.12497,386.82,max_hold,3
SLB,long,2025-02-03,2025-02-06,38.488,38.7751,80,0.00746,22.97,max_hold,3
AMD,long,2025-02-03,2025-02-06,113.9369,109.0754,27,-0.04267,-131.26,max_hold,3
AVGO,long,2025-02-04,2025-02-07,216.6961,224.4538,14,0.0358,108.61,max_hold,3
COP,long,2025-02-04,2025-02-07,93.0593,94.7837,33,0.01853,56.91,max_hold,3
MRK,long,2025-02-06,2025-02-10,84.9687,81.7033,36,-0.03843,-117.55,max_hold,4
AMD,long,2025-02-07,2025-02-10,109.1846,108.9255,28,-0.00237,-7.25,max_hold,3
GOOGL,long,2025-02-07,2025-02-10,190.1523,183.9765,16,-0.03248,-98.81,max_hold,3
CVX,long,2025-02-07,2025-02-10,143.0746,146.5593,21,0.02436,73.18,max_hold,3
JNJ,long,2025-02-07,2025-02-10,147.4085,147.8175,21,0.00277,8.59,max_hold,3
TSLA,long,2025-02-10,2025-02-11,356.3881,329.775,8,-0.07467,-212.9,stop_loss,1
AMD,long,2025-02-11,2025-02-14,109.0345,113.993,28,0.04548,138.84,max_hold,3
MRK,long,2025-02-11,2025-02-14,81.7851,77.0229,38,-0.05823,-180.96,max_hold,3
GS,long,2025-02-11,2025-02-14,628.0733,642.783,4,0.02342,58.84,max_hold,3
CRM,long,2025-02-11,2025-02-14,320.4488,324.6436,9,0.01309,37.75,max_hold,3
TSLA,long,2025-02-12,2025-02-18,330.105,353.823,9,0.07185,213.46,max_hold,6
COP,long,2025-02-13,2025-02-18,93.1736,94.3442,33,0.01256,38.63,max_hold,5
HD,long,2025-02-13,2025-02-18,393.3674,381.9267,7,-0.02908,-80.09,max_hold,5
MRK,long,2025-02-18,2025-02-21,77.1,85.1686,40,0.10465,322.74,max_hold,3
AMZN,long,2025-02-18,2025-02-21,228.9344,217.3413,13,-0.05064,-150.71,max_hold,3
UNH,long,2025-02-19,2025-02-21,482.9904,449.1585,6,-0.07005,-202.99,stop_loss,2
TSLA,long,2025-02-19,2025-02-24,354.177,326.8565,8,-0.07714,-218.56,max_hold,5
HD,long,2025-02-19,2025-02-24,382.3088,370.1771,8,-0.03173,-97.05,max_hold,5
META,long,2025-02-20,2025-02-24,694.1974,662.3631,4,-0.04586,-127.34,max_hold,4
WMT,long,2025-02-21,2025-02-24,95.2848,93.0398,32,-0.02356,-71.84,max_hold,3
TSLA,long,2025-02-25,2025-02-25,327.1835,303.5581,9,-0.07221,-212.63,stop_loss,0
UNH,long,2025-02-24,2025-02-27,449.6079,449.4665,6,-0.00031,-0.85,max_hold,3
JPM,long,2025-02-24,2025-02-27,258.9604,254.0633,11,-0.01891,-53.87,max_hold,3
TSLA,long,2025-02-26,2025-02-27,303.8618,279.3603,10,-0.08063,-245.02,stop_loss,1
WMT,long,2025-02-25,2025-02-28,93.1329,96.6194,33,0.03744,115.06,max_hold,3
AVGO,long,2025-02-26,2025-03-03,204.4066,186.7438,15,-0.08641,-264.94,stop_loss,5
LLY,short,2025-02-27,2025-03-03,906.9739,914.3456,3,-0.00813,-22.11,max_hold,4
CRM,long,2025-02-28,2025-03-03,292.698,286.5171,10,-0.02112,-61.81,max_hold,3
TSLA,long,2025-02-28,2025-03-03,279.6397,270.7945,10,-0.03163,-88.45,max_hold,3
TSLA,long,2025-03-04,2025-03-07,271.0655,252.4137,11,-0.06881,-205.17,max_hold,3
AVGO,long,2025-03-04,2025-03-07,186.9306,187.1188,16,0.00101,3.01,max_hold,3
COP,long,2025-03-04,2025-03-07,87.4385,87.7253,34,0.00328,9.75,max_hold,3
NVDA,long,2025-03-04,2025-03-07,110.5402,109.6812,27,-0.00777,-23.19,max_hold,3
WMT,long,2025-03-05,2025-03-10,93.7449,86.0779,32,-0.08179,-245.35,stop_loss,5
DVN,long,2025-03-06,2025-03-10,32.2095,33.2339,94,0.0318,96.29,max_hold,4
GS,long,2025-03-07,2025-03-10,554.4728,519.1141,5,-0.06377,-176.79,max_hold,3
TSLA,long,2025-03-10,2025-03-10,252.6663,225.1973,12,-0.10872,-329.63,stop_loss,0
V,long,2025-03-10,2025-03-13,336.885,323.9454,9,-0.03841,-116.46,max_hold,3
TSLA,long,2025-03-11,2025-03-14,225.4227,244.9375,13,0.08657,253.69,max_hold,3
NVDA,long,2025-03-11,2025-03-14,106.8839,122.5069,28,0.14617,437.45,max_hold,3
GS,long,2025-03-11,2025-03-14,519.6335,527.6544,5,0.01544,40.1,max_hold,3
JPM,long,2025-03-11,2025-03-14,226.0502,225.2688,13,-0.00346,-10.16,max_hold,3
WMT,long,2025-03-11,2025-03-14,86.164,83.9479,34,-0.02572,-75.35,max_hold,3
CRM,long,2025-03-11,2025-03-14,270.7032,274.0388,11,0.01232,36.69,max_hold,3
HD,long,2025-03-14,2025-03-17,339.6287,342.0759,8,0.00721,19.58,max_hold,3
COST,long,2025-03-14,2025-03-17,886.1069,906.2546,3,0.02274,60.44,max_hold,3
TSLA,long,2025-03-19,2025-03-24,231.7258,283.4582,13,0.22325,672.52,max_hold,5
META,long,2025-03-19,2025-03-24,582.2145,623.9201,5,0.07163,208.53,max_hold,5
ABBV,long,2025-03-20,2025-03-24,204.5027,200.6633,14,-0.01877,-53.75,max_hold,4
ABBV,long,2025-03-26,2025-03-31,195.0077,201.9102,15,0.0354,103.54,max_hold,5
MRK,long,2025-03-26,2025-03-31,84.5812,85.9427,36,0.0161,49.01,max_hold,5
AVGO,long,2025-03-28,2025-03-31,170.3638,164.6896,18,-0.03331,-102.13,max_hold,3
AMD,long,2025-03-31,2025-04-03,100.2901,90.0549,30,-0.10206,-307.06,max_hold,3
AVGO,long,2025-04-01,2025-04-03,164.8544,146.6735,18,-0.11028,-327.26,stop_loss,2
NVDA,long,2025-04-01,2025-04-04,108.4223,87.2939,28,-0.19487,-591.59,stop_loss,3
DVN,long,2025-04-04,2025-04-04,30.9874,27.1255,98,-0.12463,-378.46,stop_loss,0
COP,long,2025-04-04,2025-04-07,88.4372,83.6004,34,-0.05469,-164.45,stop_loss,3
AMZN,long,2025-04-04,2025-04-07,167.2336,185.1374,18,0.10706,322.27,max_hold,3
AVGO,long,2025-04-04,2025-04-07,146.8202,165.927,20,0.13014,382.14,max_hold,3
GS,long,2025-04-04,2025-04-07,475.2596,476.0033,6,0.00156,4.46,max_hold,3
AAPL,long,2025-04-08,2025-04-08,185.8116,170.9607,16,-0.07992,-237.61,stop_loss,0
AMD,long,2025-04-07,2025-04-10,80.7203,90.4647,36,0.12072,350.8,max_hold,3
CVX,long,2025-04-07,2025-04-10,131.6166,127.9593,22,-0.02779,-80.46,max_hold,3
JPM,long,2025-04-07,2025-04-10,201.9455,221.8817,14,0.09872,279.11,max_hold,3
BAC,long,2025-04-07,2025-04-10,34.041,34.2306,87,0.00557,16.5,max_hold,3
SLB,long,2025-04-07,2025-04-10,31.9087,31.3848,93,-0.01642,-48.73,max_hold,3
LLY,long,2025-04-07,2025-04-10,691.9557,715.9857,4,0.03473,96.12,max_hold,3
COP,long,2025-04-08,2025-04-11,83.684,84.9913,36,0.01562,47.06,max_hold,3
META,long,2025-04-08,2025-04-11,541.3295,553.6499,5,0.02276,61.6,max_hold,3
GS,long,2025-04-08,2025-04-11,476.4795,497.2077,6,0.0435,124.37,max_hold,3
NVDA,long,2025-04-09,2025-04-14,98.801,110.7593,30,0.12103,358.75,max_hold,5
XOM,long,2025-04-11,2025-04-14,96.3627,99.472,31,0.03227,96.39,max_hold,3
LLY,long,2025-04-11,2025-04-14,716.7021,748.3535,4,0.04416,126.61,max_hold,3
CVX,long,2025-04-11,2025-04-14,128.0874,127.3054,23,-0.00611,-17.99,max_hold,3
AMD,long,2025-04-11,2025-04-14,90.5553,94.6127,33,0.04481,133.89,max_hold,3
ABBV,long,2025-04-11,2025-04-14,166.8683,172.0075,18,0.0308,92.51,max_hold,3
MRK,long,2025-04-11,2025-04-14,74.6412,76.1753,40,0.02055,61.36,max_hold,3
COP,long,2025-04-14,2025-04-17,85.0764,83.7059,36,-0.01611,-49.34,max_hold,3
XOM,long,2025-04-15,2025-04-21,99.5716,101.8715,31,0.0231,71.3,max_hold,6
META,long,2025-04-16,2025-04-21,506.7123,489.6413,6,-0.03369,-102.43,max_hold,5
SLB,long,2025-04-16,2025-04-21,32.8359,33.6038,94,0.02339,72.19,max_hold,5
MRK,long,2025-04-16,2025-04-21,75.2163,74.7198,41,-0.0066,-20.36,max_hold,5
AMD,long,2025-04-17,2025-04-21,88.8844,86.0769,34,-0.03159,-95.45,max_hold,4
UNH,long,2025-04-22,2025-04-25,410.8542,405.717,7,-0.0125,-35.96,max_hold,3
META,long,2025-04-22,2025-04-25,490.1312,553.1224,6,0.12852,377.95,max_hold,3
AMD,long,2025-04-22,2025-04-25,86.1631,95.5322,35,0.10874,327.92,max_hold,3
NVDA,long,2025-04-22,2025-04-25,98.6911,109.4817,31,0.10934,334.51,max_hold,3
CVX,long,2025-04-22,2025-04-25,128.3245,131.7125,24,0.0264,81.31,max_hold,3
UNH,long,2025-04-28,2025-05-01,406.1229,386.5887,7,-0.0481,-136.74,max_hold,3
COP,long,2025-04-28,2025-05-01,87.9763,88.0226,35,0.00053,1.62,max_hold,3
XOM,long,2025-04-28,2025-05-01,104.4809,103.388,30,-0.01046,-32.79,max_hold,3
UNH,long,2025-05-02,2025-05-05,386.9755,389.3337,8,0.00609,18.87,max_hold,3
XOM,long,2025-05-02,2025-05-05,103.4914,99.712,30,-0.03652,-113.38,max_hold,3
COP,long,2025-05-05,2025-05-08,86.2382,87.1881,36,0.01101,34.19,max_hold,3
UNH,long,2025-05-06,2025-05-09,389.7232,368.2625,8,-0.05507,-171.69,max_hold,3
DVN,long,2025-05-06,2025-05-09,29.9512,33.0847,104,0.10462,325.88,max_hold,3
XOM,long,2025-05-06,2025-05-09,99.8117,105.8354,31,0.06035,186.73,max_hold,3
MRK,long,2025-05-07,2025-05-12,76.3187,73.6856,40,-0.0345,-105.32,max_hold,5
QCOM,long,2025-05-07,2025-05-12,136.7297,147.9093,22,0.08176,245.95,max_hold,5
LLY,long,2025-05-08,2025-05-12,758.4516,748.3337,4,-0.01334,-40.47,max_hold,4
UNH,long,2025-05-12,2025-05-13,368.6309,310.7034,8,-0.15714,-463.42,stop_loss,1
WMT,long,2025-05-12,2025-05-15,96.9086,95.2952,32,-0.01665,-51.63,max_hold,3
UNH,long,2025-05-14,2025-05-15,311.0142,269.9529,10,-0.13202,-410.61,stop_loss,1
JNJ,long,2025-05-14,2025-05-19,143.8849,147.2797,21,0.02359,71.29,max_hold,5
MRK,long,2025-05-14,2025-05-19,74.2482,74.2602,42,0.00016,0.5,max_hold,5
QCOM,long,2025-05-14,2025-05-19,147.9793,148.9115,21,0.0063,19.57,max_hold,5
COST,long,2025-05-15,2025-05-19,987.587,1023.7322,3,0.0366,108.44,max_hold,4
COP,long,2025-05-15,2025-05-19,87.2945,87.2239,35,-0.00081,-2.47,max_hold,4
DVN,long,2025-05-15,2025-05-19,32.1494,31.6432,96,-0.01574,-48.59,max_hold,4
WMT,long,2025-05-16,2025-05-19,95.3905,97.6939,32,0.02415,73.71,max_hold,3
UNH,long,2025-05-16,2025-05-19,270.2229,310.1911,11,0.14791,439.65,max_hold,3
XOM,long,2025-05-19,2025-05-22,104.2991,99.3808,30,-0.04716,-147.55,max_hold,3
TSLA,long,2025-05-20,2025-05-23,348.0439,347.1763,9,-0.00249,-7.81,max_hold,3
DVN,long,2025-05-20,2025-05-23,31.6749,30.4727,99,-0.03795,-119.02,max_hold,3
COP,long,2025-05-20,2025-05-23,87.3111,82.8607,35,-0.05097,-155.76,max_hold,3
LLY,long,2025-05-21,2025-05-27,742.1734,719.7657,4,-0.03019,-89.63,max_hold,6
UNH,long,2025-05-21,2025-05-27,291.2281,284.1711,10,-0.02423,-70.57,max_hold,6
CRM,long,2025-05-22,2025-05-27,279.8254,274.8058,11,-0.01794,-55.22,max_hold,5
WMT,long,2025-05-23,2025-05-27,94.5968,96.6631,32,0.02184,66.12,max_hold,4
COP,long,2025-05-27,2025-05-30,82.9436,84.2151,37,0.01533,47.05,max_hold,3
UNH,long,2025-05-28,2025-06-02,284.4554,292.9669,10,0.02992,85.11,max_hold,5
CRM,long,2025-05-29,2025-06-02,261.0944,259.2601,11,-0.00703,-20.18,max_hold,4
TSLA,long,2025-05-29,2025-06-02,365.4727,346.4267,8,-0.05211,-152.37,max_hold,4
TSLA,long,2025-06-03,2025-06-05,346.7733,298.6806,8,-0.13869,-384.74,stop_loss,2
CRM,long,2025-06-03,2025-06-06,259.5195,269.9966,11,0.04037,115.25,max_hold,3
COP,long,2025-06-05,2025-06-09,84.096,86.4209,36,0.02765,83.7,max_hold,4
TSLA,long,2025-06-06,2025-06-09,298.9794,314.7825,10,0.05286,158.03,max_hold,3
AVGO,long,2025-06-09,2025-06-12,242.8177,248.1283,12,0.02187,63.73,max_hold,3
WMT,long,2025-06-09,2025-06-12,96.6407,93.6894,32,-0.03054,-94.44,max_hold,3
WMT,long,2025-06-13,2025-06-16,93.7832,93.1244,33,-0.00702,-21.74,max_hold,3
TSLA,long,2025-06-13,2025-06-16,314.127,325.927,9,0.03756,106.2,max_hold,3
AVGO,long,2025-06-13,2025-06-16,248.3766,248.4154,12,0.00016,0.47,max_hold,3
V,long,2025-06-17,2025-06-20,350.8951,334.6876,8,-0.04619,-129.66,max_hold,3
TSLA,long,2025-06-18,2025-06-23,317.4687,355.9919,9,0.12135,346.71,max_hold,5
JNJ,long,2025-06-18,2025-06-23,148.9252,147.733,20,-0.00801,-23.84,max_hold,5
MRK,long,2025-06-18,2025-06-23,75.5628,77.7311,41,0.0287,88.9,max_hold,5
MA,long,2025-06-20,2025-06-23,534.0439,553.6312,5,0.03668,97.94,max_hold,3
V,long,2025-06-23,2025-06-26,335.0225,343.7019,9,0.02591,78.11,max_hold,3
COP,long,2025-06-24,2025-06-27,87.3886,86.595,35,-0.00908,-27.77,max_hold,3
SLB,long,2025-06-24,2025-06-27,32.4016,32.9821,96,0.01792,55.73,max_hold,3
XOM,long,2025-06-25,2025-06-30,104.8227,104.7373,29,-0.00081,-2.48,max_hold,5
MRK,long,2025-06-25,2025-06-30,77.1021,76.3674,40,-0.00953,-29.39,max_hold,5
TSLA,long,2025-06-27,2025-06-30,324.6723,298.3108,9,-0.08119,-237.25,max_hold,3
COP,long,2025-06-30,2025-07-03,86.6817,90.31,36,0.04186,130.62,max_hold,3
DVN,long,2025-06-30,2025-07-03,31.3225,32.1291,100,0.02575,80.65,max_hold,3
TSLA,long,2025-07-01,2025-07-07,298.6092,296.8515,10,-0.00589,-17.58,max_hold,6
XOM,long,2025-07-01,2025-07-07,104.8421,107.4107,29,0.0245,74.49,max_hold,6
AMD,long,2025-07-01,2025-07-07,138.8394,137.2513,22,-0.01144,-34.94,max_hold,6
MSFT,long,2025-07-02,2025-07-07,486.3503,493.0531,6,0.01378,40.22,max_hold,5
LLY,long,2025-07-03,2025-07-07,775.3653,769.0225,4,-0.00818,-25.37,max_hold,4
TSLA,long,2025-07-08,2025-07-11,297.1485,317.5711,10,0.06873,204.23,max_hold,3
META,long,2025-07-08,2025-07-11,719.5724,714.898,4,-0.0065,-18.7,max_hold,3
ADBE,long,2025-07-08,2025-07-11,378.6892,363.0084,8,-0.04141,-125.45,max_hold,3
JPM,long,2025-07-10,2025-07-14,279.078,283.7249,11,0.01665,51.12,max_hold,4
BAC,long,2025-07-10,2025-07-14,45.9231,45.8576,68,-0.00143,-4.45,max_hold,4
WMT,long,2025-07-11,2025-07-14,94.2693,94.7599,33,0.0052,16.19,max_hold,3
CRM,long,2025-07-14,2025-07-17,256.5578,257.9863,12,0.00557,17.14,max_hold,3
GS,long,2025-07-16,2025-07-21,694.8661,689.4295,4,-0.00782,-21.75,max_hold,5
META,long,2025-07-16,2025-07-21,711.395,713.4934,4,0.00295,8.39,max_hold,5
COP,long,2025-07-16,2025-07-21,89.49,88.2784,35,-0.01354,-42.41,max_hold,5
SLB,long,2025-07-16,2025-07-21,34.0864,32.7292,92,-0.03982,-124.87,max_hold,5
XOM,long,2025-07-18,2025-07-21,107.7315,104.592,29,-0.02914,-91.04,max_hold,3
MRK,long,2025-07-21,2025-07-24,77.6056,81.3967,40,0.04885,151.64,max_hold,3
HD,long,2025-07-21,2025-07-24,351.5534,364.7742,8,0.03761,105.77,max_hold,3
COP,long,2025-07-22,2025-07-25,88.3667,92.5738,35,0.04761,147.25,max_hold,3
GS,long,2025-07-22,2025-07-25,690.1193,713.2773,4,0.03356,92.63,max_hold,3
MSFT,long,2025-07-23,2025-07-28,502.9857,511.1891,6,0.01631,49.22,max_hold,5
AMD,long,2025-07-23,2025-07-28,156.3982,175.1224,20,0.11972,374.48,max_hold,5
UNH,long,2025-07-25,2025-07-28,273.8075,258.6403,11,-0.05539,-166.84,max_hold,3
LLY,long,2025-08-01,2025-08-04,741.9449,759.8122,4,0.02408,71.47,max_hold,3
TSLA,long,2025-08-06,2025-08-11,308.044,344.8275,10,0.11941,367.84,max_hold,5
UNH,long,2025-08-07,2025-08-11,240.1126,247.2706,13,0.02981,93.05,max_hold,4
LLY,long,2025-08-11,2025-08-14,625.3112,690.4923,5,0.10424,325.91,max_hold,3
CRM,long,2025-08-12,2025-08-15,231.16,237.6388,13,0.02803,84.22,max_hold,3
AMD,long,2025-08-12,2025-08-15,173.4067,176.6716,18,0.01883,58.77,max_hold,3
UNH,long,2025-08-12,2025-08-15,247.518,304.8587,12,0.23166,688.09,max_hold,3
XOM,long,2025-08-13,2025-08-18,102.7769,103.8251,31,0.0102,32.49,max_hold,5
MRK,long,2025-08-13,2025-08-18,78.1768,81.6095,40,0.04391,137.31,max_hold,5
WMT,long,2025-08-14,2025-08-18,100.4309,100.3066,32,-0.00124,-3.98,max_hold,4
MSFT,long,2025-08-14,2025-08-18,518.6783,510.6635,6,-0.01545,-48.09,max_hold,4
WMT,long,2025-08-22,2025-08-25,97.5327,95.6569,33,-0.01923,-61.9,max_hold,3
AVGO,long,2025-08-26,2025-08-29,292.3551,287.0918,11,-0.018,-57.9,max_hold,3
META,long,2025-08-27,2025-09-02,750.2173,733.2288,4,-0.02264,-67.95,max_hold,6
AMD,long,2025-09-02,2025-09-05,158.4992,151.7241,20,-0.04275,-135.5,max_hold,3
COP,long,2025-09-04,2025-09-08,92.3178,90.0406,35,-0.02467,-79.7,max_hold,4
NVDA,long,2025-09-05,2025-09-08,167.8904,168.7806,19,0.0053,16.91,max_hold,3
AMD,long,2025-09-08,2025-09-11,151.8759,156.9215,21,0.03322,105.96,max_hold,3
CVX,long,2025-09-08,2025-09-11,149.4421,154.0845,21,0.03107,97.49,max_hold,3
XOM,long,2025-09-08,2025-09-11,107.3835,110.3361,30,0.0275,88.58,max_hold,3
MA,long,2025-09-10,2025-09-15,579.7844,575.1057,5,-0.00807,-23.39,max_hold,5
COP,long,2025-09-12,2025-09-15,92.5228,90.7916,35,-0.01871,-60.59,max_hold,3
COP,long,2025-09-16,2025-09-19,90.8825,89.2505,35,-0.01796,-57.12,max_hold,3
SLB,long,2025-09-16,2025-09-19,34.261,32.9421,94,-0.0385,-123.98,max_hold,3
JNJ,long,2025-09-18,2025-09-22,173.6465,171.7932,18,-0.01067,-33.36,max_hold,4
AVGO,long,2025-09-19,2025-09-22,342.3142,338.1747,9,-0.01209,-37.26,max_hold,3
XOM,long,2025-09-22,2025-09-25,110.0453,113.3668,29,0.03018,96.32,max_hold,3
WMT,long,2025-09-22,2025-09-25,101.8887,102.2141,31,0.00319,10.09,max_hold,3
META,long,2025-09-22,2025-09-25,780.2117,747.6804,4,-0.0417,-130.13,max_hold,3
COP,long,2025-09-22,2025-09-25,89.3398,94.6738,36,0.0597,192.02,max_hold,3
AVGO,long,2025-09-23,2025-09-26,338.5131,333.9605,9,-0.01345,-40.97,max_hold,3
MA,long,2025-09-23,2025-09-26,583.0911,563.1559,5,-0.03419,-99.68,max_hold,3
TSLA,long,2025-09-26,2025-09-29,428.5141,441.2992,7,0.02984,89.5,max_hold,3
GOOGL,long,2025-09-26,2025-09-29,246.7108,242.2147,13,-0.01822,-58.45,max_hold,3
AVGO,long,2025-09-29,2025-10-02,334.2946,339.427,9,0.01535,46.19,max_hold,3
GOOGL,long,2025-09-30,2025-10-03,242.457,244.1799,13,0.00711,22.4,max_hold,3
GS,long,2025-10-01,2025-10-06,782.5149,786.0472,4,0.00451,14.13,max_hold,5
XOM,long,2025-10-01,2025-10-06,110.153,111.5191,29,0.0124,39.62,max_hold,5
JPM,long,2025-10-02,2025-10-06,305.7039,306.2396,10,0.00175,5.36,max_hold,4
AVGO,long,2025-10-03,2025-10-06,339.7666,334.9842,9,-0.01408,-43.04,max_hold,3
TSLA,long,2025-10-03,2025-10-06,443.5117,447.5961,7,0.00921,28.59,max_hold,3
COP,long,2025-10-03,2025-10-06,91.4488,92.128,35,0.00743,23.77,max_hold,3
SLB,long,2025-10-03,2025-10-06,33.7407,33.8933,96,0.00452,14.65,max_hold,3
GOOGL,long,2025-10-06,2025-10-09,244.4242,240.838,13,-0.01467,-46.62,max_hold,3
COP,long,2025-10-09,2025-10-10,92.0834,86.1877,35,-0.06403,-206.35,stop_loss,1
TSLA,long,2025-10-08,2025-10-13,437.7888,426.5766,7,-0.02561,-78.49,max_hold,5
META,long,2025-10-08,2025-10-13,711.9551,705.591,4,-0.00894,-25.46,max_hold,5
MRK,long,2025-10-09,2025-10-13,85.0205,83.3923,38,-0.01915,-61.87,max_hold,4
JPM,long,2025-10-09,2025-10-13,302.285,302.7649,10,0.00159,4.8,max_hold,4
COP,long,2025-10-13,2025-10-16,86.2739,84.7928,37,-0.01717,-54.8,max_hold,3
TSLA,long,2025-10-15,2025-10-20,435.1174,445.5371,7,0.02395,72.94,max_hold,5
MRK,long,2025-10-15,2025-10-20,82.3123,84.9355,39,0.03187,102.31,max_hold,5
AAPL,long,2025-10-16,2025-10-20,247.6734,261.0106,13,0.05385,173.38,max_hold,4
JPM,long,2025-10-20,2025-10-23,295.7944,293.1031,10,-0.0091,-26.91,max_hold,3
TSLA,long,2025-10-22,2025-10-27,443.6717,454.5526,7,0.02452,76.17,max_hold,5
AVGO,long,2025-10-22,2025-10-27,345.5372,360.4189,9,0.04307,133.93,max_hold,5
QCOM,long,2025-10-27,2025-10-30,166.4874,175.7421,19,0.05559,175.84,max_hold,3
WMT,long,2025-10-28,2025-10-31,103.4899,100.1675,31,-0.0321,-103.0,max_hold,3
MRK,long,2025-10-29,2025-11-03,85.0107,80.7747,38,-0.04983,-160.97,max_hold,5
ABBV,long,2025-10-30,2025-11-03,223.4963,208.8371,14,-0.06559,-205.23,max_hold,4
UNH,long,2025-10-31,2025-11-03,337.692,320.9369,9,-0.04962,-150.8,max_hold,3
MA,long,2025-11-04,2025-11-04,543.3511,550.9477,5,0.01398,37.98,signal_fade,0
UNH,long,2025-11-04,2025-11-07,321.258,313.4529,10,-0.0243,-78.05,max_hold,3
AVGO,long,2025-11-04,2025-11-07,356.7002,355.7275,9,-0.00273,-8.75,max_hold,3
AMD,long,2025-11-05,2025-11-10,243.3616,241.5392,13,-0.00749,-23.69,max_hold,5
META,long,2025-11-07,2025-11-10,615.1982,626.0577,5,0.01765,54.3,max_hold,3
TSLA,long,2025-11-10,2025-11-13,439.8198,386.1068,7,-0.12212,-375.99,stop_loss,3
CRM,long,2025-11-11,2025-11-14,240.4076,240.3361,13,-0.0003,-0.93,max_hold,3
NVDA,long,2025-11-12,2025-11-17,195.5684,183.0548,16,-0.06399,-200.22,max_hold,5
AMD,long,2025-11-14,2025-11-17,240.2301,236.6616,13,-0.01485,-46.39,max_hold,3
AMZN,long,2025-11-17,2025-11-20,233.3666,216.2418,13,-0.07338,-222.62,max_hold,3
JPM,long,2025-11-17,2025-11-20,301.2445,298.2607,10,-0.0099,-29.84,max_hold,3
AMD,long,2025-11-18,2025-11-20,236.8984,208.7056,13,-0.11901,-366.51,stop_loss,2
NVDA,long,2025-11-18,2025-11-21,183.238,179.1717,17,-0.02219,-69.13,max_hold,3
LLY,short,2025-11-19,2025-11-24,1025.6449,1072.7277,3,-0.04591,-141.25,max_hold,5
AMD,long,2025-11-21,2025-11-24,208.9144,201.3793,15,-0.03607,-113.03,max_hold,3
AMZN,long,2025-11-21,2025-11-24,216.4582,226.2668,14,0.04531,137.32,max_hold,3
NVDA,long,2025-11-24,2025-11-28,179.351,174.4501,17,-0.02733,-83.31,max_hold,4
AMD,long,2025-11-26,2025-12-01,210.155,221.6791,15,0.05484,172.86,max_hold,5
XOM,long,2025-11-26,2025-12-01,112.9427,114.8318,27,0.01673,51.0,max_hold,5
COP,long,2025-11-26,2025-12-01,85.1922,88.6807,37,0.04095,129.07,max_hold,5
LLY,long,2025-12-04,2025-12-08,1029.6524,998.9489,3,-0.02982,-92.11,max_hold,4
AVGO,long,2025-12-05,2025-12-08,384.2099,396.3295,8,0.03154,96.96,max_hold,3
MRK,long,2025-12-10,2025-12-15,95.8632,98.8023,33,0.03066,96.99,max_hold,5
GOOGL,long,2025-12-15,2025-12-18,311.0708,301.1871,10,-0.03177,-98.84,max_hold,3
AMD,long,2025-12-17,2025-12-22,210.145,212.7536,15,0.01241,39.13,max_hold,5
AVGO,long,2025-12-17,2025-12-22,344.8507,339.3894,9,-0.01584,-49.15,max_hold,5
DVN,long,2025-12-22,2025-12-26,35.9336,35.5719,88,-0.01007,-31.83,max_hold,4
TSLA,long,2025-12-22,2025-12-26,490.1249,468.7655,6,-0.04358,-128.16,max_hold,4
COP,long,2025-12-22,2025-12-26,91.7553,90.5708,34,-0.01291,-40.27,max_hold,4
WMT,long,2025-12-22,2025-12-26,113.6166,111.0938,27,-0.0222,-68.12,max_hold,4
SLB,long,2025-12-22,2025-12-26,38.0442,37.4131,83,-0.01659,-52.38,max_hold,4
JNJ,long,2025-12-23,2025-12-26,202.8711,205.6141,15,0.01352,41.15,max_hold,3
TSLA,long,2025-12-29,2025-12-30,469.2345,454.2028,6,-0.03203,-90.19,end_of_period,1
TSLA,long,2026-01-05,2026-01-08,448.214,435.732,7,-0.02785,-87.37,max_hold,3
ADBE,long,2026-01-05,2026-01-08,330.275,335.7121,9,0.01646,48.93,max_hold,3
CRM,long,2026-01-05,2026-01-08,252.4622,258.5544,12,0.02413,73.11,max_hold,3
LLY,long,2026-01-06,2026-01-09,1041.0993,1053.8947,3,0.01229,38.39,max_hold,3
ABBV,long,2026-01-06,2026-01-09,216.3105,217.5104,14,0.00555,16.8,max_hold,3
AVGO,long,2026-01-09,2026-01-12,336.8481,351.4091,9,0.04323,131.05,max_hold,3
JNJ,long,2026-01-09,2026-01-12,203.7518,207.5022,15,0.01841,56.26,max_hold,3
LLY,long,2026-01-12,2026-01-15,1054.9491,1020.4551,2,-0.0327,-68.99,max_hold,3
AAPL,long,2026-01-12,2026-01-15,258.8088,257.293,12,-0.00586,-18.19,max_hold,3
META,long,2026-01-12,2026-01-15,651.6938,622.757,4,-0.0444,-115.75,max_hold,3
QCOM,long,2026-01-13,2026-01-16,165.3869,153.3182,19,-0.07297,-229.3,max_hold,3
JPM,long,2026-01-14,2026-01-20,306.7841,301.7341,10,-0.01646,-50.5,max_hold,6
MA,long,2026-01-14,2026-01-20,543.8377,532.3384,5,-0.02114,-57.5,max_hold,6
V,long,2026-01-14,2026-01-20,327.4688,324.9218,9,-0.00778,-22.92,max_hold,6
ADBE,long,2026-01-16,2026-01-20,304.7123,290.6246,10,-0.04623,-140.88,max_hold,4
CRM,long,2026-01-16,2026-01-20,231.8865,218.9259,13,-0.05589,-168.49,max_hold,4
LLY,long,2026-01-16,2026-01-20,1021.4761,1039.8096,3,0.01795,55.0,max_hold,4
ABBV,long,2026-01-16,2026-01-20,213.9429,210.6165,14,-0.01555,-46.57,max_hold,4
META,long,2026-01-20,2026-01-23,607.101,663.6136,5,0.09309,282.56,max_hold,3
CRM,long,2026-01-21,2026-01-26,219.145,230.6504,14,0.0525,161.08,max_hold,5
ADBE,long,2026-01-21,2026-01-26,290.9154,303.6581,10,0.0438,127.43,max_hold,5
JPM,long,2026-01-21,2026-01-26,302.036,299.6458,10,-0.00791,-23.9,max_hold,5
MA,long,2026-01-21,2026-01-26,532.871,526.4815,5,-0.01199,-31.95,max_hold,5
AVGO,long,2026-01-26,2026-01-29,318.7856,331.0543,9,0.03849,110.42,max_hold,3
GS,long,2026-01-26,2026-01-29,910.048,924.5216,3,0.0159,43.42,max_hold,3
LLY,long,2026-01-29,2026-01-29,1022.4033,1029.2907,3,0.00674,20.66,signal_fade,0
MA,long,2026-01-28,2026-02-02,521.3251,553.1024,6,0.06095,190.66,max_hold,5
UNH,long,2026-01-28,2026-02-02,280.0724,280.7589,11,0.00245,7.55,max_hold,5
JPM,long,2026-01-28,2026-02-02,298.8905,307.9989,10,0.03047,91.08,max_hold,5
QCOM,long,2026-01-28,2026-02-02,150.5498,149.1328,20,-0.00941,-28.34,max_hold,5
CRM,long,2026-01-30,2026-02-02,213.1823,203.8602,14,-0.04373,-130.51,max_hold,3
TSLA,long,2026-01-30,2026-02-02,425.5627,424.0579,7,-0.00354,-10.53,max_hold,3
V,long,2026-02-02,2026-02-02,323.6527,330.1177,9,0.01998,58.18,signal_fade,0
CRM,long,2026-02-03,2026-02-05,204.0641,190.5645,15,-0.06615,-202.49,stop_loss,2
UNH,long,2026-02-03,2026-02-06,281.0398,270.355,11,-0.03802,-117.53,max_hold,3
MSFT,long,2026-02-03,2026-02-06,420.3491,402.8536,7,-0.04162,-122.47,max_hold,3
TSLA,long,2026-02-03,2026-02-06,424.4821,409.705,7,-0.03481,-103.44,max_hold,3
GS,long,2026-02-06,2026-02-06,899.6039,919.6215,3,0.02225,60.05,signal_fade,0
QCOM,long,2026-02-06,2026-02-09,135.5641,136.6952,23,0.00834,26.01,max_hold,3
MSFT,long,2026-02-09,2026-02-12,403.2566,402.4555,7,-0.00199,-5.61,max_hold,3
UNH,long,2026-02-09,2026-02-12,270.6255,281.676,11,0.04083,121.56,max_hold,3
CRM,long,2026-02-09,2026-02-12,188.4358,185.4034,16,-0.01609,-48.52,max_hold,3
AMZN,long,2026-02-10,2026-02-13,208.9044,198.0309,15,-0.05205,-163.1,max_hold,3
GOOGL,long,2026-02-13,2026-02-17,307.4836,301.5464,10,-0.01931,-59.37,max_hold,4
MSFT,long,2026-02-13,2026-02-17,402.8582,396.1667,7,-0.01661,-46.84,max_hold,4
AMZN,long,2026-02-17,2026-02-20,198.2291,207.996,15,0.04927,146.5,max_hold,3
MA,long,2026-02-17,2026-02-20,514.3736,519.3173,6,0.00961,29.66,max_hold,3
V,long,2026-02-17,2026-02-20,313.9164,318.2208,9,0.01371,38.74,max_hold,3
AMD,long,2026-02-18,2026-02-23,198.5092,211.5242,15,0.06556,195.22,max_hold,5
MSFT,long,2026-02-18,2026-02-23,396.563,383.1182,7,-0.0339,-94.11,max_hold,5
WMT,long,2026-02-23,2026-02-26,123.0937,124.9618,25,0.01518,46.7,max_hold,3
CRM,long,2026-02-23,2026-02-26,180.4425,190.843,17,0.05764,176.81,max_hold,3
MA,long,2026-02-24,2026-02-27,493.1394,508.3517,6,0.03085,91.27,max_hold,3
MSFT,long,2026-02-24,2026-02-27,383.5015,391.8149,8,0.02168,66.51,max_hold,3
AMD,long,2026-02-24,2026-02-27,211.7358,193.7531,14,-0.08493,-251.76,max_hold,3
V,long,2026-02-24,2026-02-27,305.0204,314.6899,10,0.0317,96.69,max_hold,3
JPM,long,2026-02-25,2026-03-02,297.268,290.6563,10,-0.02224,-66.12,max_hold,5
GS,long,2026-03-02,2026-03-04,836.7324,857.7985,3,0.02518,63.2,signal_fade,2
NVDA,long,2026-03-02,2026-03-05,174.8842,179.5311,18,0.02657,83.64,max_hold,3
TSLA,long,2026-03-04,2026-03-05,398.0489,397.891,7,-0.0004,-1.11,signal_fade,1
AMD,long,2026-03-04,2026-03-09,192.2161,202.4087,16,0.05303,163.08,max_hold,5
HD,long,2026-03-04,2026-03-09,361.2404,347.9105,8,-0.0369,-106.64,max_hold,5
GS,long,2026-03-06,2026-03-09,812.8257,830.602,3,0.02187,53.33,max_hold,3
AAPL,long,2026-03-06,2026-03-09,258.5211,257.2841,12,-0.00478,-14.84,max_hold,3
WMT,long,2026-03-06,2026-03-09,122.0773,123.6576,25,0.01295,39.51,max_hold,3
LLY,long,2026-03-06,2026-03-09,973.8112,1003.7691,3,0.03076,89.87,max_hold,3
MRK,long,2026-03-06,2026-03-09,113.5539,115.4893,27,0.01704,52.26,max_hold,3
HD,long,2026-03-10,2026-03-13,348.2586,339.7207,9,-0.02452,-76.84,max_hold,3
GS,long,2026-03-12,2026-03-16,802.1873,802.3607,3,0.00022,0.52,max_hold,4
MA,long,2026-03-13,2026-03-16,495.956,509.4193,6,0.02715,80.78,max_hold,3
META,long,2026-03-16,2026-03-19,631.7305,602.6697,5,-0.046,-145.3,max_hold,3
AAPL,long,2026-03-16,2026-03-19,252.0039,247.6279,12,-0.01736,-52.51,max_hold,3
LLY,long,2026-03-18,2026-03-23,923.8721,904.9886,3,-0.02044,-56.65,max_hold,5
ABBV,long,2026-03-19,2026-03-23,206.7589,201.2687,15,-0.02655,-82.35,max_hold,4
ADBE,long,2026-03-19,2026-03-23,247.0835,245.787,12,-0.00525,-15.56,max_hold,4
MA,long,2026-03-19,2026-03-23,489.9233,494.5423,6,0.00943,27.71,max_hold,4
HD,long,2026-03-19,2026-03-23,326.6742,323.312,9,-0.01029,-30.26,max_hold,4
TSLA,long,2026-03-20,2026-03-23,380.0399,376.3717,8,-0.00965,-29.35,max_hold,3
MSFT,long,2026-03-23,2026-03-26,383.2619,360.9373,8,-0.05825,-178.6,max_hold,3
WMT,long,2026-03-23,2026-03-26,120.3106,121.7367,26,0.01185,37.08,max_hold,3
UNH,long,2026-03-24,2026-03-27,267.4767,258.5731,11,-0.03329,-97.94,max_hold,3
ABBV,long,2026-03-24,2026-03-27,201.4701,210.4083,15,0.04436,134.07,max_hold,3
ADBE,long,2026-03-25,2026-03-30,241.3206,241.5492,13,0.00095,2.97,max_hold,5
GOOGL,long,2026-03-25,2026-03-30,293.4115,277.7351,10,-0.05343,-156.76,max_hold,5
MSFT,long,2026-03-27,2026-03-30,361.2984,363.5802,8,0.00632,18.25,max_hold,3
UNH,long,2026-03-30,2026-04-01,258.8318,270.6083,12,0.0455,141.32,signal_fade,2
LLY,long,2026-03-30,2026-04-01,887.3967,942.9043,3,0.06255,166.52,signal_fade,2
TSLA,long,2026-03-31,2026-04-06,361.6908,346.2668,8,-0.04264,-123.39,max_hold,6
MSFT,long,2026-03-31,2026-04-06,363.944,369.3548,8,0.01487,43.29,max_hold,6
GOOGL,long,2026-03-31,2026-04-06,278.013,302.398,11,0.08771,268.24,max_hold,6
XOM,long,2026-04-02,2026-04-06,163.4627,163.0313,19,-0.00264,-8.2,max_hold,4
CVX,long,2026-04-02,2026-04-06,200.7723,198.056,15,-0.01353,-40.75,max_hold,4
TSLA,long,2026-04-07,2026-04-10,346.6132,349.895,9,0.00947,29.54,max_hold,3
XOM,long,2026-04-07,2026-04-10,163.1944,153.1533,19,-0.06153,-190.78,stop_loss,3
JNJ,long,2026-04-07,2026-04-10,239.5229,236.2326,13,-0.01374,-42.77,max_hold,3
CVX,long,2026-04-08,2026-04-13,189.7676,186.7948,16,-0.01567,-47.56,max_hold,5
COP,long,2026-04-09,2026-04-13,125.4211,120.6823,25,-0.03778,-118.47,max_hold,4
CRM,long,2026-04-10,2026-04-13,170.9045,174.6716,18,0.02204,67.81,max_hold,3
XOM,long,2026-04-13,2026-04-16,153.3066,143.8115,20,-0.06194,-189.9,max_hold,3
JNJ,long,2026-04-13,2026-04-16,236.4689,232.9034,13,-0.01508,-46.35,max_hold,3
COP,long,2026-04-14,2026-04-17,120.803,115.9201,26,-0.04042,-126.96,max_hold,3
TSLA,long,2026-04-14,2026-04-17,357.8488,402.3787,8,0.12444,356.24,max_hold,3
GS,long,2026-04-17,2026-04-17,911.9387,919.1672,3,0.00793,21.69,signal_fade,0
CVX,long,2026-04-15,2026-04-20,184.7609,182.2091,17,-0.01381,-43.38,max_hold,5
MRK,long,2026-04-15,2026-04-20,119.0041,115.6004,26,-0.0286,-88.5,max_hold,5
WMT,long,2026-04-16,2026-04-20,124.1552,127.5227,25,0.02712,84.19,max_hold,4
JNJ,long,2026-04-17,2026-04-20,233.1364,227.9245,13,-0.02236,-67.75,max_hold,3
COP,long,2026-04-20,2026-04-23,116.0361,122.4979,27,0.05569,174.47,max_hold,3
XOM,long,2026-04-20,2026-04-23,146.4596,148.5569,21,0.01432,44.04,max_hold,3
MRK,long,2026-04-21,2026-04-24,115.7161,110.3707,27,-0.04619,-144.33,max_hold,3
JNJ,long,2026-04-21,2026-04-24,228.1526,224.3668,13,-0.01659,-49.22,max_hold,3
CVX,long,2026-04-21,2026-04-24,182.3914,184.4079,17,0.01106,34.28,max_hold,3
META,long,2026-04-24,2026-04-24,660.0384,670.0435,4,0.01516,40.02,signal_fade,0
MRK,long,2026-04-27,2026-04-30,110.4811,111.4722,28,0.00897,27.75,max_hold,3
JNJ,long,2026-04-27,2026-04-30,224.5913,227.6363,14,0.01356,42.63,max_hold,3
ABBV,long,2026-04-27,2026-04-30,198.099,210.8945,15,0.06459,191.93,max_hold,3
AMD,long,2026-04-29,2026-05-01,326.7433,360.1298,9,0.10218,300.48,signal_fade,2
AVGO,long,2026-04-29,2026-05-04,403.0638,420.7832,7,0.04396,124.04,max_hold,5
MSFT,long,2026-04-30,2026-05-04,410.1271,414.2152,7,0.00997,28.62,max_hold,4
HD,long,2026-04-30,2026-05-04,320.0009,310.9212,9,-0.02837,-81.72,max_hold,4
MRK,long,2026-05-01,2026-05-04,111.5837,112.802,28,0.01092,34.11,max_hold,3
META,long,2026-05-04,2026-05-07,607.6808,614.323,5,0.01093,33.21,max_hold,3
MA,long,2026-05-04,2026-05-07,495.2475,499.8799,6,0.00935,27.79,max_hold,3
QCOM,long,2026-05-05,2026-05-08,167.1166,231.0406,19,0.38251,1214.56,max_hold,3
GS,long,2026-05-05,2026-05-08,906.1911,928.0934,3,0.02417,65.71,max_hold,3
HD,long,2026-05-05,2026-05-08,311.2323,313.9867,10,0.00885,27.54,max_hold,3
AMD,long,2026-05-05,2026-05-08,351.6858,460.3197,9,0.30889,977.71,max_hold,3
JNJ,long,2026-05-05,2026-05-08,224.2132,219.9444,14,-0.01904,-59.76,max_hold,3
JPM,long,2026-05-06,2026-05-11,311.6057,299.87,10,-0.03766,-117.36,max_hold,5
COP,long,2026-05-06,2026-05-11,117.1484,116.6117,27,-0.00458,-14.49,max_hold,5
SLB,long,2026-05-08,2026-05-11,52.9291,54.9443,61,0.03807,122.93,max_hold,3
DVN,long,2026-05-08,2026-05-11,45.698,46.4363,71,0.01616,52.42,max_hold,3
AVGO,long,2026-05-08,2026-05-11,419.3462,422.5495,7,0.00764,22.42,max_hold,3
WMT,long,2026-05-11,2026-05-14,130.2451,133.6232,25,0.02594,84.45,max_hold,3
META,long,2026-05-11,2026-05-14,604.3122,613.1148,5,0.01457,44.01,max_hold,3
COST,long,2026-05-11,2026-05-14,1006.3229,1048.8353,3,0.04225,127.54,max_hold,3
HD,long,2026-05-11,2026-05-14,314.3008,297.9252,10,-0.0521,-163.76,max_hold,3
MA,long,2026-05-11,2026-05-14,495.2475,493.2533,6,-0.00403,-11.97,max_hold,3
AMZN,long,2026-05-12,2026-05-15,266.8433,263.7381,12,-0.01164,-37.26,max_hold,3
MSFT,long,2026-05-12,2026-05-15,413.791,415.5117,7,0.00416,12.05,max_hold,3
BAC,long,2026-05-12,2026-05-15,50.6224,49.4383,65,-0.02339,-76.97,max_hold,3
JNJ,long,2026-05-12,2026-05-15,221.8357,225.3009,14,0.01562,48.51,max_hold,3
DVN,long,2026-05-13,2026-05-18,46.294,49.7511,71,0.07468,245.45,max_hold,5
QCOM,long,2026-05-15,2026-05-18,201.0084,196.0375,16,-0.02473,-79.53,max_hold,3
HD,long,2026-05-15,2026-05-18,298.2233,289.5522,11,-0.02908,-95.38,max_hold,3
MA,long,2026-05-15,2026-05-18,493.7467,507.3062,6,0.02746,81.36,max_hold,3
JPM,long,2026-05-15,2026-05-18,300.3601,300.9395,11,0.00193,6.37,max_hold,3
AMD,long,2026-05-18,2026-05-20,429.7147,441.769,7,0.02805,84.38,signal_fade,2
GOOGL,long,2026-05-18,2026-05-21,395.6515,386.9252,8,-0.02206,-69.81,max_hold,3
QCOM,long,2026-05-19,2026-05-22,196.2337,239.7143,16,0.22158,695.69,max_hold,3
HD,long,2026-05-19,2026-05-22,289.8419,312.5581,11,0.07837,249.88,max_hold,3
WMT,long,2026-05-22,2026-05-26,121.4007,118.2708,27,-0.02578,-84.51,max_hold,4
AMD,long,2026-05-22,2026-05-26,470.0749,507.746,7,0.08014,263.7,max_hold,4
GOOGL,long,2026-05-22,2026-05-26,387.3123,386.246,8,-0.00275,-8.53,max_hold,4
NVDA,long,2026-05-26,2026-05-29,216.3961,215.3711,15,-0.00474,-15.37,max_hold,3
WMT,long,2026-05-27,2026-06-01,118.3892,113.8131,28,-0.03865,-128.13,max_hold,5
COP,long,2026-05-27,2026-06-01,115.2676,115.4223,29,0.00134,4.49,max_hold,5
GOOGL,long,2026-05-27,2026-06-01,386.6324,366.188,8,-0.05288,-163.56,max_hold,5
CVX,long,2026-05-27,2026-06-01,181.9409,184.7876,18,0.01565,51.24,max_hold,5
ADBE,long,2026-05-27,2026-06-01,237.8789,267.846,14,0.12598,419.54,max_hold,5
COST,long,2026-05-27,2026-06-01,1004.3619,941.8188,3,-0.06227,-187.63,max_hold,5
XOM,long,2026-05-28,2026-06-01,149.4147,148.9555,22,-0.00307,-10.1,max_hold,4
JPM,long,2026-05-29,2026-06-01,296.5482,296.3518,11,-0.00066,-2.16,max_hold,3
NVDA,long,2026-06-01,2026-06-04,215.5866,214.4227,15,-0.0054,-17.46,max_hold,3
WMT,long,2026-06-02,2026-06-05,113.9269,118.1909,29,0.03743,123.65,max_hold,3
QCOM,long,2026-06-02,2026-06-05,231.2618,220.9195,14,-0.04472,-144.79,max_hold,3
MRK,long,2026-06-02,2026-06-05,113.7393,119.9272,29,0.0544,179.45,max_hold,3
GOOGL,long,2026-06-02,2026-06-05,366.5543,364.9974,9,-0.00425,-14.01,max_hold,3
COST,long,2026-06-02,2026-06-05,942.7611,962.9783,3,0.02144,60.65,max_hold,3
COP,long,2026-06-02,2026-06-05,115.5377,117.911,29,0.02054,68.82,max_hold,3
JNJ,long,2026-06-02,2026-06-05,222.6913,232.6536,15,0.04474,149.43,max_hold,3
MA,long,2026-06-03,2026-06-08,477.5887,483.6481,7,0.01269,42.42,max_hold,5
AMD,long,2026-06-05,2026-06-08,499.7798,502.4986,6,0.00544,16.31,max_hold,3
QCOM,long,2026-06-08,2026-06-09,221.1405,199.3603,15,-0.09849,-326.7,stop_loss,1
TSLA,long,2026-06-08,2026-06-11,396.5282,399.2902,8,0.00697,22.1,max_hold,3
QCOM,long,2026-06-10,2026-06-15,199.5597,225.7171,16,0.13108,418.52,max_hold,5
AAPL,long,2026-06-10,2026-06-15,290.8854,295.1024,11,0.0145,46.39,max_hold,5
MA,short,2026-06-10,2026-06-15,497.2213,492.1059,6,0.01029,30.69,max_hold,5
ADBE,long,2026-06-12,2026-06-15,202.5012,205.2773,16,0.01371,44.42,max_hold,3
AMD,long,2026-06-16,2026-06-16,547.1635,529.3951,6,-0.03247,-106.61,stop_loss,0
ADBE,long,2026-06-16,2026-06-22,205.4827,197.861,16,-0.03709,-121.95,max_hold,6
AAPL,long,2026-06-16,2026-06-22,295.3976,297.3912,11,0.00675,21.93,max_hold,6
MRK,long,2026-06-16,2026-06-22,115.9379,116.4717,29,0.0046,15.48,max_hold,6
AMD,long,2026-06-17,2026-06-22,529.9248,508.8254,6,-0.03982,-126.6,max_hold,5
SLB,long,2026-06-18,2026-06-22,50.125,47.3763,67,-0.05484,-184.17,max_hold,4
CVX,long,2026-06-22,2026-06-25,174.167,172.1539,19,-0.01156,-38.25,max_hold,3
ABBV,long,2026-06-22,2026-06-25,222.051,245.1374,15,0.10397,346.3,max_hold,3
COP,long,2026-06-22,2026-06-25,109.5848,106.2968,30,-0.03,-98.64,max_hold,3
MSFT,long,2026-06-23,2026-06-26,372.5662,377.3113,9,0.01274,42.71,max_hold,3
ADBE,long,2026-06-23,2026-06-26,198.059,206.5667,17,0.04296,144.63,max_hold,3
AMZN,long,2026-06-23,2026-06-26,232.6663,234.1029,14,0.00617,20.11,max_hold,3
SLB,long,2026-06-23,2026-06-26,47.4237,46.8965,71,-0.01112,-37.43,max_hold,3
GS,long,2026-06-29,2026-06-29,1029.7045,1018.7803,3,-0.01061,-32.77,signal_fade,0
QCOM,long,2026-06-29,2026-06-30,193.1265,184.6976,17,-0.04364,-143.29,end_of_period,1
AVGO,long,2026-06-29,2026-06-30,373.8068,377.5611,9,0.01004,33.79,end_of_period,1
GOOGL,long,2026-06-29,2026-06-30,342.0009,357.1913,9,0.04442,136.71,end_of_period,1
