symbol,side,entry_date,exit_date,entry_price,exit_price,qty,pnl_pct,pnl_dollar,exit_reason,hold_days
DVN,long,2021-01-05,2021-01-11,12.4925,14.2629,200,0.14171,354.07,max_hold,6
NVDA,long,2021-01-05,2021-01-11,13.0536,13.6904,191,0.04878,121.62,max_hold,6
COP,long,2021-01-05,2021-01-11,33.121,37.8406,75,0.14249,353.97,max_hold,6
SLB,long,2021-01-05,2021-01-11,19.7492,22.6418,126,0.14647,364.47,max_hold,6
WMT,long,2021-01-06,2021-01-11,45.0301,46.1974,55,0.02592,64.2,max_hold,5
CRM,long,2021-01-07,2021-01-12,213.4458,213.203,11,-0.00114,-2.67,max_hold,5
META,long,2021-01-07,2021-01-12,263.7171,249.2356,9,-0.05491,-130.33,max_hold,5
UNH,short,2021-01-07,2021-01-12,325.905,323.9563,7,0.00598,13.64,max_hold,5
COST,long,2021-01-08,2021-01-13,347.5005,345.1539,7,-0.00675,-16.43,max_hold,5
MA,long,2021-01-13,2021-01-15,339.3567,317.0828,7,-0.06564,-155.92,stop_loss,2
DVN,long,2021-01-12,2021-01-19,14.2771,15.421,179,0.08012,204.75,max_hold,7
ADBE,long,2021-01-12,2021-01-19,474.6472,462.4986,5,-0.02559,-60.74,max_hold,7
META,long,2021-01-13,2021-01-19,249.4849,266.4556,10,0.06802,169.71,max_hold,6
MSFT,long,2021-01-13,2021-01-19,204.5525,207.8617,12,0.01618,39.71,max_hold,6
JPM,short,2021-01-15,2021-01-20,120.3481,118.9433,21,0.01167,29.5,max_hold,5
DVN,long,2021-01-20,2021-01-21,15.4364,13.5619,166,-0.12143,-311.16,stop_loss,1
NVDA,long,2021-01-20,2021-01-25,13.0656,13.5192,196,0.03472,88.9,max_hold,5
ADBE,long,2021-01-20,2021-01-25,462.9614,473.4931,5,0.02275,52.66,max_hold,5
V,long,2021-01-20,2021-01-25,195.09,193.6759,13,-0.00725,-18.38,max_hold,5
COST,long,2021-01-20,2021-01-25,334.5397,339.6843,7,0.01538,36.01,max_hold,5
AMD,long,2021-01-21,2021-01-26,89.3847,91.0544,28,0.01868,46.75,max_hold,5
BAC,long,2021-01-22,2021-01-27,27.507,26.6558,93,-0.03094,-79.16,max_hold,5
DVN,long,2021-01-22,2021-01-27,13.5755,13.2724,189,-0.02233,-57.28,max_hold,5
MRK,long,2021-01-22,2021-01-27,64.9372,61.8168,39,-0.04805,-121.7,max_hold,5
SLB,long,2021-01-22,2021-01-27,21.0735,19.6406,121,-0.06799,-173.37,stop_loss,5
NVDA,long,2021-01-26,2021-02-01,13.5327,13.3382,189,-0.01437,-36.75,max_hold,6
V,long,2021-01-26,2021-02-01,193.8696,192.8023,13,-0.00551,-13.87,max_hold,6
GS,long,2021-01-26,2021-02-01,249.8343,244.6532,10,-0.02074,-51.81,max_hold,6
UNH,long,2021-01-26,2021-02-01,318.9247,306.4165,8,-0.03922,-100.07,max_hold,6
COP,long,2021-01-27,2021-02-01,33.7301,34.1651,75,0.0129,32.62,max_hold,5
ABBV,long,2021-01-27,2021-02-01,87.0936,84.2232,29,-0.03296,-83.24,max_hold,5
SLB,long,2021-01-28,2021-02-02,19.6603,20.1556,127,0.02519,62.91,max_hold,5
DVN,long,2021-01-28,2021-02-02,13.2857,13.0895,189,-0.01476,-37.07,max_hold,5
BAC,long,2021-01-28,2021-02-02,26.6825,27.0852,94,0.01509,37.85,max_hold,5
AMD,long,2021-01-28,2021-02-02,89.8749,88.5557,27,-0.01468,-35.62,max_hold,5
MSFT,short,2021-01-28,2021-02-02,224.9623,228.9722,11,-0.01782,-44.11,max_hold,5
JNJ,short,2021-01-28,2021-02-02,144.2546,138.1662,17,0.04221,103.5,max_hold,5
COP,long,2021-02-02,2021-02-08,34.1992,38.005,73,0.11128,277.82,max_hold,6
MRK,long,2021-02-02,2021-02-08,62.4486,60.2288,40,-0.03555,-88.79,max_hold,6
DVN,long,2021-02-03,2021-02-08,13.1026,14.4381,193,0.10192,257.75,max_hold,5
SLB,long,2021-02-03,2021-02-08,20.1758,22.8638,125,0.13323,336.0,max_hold,5
NVDA,long,2021-02-03,2021-02-08,13.588,14.276,186,0.05063,127.97,max_hold,5
AMD,long,2021-02-04,2021-02-09,88.2641,91.4543,28,0.03614,89.32,max_hold,5
TSLA,long,2021-02-04,2021-02-09,285.1425,281.0727,8,-0.01427,-32.56,max_hold,5
UNH,long,2021-02-05,2021-02-10,302.1827,304.5077,8,0.00769,18.6,max_hold,5
WMT,long,2021-02-05,2021-02-10,44.5242,44.6906,57,0.00374,9.48,max_hold,5
DVN,long,2021-02-09,2021-02-16,14.4525,15.7333,178,0.08862,227.98,max_hold,7
MRK,long,2021-02-09,2021-02-16,60.2891,59.7156,42,-0.00951,-24.09,max_hold,7
QCOM,long,2021-02-09,2021-02-16,131.2206,129.5524,19,-0.01271,-31.69,max_hold,7
SLB,long,2021-02-10,2021-02-16,23.3221,24.2199,110,0.03849,98.76,max_hold,6
TSLA,long,2021-02-10,2021-02-16,281.3539,259.5668,9,-0.07744,-196.08,max_hold,6
NVDA,long,2021-02-10,2021-02-16,14.4123,15.1025,178,0.04789,122.85,max_hold,6
ABBV,long,2021-02-10,2021-02-16,86.8478,85.7131,29,-0.01307,-32.91,max_hold,6
MA,long,2021-02-10,2021-02-16,325.1753,328.7679,7,0.01105,25.15,max_hold,6
QCOM,long,2021-02-17,2021-02-22,129.6821,121.1656,19,-0.06567,-161.81,max_hold,5
TSLA,long,2021-02-17,2021-02-22,259.8265,220.5997,9,-0.15097,-353.04,stop_loss,5
AAPL,long,2021-02-17,2021-02-22,127.7831,120.3705,20,-0.05801,-148.25,max_hold,5
MRK,long,2021-02-17,2021-02-22,59.7753,60.3812,43,0.01014,26.05,max_hold,5
ADBE,short,2021-02-17,2021-02-22,495.1623,461.2505,5,0.06849,169.56,max_hold,5
DVN,long,2021-02-19,2021-02-24,15.7338,17.0591,164,0.08423,217.34,max_hold,5
ABBV,long,2021-02-22,2021-03-01,85.7661,89.1105,30,0.03899,100.33,max_hold,7
WMT,long,2021-02-22,2021-03-01,42.749,40.7746,60,-0.04618,-118.46,max_hold,7
JPM,short,2021-02-22,2021-03-01,128.6148,131.5572,20,-0.02288,-58.85,max_hold,7
TSLA,long,2021-02-23,2021-03-01,220.8204,239.307,11,0.08372,203.35,max_hold,6
QCOM,long,2021-02-23,2021-03-01,121.2868,124.3817,21,0.02552,64.99,max_hold,6
AAPL,long,2021-02-23,2021-03-01,120.491,124.8932,21,0.03654,92.45,max_hold,6
MRK,long,2021-02-24,2021-03-01,60.0483,58.4164,42,-0.02718,-68.54,max_hold,5
HD,long,2021-02-25,2021-03-02,226.8502,226.2134,11,-0.00281,-7.0,max_hold,5
COST,long,2021-02-25,2021-03-02,322.3932,310.0897,8,-0.03816,-98.43,max_hold,5
DVN,long,2021-02-26,2021-03-03,16.0313,17.4705,160,0.08978,230.27,max_hold,5
NVDA,long,2021-03-02,2021-03-03,13.8511,12.7429,187,-0.08,-207.22,stop_loss,1
TSLA,long,2021-03-02,2021-03-03,239.5464,218.4907,10,-0.0879,-210.56,stop_loss,1
CRM,long,2021-03-02,2021-03-08,214.7932,208.4673,12,-0.02945,-75.91,max_hold,6
WMT,long,2021-03-02,2021-03-08,40.8154,39.9344,63,-0.02159,-55.5,max_hold,6
NVDA,long,2021-03-04,2021-03-08,12.7557,12.0796,201,-0.053,-135.89,stop_loss,4
AMD,long,2021-03-04,2021-03-08,80.2701,76.6916,31,-0.04458,-110.93,stop_loss,4
COST,long,2021-03-05,2021-03-10,298.2552,312.2063,8,0.04678,111.61,max_hold,5
AMD,long,2021-03-09,2021-03-15,76.7684,83.6182,33,0.08923,226.04,max_hold,6
NVDA,long,2021-03-09,2021-03-15,12.0917,13.3008,211,0.09999,255.11,max_hold,6
TSLA,long,2021-03-09,2021-03-15,202.828,234.3328,12,0.15533,378.06,max_hold,6
DVN,long,2021-03-11,2021-03-16,18.4566,18.0483,139,-0.02212,-56.74,max_hold,5
JNJ,long,2021-03-12,2021-03-17,137.5938,138.2589,18,0.00483,11.97,max_hold,5
WMT,long,2021-03-12,2021-03-17,41.1289,40.8359,63,-0.00712,-18.46,max_hold,5
NVDA,long,2021-03-16,2021-03-22,13.3141,13.1989,196,-0.00865,-22.57,max_hold,6
AMD,long,2021-03-16,2021-03-22,83.7018,80.0899,31,-0.04315,-111.97,max_hold,6
LLY,long,2021-03-17,2021-03-22,180.2803,175.9424,14,-0.02406,-60.73,max_hold,5
DVN,long,2021-03-17,2021-03-22,18.0664,16.7371,144,-0.07358,-191.41,max_hold,5
SLB,long,2021-03-17,2021-03-22,24.8514,24.0683,104,-0.03151,-81.44,max_hold,5
MRK,long,2021-03-18,2021-03-23,62.5681,61.5428,41,-0.01639,-42.04,max_hold,5
GOOGL,long,2021-03-19,2021-03-24,100.6448,100.5105,25,-0.00133,-3.36,max_hold,5
COP,long,2021-03-19,2021-03-24,44.2651,43.2002,58,-0.02406,-61.76,max_hold,5
MA,long,2021-03-22,2021-03-29,345.5011,349.8491,7,0.01258,30.44,max_hold,7
NVDA,long,2021-03-23,2021-03-29,13.2121,12.7884,195,-0.03207,-82.63,max_hold,6
DVN,long,2021-03-23,2021-03-29,16.7539,16.5906,153,-0.00975,-24.98,max_hold,6
AMD,long,2021-03-23,2021-03-29,80.1701,76.4318,32,-0.04663,-119.63,max_hold,6
XOM,long,2021-03-23,2021-03-29,45.0799,46.6087,57,0.03391,87.14,max_hold,6
SLB,long,2021-03-26,2021-03-31,24.8603,24.4876,103,-0.01499,-38.39,max_hold,5
AVGO,long,2021-03-26,2021-03-31,41.2695,42.6213,62,0.03276,83.82,max_hold,5
GS,long,2021-03-29,2021-04-05,282.988,286.3586,9,0.01191,30.34,max_hold,7
NVDA,long,2021-03-30,2021-04-05,12.8012,13.9413,201,0.08906,229.17,max_hold,6
DVN,long,2021-03-30,2021-04-05,16.6072,17.5547,154,0.05706,145.92,max_hold,6
AMD,long,2021-03-30,2021-04-05,76.5082,81.1694,33,0.06092,153.82,max_hold,6
V,long,2021-03-31,2021-04-05,204.5548,209.2247,12,0.02283,56.04,max_hold,5
JNJ,long,2021-04-01,2021-04-06,140.4618,141.1412,18,0.00484,12.23,max_hold,5
XOM,long,2021-04-01,2021-04-06,46.2122,46.2234,55,0.00024,0.62,max_hold,5
SLB,long,2021-04-01,2021-04-06,24.5121,24.5411,105,0.00118,3.05,max_hold,5
MA,long,2021-04-01,2021-04-06,346.5688,357.9559,7,0.03286,79.71,max_hold,5
UNH,long,2021-04-01,2021-04-06,339.8633,332.2168,7,-0.0225,-53.53,max_hold,5
CVX,long,2021-04-06,2021-04-12,83.9288,81.6814,31,-0.02678,-69.67,max_hold,6
GS,long,2021-04-06,2021-04-12,286.6451,290.7887,9,0.01446,37.29,max_hold,6
NVDA,long,2021-04-06,2021-04-12,13.9553,15.1679,186,0.0869,225.55,max_hold,6
MRK,long,2021-04-06,2021-04-12,62.2846,61.4619,41,-0.01321,-33.73,max_hold,6
AMD,long,2021-04-06,2021-04-12,81.2506,79.6302,32,-0.01994,-51.85,max_hold,6
DVN,long,2021-04-07,2021-04-12,17.6186,16.8451,147,-0.0439,-113.7,max_hold,5
ABBV,long,2021-04-07,2021-04-12,86.479,88.4392,30,0.02267,58.81,max_hold,5
JNJ,long,2021-04-07,2021-04-12,141.2824,135.3679,18,-0.04186,-106.46,max_hold,5
XOM,long,2021-04-07,2021-04-12,46.2697,45.33,56,-0.02031,-52.63,max_hold,5
TSLA,long,2021-04-08,2021-04-13,225.9062,256.7715,11,0.13663,339.52,max_hold,5
DVN,long,2021-04-13,2021-04-19,16.862,16.8451,154,-0.001,-2.6,max_hold,6
AMD,long,2021-04-13,2021-04-19,79.7098,80.7796,32,0.01342,34.23,max_hold,6
CVX,long,2021-04-13,2021-04-19,81.7632,82.7029,31,0.01149,29.13,max_hold,6
SLB,long,2021-04-13,2021-04-19,23.4316,23.3368,111,-0.00405,-10.52,max_hold,6
QCOM,long,2021-04-15,2021-04-20,121.5252,118.5651,21,-0.02436,-62.16,max_hold,5
META,long,2021-04-15,2021-04-20,303.8251,299.1718,8,-0.01532,-37.23,max_hold,5
BAC,long,2021-04-16,2021-04-21,34.6515,34.1237,75,-0.01523,-39.58,max_hold,5
NVDA,long,2021-04-20,2021-04-26,15.2746,15.5135,171,0.01564,40.85,max_hold,6
DVN,long,2021-04-20,2021-04-26,16.862,16.9299,155,0.00403,10.54,max_hold,6
SLB,long,2021-04-20,2021-04-26,23.3601,23.5509,111,0.00817,21.17,max_hold,6
COP,long,2021-04-20,2021-04-26,41.9476,41.8559,62,-0.00219,-5.69,max_hold,6
JPM,long,2021-04-21,2021-04-26,130.3129,132.5698,19,0.01732,42.88,max_hold,5
AVGO,long,2021-04-21,2021-04-26,41.1411,42.7685,62,0.03956,100.9,max_hold,5
QCOM,long,2021-04-21,2021-04-26,118.6837,123.8229,21,0.0433,107.92,max_hold,5
BAC,long,2021-04-22,2021-04-27,34.1579,35.1629,76,0.02942,76.38,max_hold,5
DVN,long,2021-04-27,2021-05-03,16.9469,18.3106,155,0.08047,211.37,max_hold,6
COST,long,2021-04-27,2021-05-03,348.234,358.9148,7,0.03067,74.77,max_hold,6
SLB,long,2021-04-27,2021-05-03,23.5744,25.1923,111,0.06863,179.58,max_hold,6
UNH,long,2021-04-28,2021-05-03,360.8468,369.8819,7,0.02504,63.25,max_hold,5
NVDA,long,2021-04-28,2021-05-03,15.3157,14.5762,171,-0.04829,-126.46,max_hold,5
TSLA,long,2021-04-29,2021-05-04,233.2866,226.9065,11,-0.02735,-70.18,max_hold,5
MSFT,long,2021-04-29,2021-05-04,244.7216,238.3522,10,-0.02603,-63.69,max_hold,5
MRK,long,2021-04-30,2021-05-05,59.5879,62.6512,44,0.05141,134.78,max_hold,5
MA,long,2021-04-30,2021-05-05,372.0727,360.3224,7,-0.03158,-82.25,max_hold,5
AMD,long,2021-05-04,2021-05-10,77.989,73.5332,33,-0.05713,-147.04,max_hold,6
DVN,long,2021-05-04,2021-05-10,18.3289,19.4521,144,0.06128,161.74,max_hold,6
TSLA,long,2021-05-05,2021-05-10,227.1335,199.6468,11,-0.12102,-302.35,stop_loss,5
NVDA,long,2021-05-05,2021-05-10,14.6623,13.7673,180,-0.06104,-161.09,max_hold,5
TSLA,long,2021-05-11,2021-05-17,199.8465,189.2387,13,-0.05308,-137.9,max_hold,6
QCOM,long,2021-05-11,2021-05-17,111.9194,116.619,23,0.04199,108.09,max_hold,6
ADBE,long,2021-05-11,2021-05-17,471.2655,484.3877,5,0.02784,65.61,max_hold,6
DVN,long,2021-05-11,2021-05-17,19.4715,21.1027,134,0.08377,218.57,max_hold,6
HD,long,2021-05-13,2021-05-18,280.3415,273.9157,9,-0.02292,-57.83,max_hold,5
DVN,long,2021-05-18,2021-05-19,21.1238,19.4135,124,-0.08096,-212.07,stop_loss,1
TSLA,long,2021-05-18,2021-05-24,189.428,202.3354,13,0.06814,167.8,max_hold,6
AVGO,long,2021-05-18,2021-05-24,40.1199,41.7031,65,0.03946,102.91,max_hold,6
CVX,long,2021-05-20,2021-05-25,83.9946,85.0911,31,0.01305,33.99,max_hold,5
DVN,long,2021-05-20,2021-05-25,19.4329,19.9303,134,0.02559,66.64,max_hold,5
AMZN,long,2021-05-24,2021-06-01,160.8554,161.0744,16,0.00136,3.5,max_hold,8
CVX,long,2021-05-26,2021-06-01,85.1762,87.281,31,0.02471,65.25,max_hold,6
DVN,long,2021-05-26,2021-06-01,19.9502,23.4011,132,0.17297,455.52,max_hold,6
TSLA,long,2021-05-26,2021-06-01,202.6213,206.6067,13,0.01967,51.81,max_hold,6
XOM,long,2021-05-26,2021-06-01,48.4922,50.5228,54,0.04188,109.66,max_hold,6
MRK,long,2021-05-26,2021-06-01,62.8029,60.9279,42,-0.02986,-78.75,max_hold,6
AAPL,long,2021-05-28,2021-06-02,122.4608,121.4713,21,-0.00808,-20.78,max_hold,5
ADBE,long,2021-06-04,2021-06-07,498.9794,510.8944,5,0.02388,59.58,signal_fade,3
HD,long,2021-06-07,2021-06-14,274.8501,272.4838,9,-0.00861,-21.3,max_hold,7
MRK,long,2021-06-08,2021-06-14,61.9134,64.5638,43,0.04281,113.97,max_hold,6
DVN,long,2021-06-10,2021-06-15,23.5944,22.8401,113,-0.03197,-85.24,max_hold,5
BAC,long,2021-06-11,2021-06-16,37.0104,37.1591,72,0.00402,10.71,max_hold,5
GS,long,2021-06-11,2021-06-16,333.0035,330.7404,8,-0.0068,-18.1,max_hold,5
SLB,long,2021-06-15,2021-06-18,30.5364,28.4369,87,-0.06875,-182.66,stop_loss,3
JPM,long,2021-06-15,2021-06-21,138.1692,132.6579,19,-0.03989,-104.72,max_hold,6
WMT,long,2021-06-15,2021-06-21,44.066,42.581,60,-0.0337,-89.1,max_hold,6
AVGO,long,2021-06-16,2021-06-21,42.5013,42.4554,62,-0.00108,-2.85,max_hold,5
DVN,long,2021-06-18,2021-06-23,20.9726,22.7152,126,0.08309,219.56,max_hold,5
BAC,long,2021-06-18,2021-06-23,34.5318,35.7619,77,0.03562,94.71,max_hold,5
SLB,long,2021-06-21,2021-06-28,28.4654,28.9116,93,0.01568,41.5,max_hold,7
CVX,long,2021-06-21,2021-06-28,84.8339,85.1481,31,0.0037,9.74,max_hold,7
AMZN,short,2021-06-21,2021-06-28,173.7341,172.027,15,0.00983,25.61,max_hold,7
DVN,long,2021-06-24,2021-06-29,22.7379,22.1846,117,-0.02434,-64.74,max_hold,5
BAC,long,2021-06-24,2021-06-29,35.7977,36.0449,74,0.00691,18.29,max_hold,5
WMT,long,2021-06-24,2021-06-29,42.6048,43.6218,62,0.02387,63.05,max_hold,5
LLY,long,2021-06-28,2021-07-06,218.556,223.7531,12,0.02378,62.37,max_hold,8
SLB,long,2021-06-29,2021-07-06,28.9406,27.8727,92,-0.0369,-98.25,max_hold,7
DVN,long,2021-06-30,2021-07-06,22.2068,21.9973,120,-0.00943,-25.14,max_hold,6
BAC,long,2021-06-30,2021-07-06,36.0809,34.9925,74,-0.03017,-80.54,max_hold,6
WMT,long,2021-06-30,2021-07-06,43.6655,43.6843,61,0.00043,1.15,max_hold,6
MSFT,short,2021-06-30,2021-07-06,259.6504,268.2733,10,-0.03321,-86.23,max_hold,6
DVN,long,2021-07-07,2021-07-12,22.0193,22.2314,120,0.00963,25.45,max_hold,5
SLB,long,2021-07-07,2021-07-12,27.9006,27.6936,95,-0.00742,-19.67,max_hold,5
XOM,long,2021-07-07,2021-07-12,50.9313,50.7307,52,-0.00394,-10.43,max_hold,5
BAC,long,2021-07-07,2021-07-12,35.0275,35.7972,76,0.02198,58.5,max_hold,5
AAPL,short,2021-07-07,2021-07-12,139.8459,140.4637,19,-0.00442,-11.74,max_hold,5
MSFT,short,2021-07-07,2021-07-12,268.0052,266.4681,9,0.00574,13.83,max_hold,5
GS,long,2021-07-08,2021-07-13,318.8129,335.3713,8,0.05194,132.47,max_hold,5
TSLA,long,2021-07-08,2021-07-13,209.5614,223.4715,12,0.06638,166.92,max_hold,5
JPM,long,2021-07-09,2021-07-14,135.7285,136.3459,19,0.00455,11.73,max_hold,5
AMZN,short,2021-07-09,2021-07-14,186.0329,184.8024,14,0.00661,17.23,max_hold,5
SLB,long,2021-07-13,2021-07-15,27.7213,26.0903,97,-0.05883,-158.2,stop_loss,2
DVN,long,2021-07-13,2021-07-16,22.2536,19.1881,120,-0.13775,-367.86,stop_loss,3
NVDA,long,2021-07-15,2021-07-16,19.7533,17.8446,134,-0.09663,-255.77,stop_loss,1
COST,short,2021-07-12,2021-07-19,392.0668,392.4211,6,-0.0009,-2.13,max_hold,7
COP,long,2021-07-13,2021-07-19,49.7996,44.7406,54,-0.10159,-273.19,stop_loss,6
BAC,long,2021-07-13,2021-07-19,35.8331,32.596,75,-0.09034,-242.78,stop_loss,6
SLB,long,2021-07-16,2021-07-19,26.1164,23.9139,101,-0.08434,-222.46,stop_loss,3
TSLA,long,2021-07-15,2021-07-20,219.5731,219.7601,12,0.00085,2.24,max_hold,5
AAPL,short,2021-07-15,2021-07-20,145.3993,141.9266,18,0.02388,62.51,max_hold,5
MA,short,2021-07-15,2021-07-20,379.2149,365.8657,7,0.0352,93.44,max_hold,5
V,short,2021-07-16,2021-07-21,240.6951,234.9508,11,0.02387,63.19,max_hold,5
DVN,long,2021-07-19,2021-07-26,19.2073,20.4991,136,0.06725,175.68,max_hold,7
NVDA,long,2021-07-19,2021-07-26,17.8624,19.189,146,0.07427,193.68,max_hold,7
AVGO,long,2021-07-19,2021-07-26,42.2155,43.7457,62,0.03625,94.87,max_hold,7
COP,long,2021-07-20,2021-07-26,44.7854,47.3242,58,0.05669,147.25,max_hold,6
SLB,long,2021-07-20,2021-07-26,23.9378,26.0008,109,0.08618,224.86,max_hold,6
BAC,long,2021-07-20,2021-07-26,32.6286,33.3565,80,0.02231,58.23,max_hold,6
JPM,long,2021-07-20,2021-07-26,129.9376,133.2451,20,0.02545,66.15,max_hold,6
GS,long,2021-07-20,2021-07-26,312.2362,329.8371,8,0.05637,140.81,max_hold,6
TSLA,long,2021-07-22,2021-07-27,218.9227,215.5588,12,-0.01537,-40.37,max_hold,5
TSLA,long,2021-07-28,2021-07-30,215.7745,233.2167,12,0.08084,209.31,signal_fade,2
DVN,long,2021-07-27,2021-08-02,20.5196,19.711,130,-0.03941,-105.12,max_hold,6
BAC,long,2021-07-27,2021-08-02,33.3899,33.6572,80,0.00801,21.38,max_hold,6
NVDA,long,2021-07-27,2021-08-02,19.2082,19.6621,139,0.02363,63.1,max_hold,6
SLB,long,2021-07-27,2021-08-02,26.0268,25.3559,102,-0.02578,-68.43,max_hold,6
MRK,long,2021-07-27,2021-08-02,66.0579,65.2992,40,-0.01149,-30.35,max_hold,6
XOM,long,2021-07-28,2021-08-02,48.284,47.8782,55,-0.00841,-22.32,max_hold,5
LLY,short,2021-07-29,2021-08-03,235.9761,244.3247,11,-0.03538,-91.83,max_hold,5
DVN,long,2021-08-03,2021-08-09,19.7307,20.9595,135,0.06228,165.89,max_hold,6
BAC,long,2021-08-03,2021-08-09,33.6909,36.0006,79,0.06856,182.47,max_hold,6
SLB,long,2021-08-03,2021-08-09,25.3813,25.2484,105,-0.00523,-13.95,max_hold,6
COP,long,2021-08-03,2021-08-09,46.469,47.0629,57,0.01278,33.86,max_hold,6
V,long,2021-08-04,2021-08-09,228.4164,231.5675,11,0.0138,34.66,max_hold,5
MA,long,2021-08-04,2021-08-09,357.3522,361.8647,7,0.01263,31.59,max_hold,5
LLY,short,2021-08-05,2021-08-10,251.0214,257.2948,10,-0.02499,-62.73,max_hold,5
AMZN,long,2021-08-06,2021-08-11,168.8344,164.4178,15,-0.02616,-66.25,max_hold,5
COST,short,2021-08-06,2021-08-11,420.02,420.6968,6,-0.00161,-4.06,max_hold,5
GS,short,2021-08-09,2021-08-16,351.1681,357.9455,7,-0.0193,-47.44,max_hold,7
DVN,long,2021-08-10,2021-08-16,20.9804,20.9907,128,0.00049,1.31,max_hold,6
SLB,long,2021-08-10,2021-08-16,25.2737,24.6125,106,-0.02616,-70.08,max_hold,6
CVX,long,2021-08-10,2021-08-16,82.0958,81.5741,32,-0.00635,-16.69,max_hold,6
NVDA,long,2021-08-11,2021-08-16,19.9839,19.6073,134,-0.01884,-50.46,max_hold,5
V,long,2021-08-12,2021-08-17,225.7263,225.5296,11,-0.00087,-2.16,max_hold,5
AMZN,long,2021-08-12,2021-08-17,164.5822,162.0185,16,-0.01558,-41.02,max_hold,5
MA,long,2021-08-13,2021-08-18,352.468,346.9057,7,-0.01578,-38.94,max_hold,5
SLB,long,2021-08-17,2021-08-23,24.6371,24.8006,108,0.00664,17.65,max_hold,6
COP,long,2021-08-17,2021-08-23,45.8954,46.4984,58,0.01314,34.97,max_hold,6
TSLA,long,2021-08-17,2021-08-23,224.3321,236.7749,11,0.05547,136.87,max_hold,6
XOM,long,2021-08-17,2021-08-23,46.9021,46.678,57,-0.00478,-12.78,max_hold,6
NVDA,long,2021-08-17,2021-08-23,19.627,21.6672,136,0.10395,277.47,max_hold,6
V,long,2021-08-18,2021-08-23,225.7552,226.6095,11,0.00378,9.4,max_hold,5
AMZN,long,2021-08-18,2021-08-23,162.1806,163.918,16,0.01071,27.8,max_hold,5
BAC,long,2021-08-20,2021-08-25,35.4878,37.5836,74,0.05905,155.08,max_hold,5
UNH,short,2021-08-23,2021-08-30,394.1986,382.1656,6,0.03053,72.2,max_hold,7
CRM,short,2021-08-24,2021-08-30,257.337,260.3974,10,-0.01189,-30.6,max_hold,6
AMD,long,2021-08-25,2021-08-30,108.1841,111.2044,24,0.02792,72.49,max_hold,5
XOM,long,2021-08-25,2021-08-30,46.6824,46.374,57,-0.00661,-17.58,max_hold,5
DVN,long,2021-08-25,2021-08-30,22.3786,23.1444,120,0.03422,91.89,max_hold,5
SLB,long,2021-08-25,2021-08-30,25.3006,25.1536,106,-0.00581,-15.58,max_hold,5
LLY,long,2021-08-25,2021-08-30,251.6052,251.4111,10,-0.00077,-1.94,max_hold,5
MA,long,2021-08-26,2021-08-31,348.3231,337.6523,7,-0.03063,-74.7,max_hold,5
WMT,long,2021-08-27,2021-09-01,46.3227,46.4678,58,0.00313,8.41,max_hold,5
MRK,long,2021-08-30,2021-09-07,65.3132,64.9657,41,-0.00532,-14.25,max_hold,8
XOM,long,2021-08-31,2021-09-07,46.4204,46.2559,58,-0.00355,-9.55,max_hold,7
SLB,long,2021-08-31,2021-09-07,25.1788,25.1536,107,-0.001,-2.69,max_hold,7
COP,long,2021-08-31,2021-09-07,47.0257,47.459,57,0.00921,24.7,max_hold,7
META,short,2021-08-31,2021-09-07,376.4542,377.0391,7,-0.00155,-4.09,max_hold,7
MA,long,2021-09-01,2021-09-07,337.9901,335.339,8,-0.00784,-21.21,max_hold,6
BAC,long,2021-09-02,2021-09-07,36.5772,36.514,73,-0.00173,-4.62,max_hold,5
ABBV,long,2021-09-02,2021-09-07,95.2326,90.5376,28,-0.0493,-131.46,max_hold,5
ABBV,long,2021-09-08,2021-09-13,90.6282,90.479,29,-0.00165,-4.33,max_hold,5
LLY,long,2021-09-08,2021-09-13,243.773,228.3399,11,-0.06331,-169.76,max_hold,5
XOM,long,2021-09-08,2021-09-13,46.3021,47.0157,58,0.01541,41.39,max_hold,5
WMT,long,2021-09-08,2021-09-13,46.1469,45.6396,58,-0.01099,-29.42,max_hold,5
SLB,long,2021-09-08,2021-09-13,25.1788,25.6124,107,0.01722,46.4,max_hold,5
DVN,long,2021-09-09,2021-09-14,21.8787,22.9545,123,0.04917,132.32,max_hold,5
MSFT,short,2021-09-13,2021-09-20,285.9613,284.4582,9,0.00526,13.53,max_hold,7
LLY,long,2021-09-14,2021-09-20,228.5683,221.9695,11,-0.02887,-72.59,max_hold,6
AMD,long,2021-09-14,2021-09-20,105.5728,102.0989,25,-0.0329,-86.85,max_hold,6
DVN,long,2021-09-15,2021-09-20,22.9775,22.883,117,-0.00411,-11.05,max_hold,5
XOM,long,2021-09-15,2021-09-20,46.7923,45.9013,57,-0.01904,-50.79,max_hold,5
ABBV,long,2021-09-15,2021-09-20,89.3953,89.0211,30,-0.00419,-11.23,max_hold,5
SLB,long,2021-09-15,2021-09-20,25.3949,24.8387,106,-0.0219,-58.95,max_hold,5
DVN,long,2021-09-21,2021-09-27,22.9059,28.2108,117,0.23159,620.67,max_hold,6
BAC,long,2021-09-21,2021-09-27,34.9401,38.6028,76,0.10483,278.37,max_hold,6
SLB,long,2021-09-21,2021-09-27,24.8636,27.7175,108,0.11478,308.23,max_hold,6
NVDA,long,2021-09-21,2021-09-27,21.3576,21.134,125,-0.01047,-27.95,max_hold,6
GS,long,2021-09-21,2021-09-27,339.2085,356.3089,7,0.05041,119.7,max_hold,6
XOM,long,2021-09-21,2021-09-27,45.9472,50.5699,58,0.10061,268.12,max_hold,6
QCOM,long,2021-09-22,2021-09-27,119.6373,118.7606,22,-0.00733,-19.29,max_hold,5
META,long,2021-09-22,2021-09-27,344.3794,344.7684,7,0.00113,2.72,max_hold,5
LLY,long,2021-09-28,2021-09-30,216.7627,220.9556,12,0.01934,50.31,signal_fade,2
ADBE,long,2021-09-28,2021-10-04,596.6082,563.628,4,-0.05528,-131.92,max_hold,6
NVDA,long,2021-09-28,2021-10-04,21.1552,19.8748,130,-0.06052,-166.45,stop_loss,6
SLB,long,2021-09-28,2021-10-04,27.7453,28.1224,99,0.01359,37.33,max_hold,6
GOOGL,long,2021-09-29,2021-10-04,135.8439,132.7965,20,-0.02243,-60.95,max_hold,5
ADBE,long,2021-10-05,2021-10-11,564.1919,578.8704,4,0.02602,58.71,max_hold,6
NVDA,long,2021-10-05,2021-10-11,19.8947,20.7495,138,0.04297,117.96,max_hold,6
META,long,2021-10-05,2021-10-11,325.8825,320.0579,8,-0.01787,-46.6,max_hold,6
SLB,long,2021-10-07,2021-10-12,27.5832,29.2019,100,0.05869,161.88,max_hold,5
QCOM,long,2021-10-13,2021-10-18,112.9693,118.1026,24,0.04544,123.2,max_hold,5
NVDA,long,2021-10-13,2021-10-18,20.86,22.192,132,0.06386,175.83,max_hold,5
META,long,2021-10-13,2021-10-18,324.2858,336.525,8,0.03774,97.91,max_hold,5
ABBV,long,2021-10-19,2021-10-25,91.4638,92.2712,30,0.00883,24.22,max_hold,6
GOOGL,long,2021-10-21,2021-10-26,140.5932,138.1106,19,-0.01766,-47.17,max_hold,5
JPM,long,2021-10-22,2021-10-27,151.6955,150.0019,18,-0.01116,-30.48,max_hold,5
HD,short,2021-10-22,2021-10-27,323.7643,331.1915,8,-0.02294,-59.42,max_hold,5
GOOGL,long,2021-10-27,2021-10-29,138.2488,146.6714,20,0.06092,168.45,signal_fade,2
AMZN,long,2021-10-26,2021-11-01,167.5592,165.6676,16,-0.01129,-30.27,max_hold,6
META,long,2021-10-27,2021-11-01,311.6107,328.3311,8,0.05366,133.76,max_hold,5
MA,long,2021-10-27,2021-11-01,339.0212,326.1569,8,-0.03795,-102.91,max_hold,5
DVN,long,2021-10-28,2021-11-02,31.4102,33.8164,88,0.0766,211.74,max_hold,5
SLB,long,2021-10-28,2021-11-02,29.2852,29.2919,95,0.00023,0.64,max_hold,5
V,long,2021-10-29,2021-11-03,201.9077,201.6577,13,-0.00124,-3.25,max_hold,5
ADBE,long,2021-11-02,2021-11-04,641.4406,676.4016,4,0.0545,139.84,signal_fade,2
AMZN,long,2021-11-02,2021-11-08,165.8334,175.6746,16,0.05934,157.46,max_hold,6
HD,long,2021-11-02,2021-11-08,325.1537,327.9068,8,0.00847,22.02,max_hold,6
COP,long,2021-11-03,2021-11-08,61.6491,64.2663,45,0.04245,117.77,max_hold,5
MA,long,2021-11-03,2021-11-08,320.0243,340.6289,8,0.06438,164.84,max_hold,5
SLB,long,2021-11-03,2021-11-08,29.3212,30.7763,95,0.04963,138.23,max_hold,5
XOM,long,2021-11-03,2021-11-08,54.1192,55.5256,51,0.02599,71.73,max_hold,5
UNH,long,2021-11-03,2021-11-08,414.2428,425.0377,6,0.02606,64.77,max_hold,5
V,long,2021-11-04,2021-11-09,201.8595,206.2527,13,0.02176,57.11,max_hold,5
TSLA,long,2021-11-09,2021-11-09,391.3956,336.6349,7,-0.13991,-383.32,stop_loss,0
AAPL,long,2021-11-05,2021-11-10,148.5675,145.556,19,-0.02027,-57.22,max_hold,5
BAC,long,2021-11-05,2021-11-10,42.3516,42.0515,66,-0.00709,-19.81,max_hold,5
AMD,long,2021-11-11,2021-11-11,143.0315,145.957,19,0.02045,55.58,signal_fade,0
TSLA,long,2021-11-10,2021-11-15,336.9717,334.2695,8,-0.00802,-21.62,max_hold,5
DVN,long,2021-11-11,2021-11-16,33.8502,34.1261,83,0.00815,22.89,max_hold,5
SLB,long,2021-11-12,2021-11-17,29.2492,28.7701,96,-0.01638,-45.99,max_hold,5
LLY,long,2021-11-15,2021-11-22,249.1658,248.9935,11,-0.00069,-1.89,max_hold,7
TSLA,long,2021-11-16,2021-11-22,334.6039,388.9754,8,0.1625,434.97,max_hold,6
GS,long,2021-11-18,2021-11-23,349.4065,360.3574,8,0.03134,87.61,max_hold,5
V,long,2021-11-18,2021-11-23,199.6431,191.3983,14,-0.0413,-115.43,max_hold,5
MRK,long,2021-11-18,2021-11-23,71.0806,71.4409,39,0.00507,14.05,max_hold,5
SLB,long,2021-11-18,2021-11-23,28.7989,27.7265,98,-0.03724,-105.09,max_hold,5
BAC,long,2021-11-18,2021-11-23,41.5598,42.1493,68,0.01419,40.09,max_hold,5
XOM,long,2021-11-22,2021-11-29,51.6605,51.7287,54,0.00132,3.68,max_hold,7
COP,long,2021-11-22,2021-11-29,59.0949,59.926,47,0.01406,39.06,max_hold,7
QCOM,long,2021-11-23,2021-11-29,162.7227,165.1561,17,0.01495,41.37,max_hold,6
TSLA,long,2021-11-24,2021-11-29,360.3101,381.2659,7,0.05816,146.69,max_hold,5
CRM,long,2021-11-26,2021-12-01,279.8016,248.3962,10,-0.11224,-314.05,stop_loss,5
MA,long,2021-11-29,2021-12-01,321.4954,301.3008,8,-0.06281,-161.56,stop_loss,2
DVN,long,2021-12-01,2021-12-01,34.9232,31.9823,80,-0.08421,-235.27,stop_loss,0
SLB,long,2021-11-29,2021-12-06,27.4121,27.5548,103,0.00521,14.7,max_hold,7
MRK,long,2021-11-29,2021-12-06,66.0021,62.1484,43,-0.05839,-165.71,max_hold,7
BAC,long,2021-11-29,2021-12-06,41.3017,39.7978,68,-0.03641,-102.27,max_hold,7
WMT,long,2021-11-30,2021-12-06,44.4291,43.7949,64,-0.01427,-40.59,max_hold,6
XOM,long,2021-11-30,2021-12-06,51.7804,53.3372,54,0.03006,84.06,max_hold,6
DVN,long,2021-12-02,2021-12-07,32.0142,35.992,87,0.12425,346.06,max_hold,5
CRM,long,2021-12-02,2021-12-07,248.6448,263.6152,11,0.06021,164.67,max_hold,5
META,long,2021-12-02,2021-12-07,308.8436,322.0098,9,0.04263,118.5,max_hold,5
AMD,long,2021-12-02,2021-12-07,147.7538,144.8875,18,-0.0194,-51.59,max_hold,5
BAC,long,2021-12-07,2021-12-13,39.8377,38.9315,70,-0.02275,-63.43,max_hold,6
SLB,long,2021-12-07,2021-12-13,27.5824,26.823,101,-0.02753,-76.69,max_hold,6
NVDA,long,2021-12-09,2021-12-13,31.6499,27.598,89,-0.12802,-360.62,stop_loss,4
COST,long,2021-12-09,2021-12-14,502.9894,519.0305,5,0.03189,80.21,max_hold,5
LLY,long,2021-12-09,2021-12-14,234.853,251.4884,12,0.07083,199.62,max_hold,5
JPM,long,2021-12-09,2021-12-14,142.4347,142.4706,19,0.00025,0.68,max_hold,5
WMT,long,2021-12-09,2021-12-14,43.0788,45.7383,65,0.06174,172.87,max_hold,5
CRM,long,2021-12-09,2021-12-14,261.6464,250.3907,10,-0.04302,-112.56,max_hold,5
QCOM,long,2021-12-09,2021-12-14,164.633,166.4591,17,0.01109,31.04,max_hold,5
DVN,long,2021-12-10,2021-12-15,34.8113,32.6485,81,-0.06213,-175.19,stop_loss,5
BAC,long,2021-12-14,2021-12-20,38.9705,38.8868,72,-0.00215,-6.02,max_hold,6
AMD,long,2021-12-14,2021-12-20,131.7358,138.1209,21,0.04847,134.09,max_hold,6
COP,long,2021-12-14,2021-12-20,59.8756,58.8578,47,-0.017,-47.84,max_hold,6
UNH,short,2021-12-14,2021-12-20,442.2137,449.3641,6,-0.01617,-42.9,max_hold,6
NVDA,long,2021-12-15,2021-12-20,28.3247,28.2705,99,-0.00191,-5.37,max_hold,5
TSLA,long,2021-12-15,2021-12-20,317.8955,305.4705,8,-0.03909,-99.4,max_hold,5
SLB,long,2021-12-15,2021-12-20,26.7595,26.1545,105,-0.02261,-63.52,max_hold,5
DVN,long,2021-12-16,2021-12-21,32.6811,33.4253,87,0.02277,64.74,max_hold,5
ABBV,short,2021-12-17,2021-12-22,110.9527,112.3285,25,-0.0124,-34.4,max_hold,5
ADBE,long,2021-12-21,2021-12-27,551.1854,582.5486,5,0.0569,156.82,max_hold,6
AMD,long,2021-12-21,2021-12-27,138.2591,155.8021,20,0.12688,350.86,max_hold,6
NVDA,long,2021-12-21,2021-12-27,28.2988,31.1978,99,0.10244,287.0,max_hold,6
SLB,long,2021-12-21,2021-12-27,26.1807,26.9224,107,0.02833,79.37,max_hold,6
BAC,long,2021-12-21,2021-12-27,38.9258,39.7175,72,0.02034,57.0,max_hold,6
DVN,long,2021-12-23,2021-12-28,34.4387,35.8122,82,0.03988,112.62,max_hold,5
WMT,long,2021-12-23,2021-12-28,44.0783,44.9351,64,0.01944,54.84,max_hold,5
MRK,long,2021-12-27,2021-12-30,66.2621,67.1888,42,0.01399,38.92,end_of_period,3
BAC,long,2021-12-28,2021-12-30,39.7572,39.771,72,0.00035,1.0,end_of_period,2
SLB,long,2021-12-28,2021-12-30,26.9494,26.9405,106,-0.00033,-0.94,end_of_period,2
ADBE,long,2021-12-28,2021-12-30,583.1314,570.2448,4,-0.0221,-51.55,end_of_period,2
CRM,long,2021-12-28,2021-12-30,255.4406,250.8623,11,-0.01792,-50.36,end_of_period,2
NVDA,long,2021-12-29,2021-12-30,30.1928,29.4781,95,-0.02367,-67.89,end_of_period,1
ADBE,long,2022-01-04,2022-01-05,564.182,509.745,5,-0.09649,-272.18,stop_loss,1
SLB,long,2022-01-04,2022-01-10,29.0655,31.9817,98,0.10033,285.78,max_hold,6
NVDA,long,2022-01-05,2022-01-10,28.8723,27.2233,99,-0.05711,-163.24,max_hold,5
MSFT,long,2022-01-05,2022-01-10,314.0556,301.7259,9,-0.03926,-110.97,max_hold,5
ADBE,long,2022-01-06,2022-01-11,510.255,532.8235,5,0.04423,112.84,max_hold,5
UNH,long,2022-01-07,2022-01-12,431.5286,438.6557,6,0.01652,42.76,max_hold,5
COST,long,2022-01-10,2022-01-18,503.4555,465.5129,5,-0.07536,-189.71,stop_loss,8
CRM,long,2022-01-11,2022-01-18,225.0214,223.4898,12,-0.00681,-18.38,max_hold,7
AMD,long,2022-01-11,2022-01-18,133.5167,133.4832,21,-0.00025,-0.7,max_hold,7
NVDA,long,2022-01-12,2022-01-18,27.9926,25.9839,102,-0.07176,-204.89,stop_loss,6
HD,long,2022-01-12,2022-01-18,346.1936,327.0451,8,-0.05531,-153.19,max_hold,6
UNH,long,2022-01-13,2022-01-18,439.0946,431.3831,6,-0.01756,-46.27,max_hold,5
LLY,long,2022-01-13,2022-01-18,244.0554,236.384,11,-0.03143,-84.39,max_hold,5
COST,long,2022-01-19,2022-01-19,465.9786,466.3301,6,0.00075,2.11,signal_fade,0
NVDA,long,2022-01-19,2022-01-20,26.0099,23.4213,108,-0.09952,-279.57,stop_loss,1
AVGO,long,2022-01-19,2022-01-21,53.7021,48.9725,52,-0.08807,-245.94,stop_loss,2
GS,long,2022-01-18,2022-01-24,322.3661,302.2045,8,-0.06254,-161.29,max_hold,6
TSLA,long,2022-01-20,2022-01-24,336.7449,304.581,8,-0.09551,-257.31,stop_loss,4
HD,long,2022-01-20,2022-01-24,322.1565,318.9932,8,-0.00982,-25.31,signal_fade,4
NVDA,long,2022-01-21,2022-01-26,23.4447,23.482,119,0.00159,4.44,max_hold,5
COST,long,2022-01-21,2022-01-26,458.3976,462.6907,6,0.00937,25.76,max_hold,5
AMD,long,2022-01-25,2022-01-27,114.157,101.4992,24,-0.11088,-303.79,stop_loss,2
AVGO,long,2022-01-24,2022-01-31,49.0215,54.0441,56,0.10246,281.27,max_hold,7
BAC,long,2022-01-24,2022-01-31,39.2476,41.2715,70,0.05157,141.67,max_hold,7
MA,long,2022-01-25,2022-01-31,334.9009,375.9239,8,0.12249,328.18,max_hold,6
NVDA,long,2022-01-27,2022-02-01,23.5055,25.6999,118,0.09336,258.94,max_hold,5
AMD,long,2022-01-28,2022-02-02,101.6008,120.2598,27,0.18365,503.79,max_hold,5
TSLA,long,2022-02-02,2022-02-07,309.548,301.6924,9,-0.02538,-70.7,max_hold,5
ABBV,long,2022-02-02,2022-02-07,116.1357,121.6917,24,0.04784,133.34,max_hold,5
META,long,2022-02-04,2022-02-09,233.041,226.1697,12,-0.02949,-82.46,max_hold,5
MRK,long,2022-02-07,2022-02-14,68.6947,67.5111,41,-0.01723,-48.53,max_hold,7
GS,short,2022-02-07,2022-02-14,326.9186,325.9923,8,0.00283,7.41,max_hold,7
META,long,2022-02-10,2022-02-15,226.396,210.4557,12,-0.07041,-191.28,max_hold,5
GOOGL,long,2022-02-14,2022-02-22,132.1513,130.4262,21,-0.01305,-36.23,max_hold,8
JNJ,long,2022-02-15,2022-02-22,146.2161,142.9194,19,-0.02255,-62.64,max_hold,7
META,long,2022-02-16,2022-02-22,210.6662,202.2816,13,-0.0398,-109.0,max_hold,6
CRM,long,2022-02-18,2022-02-23,197.0904,181.5075,14,-0.07907,-218.16,max_hold,5
BAC,long,2022-02-18,2022-02-23,41.1876,38.4046,68,-0.06757,-189.25,max_hold,5
TSLA,long,2022-02-23,2022-02-23,276.9484,233.3466,10,-0.15744,-436.02,stop_loss,0
META,long,2022-02-23,2022-02-28,202.484,207.939,13,0.02694,70.92,max_hold,5
HD,long,2022-02-23,2022-02-28,284.701,280.2034,9,-0.0158,-40.48,max_hold,5
CRM,long,2022-02-24,2022-02-28,181.6891,209.666,15,0.15398,419.65,signal_fade,4
TSLA,long,2022-02-24,2022-03-01,233.5801,290.5646,11,0.24396,626.83,max_hold,5
V,long,2022-02-28,2022-03-04,209.1675,193.3252,13,-0.07574,-205.95,stop_loss,4
HD,long,2022-03-01,2022-03-04,280.4838,288.8165,10,0.02971,83.33,signal_fade,3
MA,long,2022-03-01,2022-03-04,349.0746,321.1764,8,-0.07992,-223.19,stop_loss,3
BAC,long,2022-03-01,2022-03-07,39.0777,35.0652,72,-0.10268,-288.91,stop_loss,6
NVDA,long,2022-03-02,2022-03-07,23.6971,21.2349,118,-0.1039,-290.54,stop_loss,5
SLB,long,2022-03-02,2022-03-07,34.989,39.0141,80,0.11504,322.0,max_hold,5
QCOM,long,2022-03-02,2022-03-07,150.2948,136.8883,18,-0.0892,-241.32,stop_loss,5
AVGO,long,2022-03-02,2022-03-07,53.0502,52.7804,53,-0.00509,-14.3,max_hold,5
V,long,2022-03-07,2022-03-14,193.5186,195.5019,14,0.01025,27.77,max_hold,7
MA,long,2022-03-07,2022-03-14,321.4978,323.944,8,0.00761,19.57,max_hold,7
AMD,long,2022-03-08,2022-03-14,102.8614,102.6087,26,-0.00246,-6.57,max_hold,6
BAC,long,2022-03-08,2022-03-14,35.1002,37.0307,78,0.055,150.57,max_hold,6
QCOM,long,2022-03-08,2022-03-14,137.0253,129.4742,20,-0.05511,-151.02,max_hold,6
AVGO,long,2022-03-08,2022-03-14,52.8332,53.2508,52,0.0079,21.72,max_hold,6
LLY,short,2022-03-11,2022-03-16,255.4292,267.202,10,-0.04609,-117.73,max_hold,5
HD,short,2022-03-14,2022-03-21,289.3497,295.3888,9,-0.02087,-54.35,max_hold,7
AMD,long,2022-03-15,2022-03-21,102.7113,115.3723,27,0.12327,341.85,max_hold,6
DVN,long,2022-03-15,2022-03-21,41.5722,50.1856,67,0.20719,577.1,max_hold,6
TSLA,long,2022-03-15,2022-03-21,258.5526,309.845,10,0.19838,512.92,max_hold,6
XOM,long,2022-03-15,2022-03-21,68.253,70.6156,40,0.03462,94.51,max_hold,6
QCOM,long,2022-03-15,2022-03-21,129.6037,141.2404,21,0.08979,244.37,max_hold,6
GS,short,2022-03-17,2022-03-22,303.545,306.2175,9,-0.0088,-24.05,max_hold,5
SLB,long,2022-03-18,2022-03-23,35.7873,38.5066,79,0.07598,214.82,max_hold,5
UNH,long,2022-03-23,2022-03-23,464.8064,466.8656,6,0.00443,12.36,signal_fade,0
MRK,long,2022-03-21,2022-03-28,70.0798,71.7584,40,0.02395,67.15,max_hold,7
JNJ,long,2022-03-23,2022-03-28,155.2153,158.06,18,0.01833,51.2,max_hold,5
WMT,long,2022-03-23,2022-03-28,45.3059,46.3547,63,0.02315,66.07,max_hold,5
CVX,long,2022-03-23,2022-03-28,140.1424,137.9023,20,-0.01598,-44.8,max_hold,5
AMD,long,2022-03-23,2022-03-28,114.3471,122.2189,25,0.06884,196.79,max_hold,5
QCOM,long,2022-03-24,2022-03-29,140.3358,144.8203,20,0.03196,89.69,max_hold,5
LLY,long,2022-03-30,2022-04-01,280.2916,282.1025,10,0.00646,18.11,signal_fade,2
HD,long,2022-03-28,2022-04-04,278.9564,274.4302,10,-0.01623,-45.26,max_hold,7
ADBE,long,2022-03-28,2022-04-04,433.6367,469.0853,6,0.08175,212.69,max_hold,7
CVX,long,2022-03-29,2022-04-04,138.0403,139.1843,21,0.00829,24.02,max_hold,6
JNJ,long,2022-03-29,2022-04-04,158.2181,156.1575,18,-0.01302,-37.09,max_hold,6
COP,long,2022-03-30,2022-04-04,86.9262,86.4194,33,-0.00583,-16.72,max_hold,5
BAC,long,2022-03-30,2022-04-04,39.0262,36.2947,74,-0.06999,-202.13,max_hold,5
UNH,long,2022-04-05,2022-04-05,471.9598,479.0872,6,0.0151,42.76,signal_fade,0
AMD,long,2022-04-01,2022-04-06,110.5352,103.868,26,-0.06032,-173.35,max_hold,5
ABBV,long,2022-04-05,2022-04-06,138.8466,143.6601,20,0.03467,96.27,signal_fade,1
COP,long,2022-04-05,2022-04-11,86.5059,85.7339,33,-0.00892,-25.48,max_hold,6
JNJ,long,2022-04-05,2022-04-11,156.3137,158.5732,18,0.01446,40.67,max_hold,6
JPM,long,2022-04-05,2022-04-11,121.222,119.3575,23,-0.01538,-42.88,max_hold,6
BAC,long,2022-04-05,2022-04-11,36.3311,35.5139,79,-0.02249,-64.55,max_hold,6
QCOM,long,2022-04-06,2022-04-11,129.9675,125.3128,22,-0.03581,-102.4,max_hold,5
SLB,long,2022-04-06,2022-04-11,37.1662,38.0534,77,0.02387,68.32,max_hold,5
GS,long,2022-04-08,2022-04-11,282.4226,289.4282,10,0.02481,70.06,signal_fade,3
AMD,long,2022-04-07,2022-04-12,103.972,95.2524,27,-0.08386,-235.43,stop_loss,5
CRM,long,2022-04-07,2022-04-12,195.8316,188.6306,14,-0.03677,-100.81,max_hold,5
GOOGL,long,2022-04-12,2022-04-18,130.5086,126.5059,22,-0.03067,-88.06,max_hold,6
COP,long,2022-04-12,2022-04-18,85.8197,88.1161,33,0.02676,75.78,max_hold,6
AMD,long,2022-04-13,2022-04-18,95.3477,93.3433,30,-0.02102,-60.13,max_hold,5
TSLA,long,2022-04-13,2022-04-18,327.1902,334.8525,8,0.02342,61.3,max_hold,5
ABBV,long,2022-04-14,2022-04-19,136.5323,135.1083,21,-0.01043,-29.9,max_hold,5
NVDA,long,2022-04-20,2022-04-21,22.4611,20.2324,128,-0.09923,-285.28,stop_loss,1
TSLA,long,2022-04-19,2022-04-25,335.1875,331.6441,8,-0.01057,-28.35,max_hold,6
AMD,long,2022-04-19,2022-04-25,93.4367,89.6951,30,-0.04004,-112.25,max_hold,6
GS,short,2022-04-19,2022-04-25,297.3369,286.3584,9,0.03692,98.81,max_hold,6
LLY,long,2022-04-25,2022-04-25,268.8804,275.7714,10,0.02563,68.91,signal_fade,0
HD,short,2022-04-21,2022-04-26,284.0539,270.2558,10,0.04858,137.98,max_hold,5
TSLA,long,2022-04-26,2022-04-26,331.9759,299.3769,8,-0.0982,-260.79,stop_loss,0
COP,long,2022-04-22,2022-04-27,83.9497,79.7269,33,-0.0503,-139.35,max_hold,5
META,long,2022-04-22,2022-04-27,188.8071,201.053,15,0.06486,183.69,stop_loss,5
CVX,long,2022-04-22,2022-04-27,138.7748,132.7914,20,-0.04312,-119.67,max_hold,5
DVN,long,2022-04-25,2022-05-02,46.1099,50.1034,61,0.08661,243.6,max_hold,7
COST,long,2022-04-25,2022-05-02,543.2956,505.211,5,-0.0701,-190.42,stop_loss,7
AMD,long,2022-04-26,2022-05-02,89.7849,89.8051,31,0.00023,0.63,max_hold,6
TSLA,long,2022-04-27,2022-05-02,299.6764,300.9095,9,0.00411,11.1,max_hold,5
NVDA,long,2022-04-28,2022-05-03,18.9199,19.8537,150,0.04935,140.07,max_hold,5
CVX,long,2022-04-28,2022-05-03,132.9243,139.1337,21,0.04671,130.4,max_hold,5
UNH,long,2022-04-28,2022-05-03,478.2155,461.7809,5,-0.03437,-82.17,max_hold,5
COP,long,2022-04-28,2022-05-03,79.8067,86.548,35,0.08447,235.94,max_hold,5
AMZN,long,2022-05-03,2022-05-06,124.1155,111.2568,23,-0.1036,-295.75,stop_loss,3
ABBV,long,2022-05-02,2022-05-09,126.8448,130.7101,22,0.03047,85.04,max_hold,7
AMD,long,2022-05-03,2022-05-09,89.8949,89.1354,31,-0.00845,-23.54,max_hold,6
COST,long,2022-05-03,2022-05-09,505.7164,485.8604,5,-0.03926,-99.28,max_hold,6
HD,short,2022-05-03,2022-05-09,273.9194,267.7084,10,0.02267,62.11,max_hold,6
MSFT,short,2022-05-03,2022-05-09,273.9652,262.3894,10,0.04225,115.76,max_hold,6
UNH,long,2022-05-04,2022-05-09,462.2429,456.5205,6,-0.01238,-34.33,max_hold,5
NVDA,long,2022-05-04,2022-05-09,19.8736,17.6275,144,-0.11302,-323.44,stop_loss,5
ADBE,short,2022-05-05,2022-05-10,415.3422,390.185,6,0.06057,150.94,max_hold,5
V,long,2022-05-06,2022-05-11,197.3049,188.5478,14,-0.04438,-122.6,max_hold,5
MA,long,2022-05-06,2022-05-11,338.2277,314.0008,8,-0.07163,-193.82,max_hold,5
TSLA,long,2022-05-09,2022-05-11,278.9561,233.5498,10,-0.16277,-454.06,stop_loss,2
NVDA,long,2022-05-10,2022-05-12,17.6451,16.7296,160,-0.05188,-146.48,stop_loss,2
AMZN,long,2022-05-10,2022-05-16,111.3056,113.2184,25,0.01718,47.82,max_hold,6
SLB,long,2022-05-10,2022-05-16,34.8983,38.5338,81,0.10417,294.47,max_hold,6
XOM,long,2022-05-10,2022-05-16,74.1587,80.1657,38,0.081,228.27,max_hold,6
COP,long,2022-05-10,2022-05-16,84.8161,92.17,33,0.0867,242.68,max_hold,6
TSLA,long,2022-05-12,2022-05-17,233.7835,248.0493,11,0.06102,156.92,max_hold,5
MA,long,2022-05-12,2022-05-17,314.3149,325.5646,8,0.03579,90.0,max_hold,5
AAPL,long,2022-05-13,2022-05-18,141.8155,137.0587,19,-0.03354,-90.38,max_hold,5
COST,long,2022-05-13,2022-05-18,470.5165,410.2408,5,-0.12811,-301.38,stop_loss,5
TSLA,long,2022-05-18,2022-05-20,248.2974,218.2308,11,-0.12109,-330.73,stop_loss,2
AMZN,long,2022-05-17,2022-05-23,113.3316,103.973,25,-0.08258,-233.97,max_hold,6
COST,long,2022-05-19,2022-05-24,410.6512,415.922,6,0.01284,31.62,max_hold,5
WMT,long,2022-05-19,2022-05-24,38.3962,39.3511,73,0.02487,69.71,max_hold,5
QCOM,long,2022-05-19,2022-05-24,118.6442,116.1179,23,-0.02129,-58.11,max_hold,5
CVX,long,2022-05-20,2022-05-25,143.7467,150.074,19,0.04402,120.22,max_hold,5
TSLA,long,2022-05-23,2022-05-31,218.4492,251.5941,12,0.15173,397.74,max_hold,8
AVGO,long,2022-05-24,2022-05-31,48.9597,54.5684,57,0.11456,319.7,max_hold,7
AMD,long,2022-05-25,2022-05-31,90.4752,102.0789,31,0.12825,359.72,max_hold,6
COST,long,2022-05-25,2022-05-31,416.3382,447.4261,6,0.07467,186.53,max_hold,6
UNH,short,2022-05-25,2022-05-31,460.8749,461.151,6,-0.0006,-1.66,max_hold,6
GS,short,2022-05-25,2022-05-31,280.0439,296.3127,10,-0.05809,-162.69,max_hold,6
WMT,long,2022-05-26,2022-05-31,39.8035,40.7792,71,0.02451,69.28,max_hold,5
ABBV,long,2022-05-31,2022-06-06,128.5661,126.9513,22,-0.01256,-35.52,max_hold,6
MRK,long,2022-06-01,2022-06-06,80.6353,79.219,35,-0.01756,-49.57,max_hold,5
JNJ,long,2022-06-01,2022-06-06,159.7073,157.6151,18,-0.0131,-37.66,max_hold,5
CVX,long,2022-06-01,2022-06-06,150.4285,150.9074,19,0.00318,9.1,max_hold,5
NVDA,long,2022-06-08,2022-06-10,18.7563,15.9477,153,-0.14974,-429.72,stop_loss,2
AMZN,long,2022-06-09,2022-06-10,120.05,104.1379,23,-0.13255,-365.98,stop_loss,1
AVGO,long,2022-06-07,2022-06-13,52.1093,48.7538,55,-0.06439,-184.55,stop_loss,6
MRK,long,2022-06-07,2022-06-13,79.2983,75.101,36,-0.05293,-151.1,max_hold,6
WMT,long,2022-06-09,2022-06-14,38.7552,38.0722,74,-0.01762,-50.54,max_hold,5
GS,long,2022-06-10,2022-06-15,269.1191,255.8959,10,-0.04914,-132.23,max_hold,5
BAC,long,2022-06-10,2022-06-15,30.4322,28.434,93,-0.06566,-185.83,max_hold,5
AMD,long,2022-06-13,2022-06-16,91.3056,82.1489,30,-0.10029,-274.7,stop_loss,3
DVN,long,2022-06-14,2022-06-16,59.8679,52.4314,46,-0.12422,-342.08,stop_loss,2
CVX,long,2022-06-14,2022-06-16,144.1638,131.6985,19,-0.08647,-236.84,stop_loss,2
COP,long,2022-06-14,2022-06-16,98.2418,87.3583,28,-0.11078,-304.74,stop_loss,2
COP,long,2022-06-17,2022-06-17,87.4457,82.65,31,-0.05484,-148.67,stop_loss,0
DVN,long,2022-06-17,2022-06-17,52.4838,49.8888,52,-0.04944,-134.94,stop_loss,0
MA,long,2022-06-17,2022-06-17,299.8872,308.4188,9,0.02845,76.78,signal_fade,0
NVDA,long,2022-06-13,2022-06-21,15.9637,16.173,176,0.01311,36.84,max_hold,8
JPM,long,2022-06-13,2022-06-21,105.6612,103.7671,26,-0.01793,-49.25,max_hold,8
UNH,short,2022-06-13,2022-06-21,439.2513,441.8067,6,-0.00582,-15.33,max_hold,8
META,long,2022-06-14,2022-06-21,164.667,156.9228,16,-0.04703,-123.91,max_hold,7
ABBV,long,2022-06-15,2022-06-21,118.1261,124.1863,23,0.0513,139.38,max_hold,6
AMD,long,2022-06-17,2022-06-22,82.2311,84.2778,33,0.02489,67.54,max_hold,5
CVX,long,2022-06-17,2022-06-22,131.8303,126.52,20,-0.04028,-106.21,max_hold,5
COP,long,2022-06-21,2022-06-23,82.7327,77.4682,32,-0.06363,-168.46,stop_loss,2
XOM,long,2022-06-21,2022-06-27,77.4903,79.6326,35,0.02765,74.98,max_hold,6
META,long,2022-06-22,2022-06-27,157.0798,168.3368,17,0.07166,191.37,max_hold,5
NVDA,long,2022-06-22,2022-06-27,16.1892,16.8448,169,0.0405,110.8,max_hold,5
UNH,short,2022-06-22,2022-06-27,441.3651,475.5746,6,-0.07751,-205.26,max_hold,5
AMD,long,2022-06-23,2022-06-28,84.3622,79.5102,32,-0.05751,-155.26,max_hold,5
CVX,long,2022-06-23,2022-06-28,126.6466,128.9349,21,0.01807,48.06,max_hold,5
COP,long,2022-06-24,2022-06-29,77.5457,76.8202,34,-0.00936,-24.67,max_hold,5
NVDA,long,2022-06-28,2022-06-29,16.8616,15.3108,162,-0.09197,-251.23,stop_loss,1
DVN,long,2022-06-29,2022-06-29,50.642,45.7488,53,-0.09662,-259.34,stop_loss,0
AMD,long,2022-06-29,2022-07-01,79.5898,71.944,34,-0.09606,-259.96,stop_loss,2
XOM,long,2022-06-28,2022-07-05,79.7123,73.2005,34,-0.08169,-221.4,max_hold,7
QCOM,long,2022-06-28,2022-07-05,118.6562,115.1399,23,-0.02963,-80.88,max_hold,7
COP,long,2022-06-30,2022-07-05,76.8971,72.6132,34,-0.05571,-145.65,max_hold,5
DVN,long,2022-06-30,2022-07-05,45.7946,42.763,58,-0.0662,-175.83,max_hold,5
NVDA,long,2022-06-30,2022-07-05,15.3261,14.961,175,-0.02383,-63.91,max_hold,5
AMD,long,2022-07-05,2022-07-11,72.016,76.9415,37,0.06839,182.24,max_hold,6
COP,long,2022-07-06,2022-07-11,72.6858,71.6156,36,-0.01472,-38.53,max_hold,5
DVN,long,2022-07-06,2022-07-11,42.8058,42.8299,62,0.00056,1.49,max_hold,5
XOM,long,2022-07-06,2022-07-11,73.2737,73.2179,36,-0.00076,-2.01,max_hold,5
NVDA,long,2022-07-06,2022-07-11,14.9759,15.2181,177,0.01617,42.87,max_hold,5
GOOGL,long,2022-07-07,2022-07-12,114.1256,110.6639,23,-0.03033,-79.62,max_hold,5
WMT,long,2022-07-07,2022-07-12,39.7685,39.4908,66,-0.00698,-18.33,max_hold,5
COP,long,2022-07-12,2022-07-18,71.6872,74.0878,37,0.03349,88.82,max_hold,6
DVN,long,2022-07-12,2022-07-18,42.8728,45.3808,62,0.0585,155.5,max_hold,6
AMD,long,2022-07-12,2022-07-18,77.0185,82.7186,34,0.07401,193.8,max_hold,6
XOM,long,2022-07-12,2022-07-18,73.2912,75.5251,36,0.03048,80.42,max_hold,6
NVDA,long,2022-07-12,2022-07-18,15.2333,16.4321,174,0.0787,208.59,max_hold,6
AMZN,long,2022-07-13,2022-07-18,107.0835,115.6421,24,0.07992,205.41,max_hold,5
MA,short,2022-07-13,2022-07-18,308.7939,324.5898,8,-0.05115,-126.37,max_hold,5
JPM,long,2022-07-15,2022-07-20,99.5722,104.2841,26,0.04732,122.51,max_hold,5
GOOGL,long,2022-07-19,2022-07-25,109.9306,105.6102,24,-0.0393,-103.69,max_hold,6
COP,long,2022-07-19,2022-07-25,74.1619,81.0533,36,0.09292,248.09,max_hold,6
JNJ,long,2022-07-19,2022-07-25,157.1934,153.6787,17,-0.02236,-59.75,max_hold,6
CRM,long,2022-07-19,2022-07-25,168.0973,174.011,16,0.03518,94.62,max_hold,6
MSFT,long,2022-07-19,2022-07-25,249.3418,251.2974,10,0.00784,19.56,max_hold,6
LLY,long,2022-07-19,2022-07-25,313.6685,320.0264,8,0.02027,50.86,max_hold,6
MRK,long,2022-07-19,2022-07-25,82.6077,80.9747,32,-0.01977,-52.25,max_hold,6
WMT,long,2022-07-22,2022-07-26,42.1034,38.4753,64,-0.08617,-232.2,stop_loss,4
GOOGL,long,2022-07-26,2022-08-01,105.7159,112.9415,25,0.06835,180.64,max_hold,6
NVDA,long,2022-07-26,2022-08-01,16.8507,18.0628,160,0.07193,193.94,max_hold,6
MRK,long,2022-07-26,2022-08-01,81.0558,78.9016,33,-0.02658,-71.09,max_hold,6
META,long,2022-07-26,2022-08-01,164.5777,156.8534,16,-0.04693,-123.59,max_hold,6
COST,long,2022-07-28,2022-08-01,497.2986,519.4799,5,0.0446,110.91,signal_fade,4
BAC,long,2022-07-29,2022-08-03,30.2424,30.2573,89,0.00049,1.33,max_hold,5
ABBV,long,2022-07-29,2022-08-03,126.9749,123.9262,21,-0.02401,-64.02,max_hold,5
HD,long,2022-07-29,2022-08-03,270.7892,274.6124,10,0.01412,38.23,max_hold,5
LLY,long,2022-08-01,2022-08-05,316.9785,290.6915,8,-0.08293,-210.3,stop_loss,4
V,long,2022-08-01,2022-08-08,202.2418,205.4805,13,0.01601,42.1,max_hold,7
JPM,long,2022-08-02,2022-08-08,103.9141,104.5666,26,0.00628,16.96,max_hold,6
MRK,long,2022-08-02,2022-08-08,78.9806,78.627,34,-0.00448,-12.02,max_hold,6
NVDA,long,2022-08-02,2022-08-08,18.0809,17.1956,150,-0.04896,-132.78,max_hold,6
META,long,2022-08-02,2022-08-08,157.0103,167.3955,17,0.06614,176.55,max_hold,6
GOOGL,long,2022-08-02,2022-08-08,113.0545,116.0524,23,0.02652,68.95,max_hold,6
DVN,long,2022-08-04,2022-08-09,47.3016,49.7634,57,0.05204,140.32,max_hold,5
ABBV,long,2022-08-04,2022-08-09,124.0502,122.8971,21,-0.0093,-24.22,max_hold,5
COP,long,2022-08-05,2022-08-10,76.6019,85.1129,35,0.11111,297.89,max_hold,5
LLY,long,2022-08-08,2022-08-15,290.9823,304.5225,9,0.04653,121.86,max_hold,7
NVDA,long,2022-08-09,2022-08-15,17.2128,18.8582,158,0.09559,259.96,max_hold,6
QCOM,long,2022-08-09,2022-08-15,133.1111,138.3305,20,0.03921,104.39,max_hold,6
CVX,long,2022-08-09,2022-08-15,132.7325,133.8498,20,0.00842,22.35,max_hold,6
COST,long,2022-08-10,2022-08-15,520.4296,526.2307,5,0.01115,29.01,max_hold,5
TSLA,long,2022-08-10,2022-08-15,297.2152,311.5108,9,0.0481,128.66,max_hold,5
UNH,long,2022-08-11,2022-08-16,499.8695,505.8646,5,0.01199,29.98,max_hold,5
SLB,long,2022-08-11,2022-08-16,32.4124,32.0435,84,-0.01138,-30.99,max_hold,5
COST,long,2022-08-16,2022-08-17,526.7572,533.8315,5,0.01343,35.37,signal_fade,1
LLY,long,2022-08-17,2022-08-17,301.0208,307.2579,9,0.02072,56.13,signal_fade,0
JNJ,long,2022-08-15,2022-08-19,147.9844,151.4299,18,0.02328,62.02,signal_fade,4
V,long,2022-08-15,2022-08-22,204.4661,201.9606,13,-0.01225,-32.57,max_hold,7
CVX,long,2022-08-16,2022-08-22,133.9837,136.5161,20,0.0189,50.65,max_hold,6
NVDA,long,2022-08-16,2022-08-22,18.8771,16.9335,146,-0.10296,-283.76,stop_loss,6
AMD,long,2022-08-17,2022-08-22,99.3096,92.3438,27,-0.07014,-188.08,max_hold,5
TSLA,long,2022-08-17,2022-08-22,303.5484,291.3076,9,-0.04033,-110.17,max_hold,5
UNH,long,2022-08-17,2022-08-22,506.3707,504.0554,5,-0.00457,-11.58,max_hold,5
JPM,long,2022-08-22,2022-08-29,106.4955,104.7944,25,-0.01597,-42.53,max_hold,7
TSLA,long,2022-08-23,2022-08-29,291.5991,287.7261,9,-0.01328,-34.86,max_hold,6
QCOM,long,2022-08-23,2022-08-29,129.9111,125.8629,21,-0.03116,-85.01,max_hold,6
AMD,long,2022-08-23,2022-08-29,92.4362,90.015,29,-0.02619,-70.22,max_hold,6
MA,long,2022-08-30,2022-08-31,323.8266,316.4758,8,-0.0227,-58.81,signal_fade,1
AMD,long,2022-08-30,2022-09-01,90.105,83.2783,30,-0.07576,-204.8,stop_loss,2
NVDA,long,2022-08-30,2022-09-01,15.9238,14.0539,171,-0.11742,-319.74,stop_loss,2
GOOGL,long,2022-08-30,2022-09-06,109.2563,106.066,25,-0.0292,-79.76,max_hold,7
MRK,long,2022-09-01,2022-09-06,75.9477,76.6868,35,0.00973,25.87,max_hold,5
TSLA,long,2022-09-02,2022-09-07,281.2105,281.1593,9,-0.00018,-0.46,max_hold,5
AMD,long,2022-09-02,2022-09-07,83.3617,79.99,32,-0.04045,-107.89,max_hold,5
XOM,long,2022-09-02,2022-09-07,85.1064,83.5301,31,-0.01852,-48.87,max_hold,5
CVX,long,2022-09-02,2022-09-07,135.9141,133.5043,19,-0.01773,-45.78,max_hold,5
NVDA,long,2022-09-07,2022-09-12,13.5362,13.761,198,0.0166,44.5,max_hold,5
DVN,long,2022-09-07,2022-09-12,56.4354,60.2345,47,0.06732,178.56,max_hold,5
AMD,long,2022-09-08,2022-09-13,80.07,77.0614,33,-0.03757,-99.28,max_hold,5
CVX,long,2022-09-09,2022-09-14,136.0601,137.8718,19,0.01332,34.42,max_hold,5
AMZN,long,2022-09-09,2022-09-14,130.9755,127.3163,20,-0.02794,-73.18,max_hold,5
HD,long,2022-09-13,2022-09-15,265.2969,244.193,10,-0.07955,-211.04,stop_loss,2
COST,long,2022-09-14,2022-09-15,491.1622,477.0261,5,-0.02878,-70.68,signal_fade,1
NVDA,long,2022-09-13,2022-09-19,13.7748,13.1757,197,-0.04349,-118.01,max_hold,6
XOM,long,2022-09-13,2022-09-19,85.3361,81.827,31,-0.04112,-108.78,max_hold,6
AMD,long,2022-09-14,2022-09-19,77.1385,76.042,34,-0.01422,-37.28,max_hold,5
HD,long,2022-09-16,2022-09-19,244.4373,251.2996,10,0.02807,68.62,signal_fade,3
META,long,2022-09-15,2022-09-20,148.5703,145.0431,18,-0.02374,-63.49,max_hold,5
AMD,long,2022-09-20,2022-09-22,76.118,67.966,35,-0.1071,-285.32,stop_loss,2
DVN,long,2022-09-19,2022-09-23,55.0875,49.0689,48,-0.10926,-288.89,stop_loss,4
XOM,long,2022-09-20,2022-09-23,81.9089,74.9177,32,-0.08535,-223.72,stop_loss,3
SLB,long,2022-09-19,2022-09-26,33.9982,31.6158,78,-0.07007,-185.82,stop_loss,7
UNH,short,2022-09-19,2022-09-26,482.6488,475.4738,5,0.01487,35.88,max_hold,7
NVDA,long,2022-09-20,2022-09-26,13.1889,12.4698,202,-0.05452,-145.25,stop_loss,6
ADBE,long,2022-09-21,2022-09-26,292.9864,281.5592,9,-0.039,-102.85,max_hold,5
COST,long,2022-09-26,2022-09-26,445.292,463.5815,5,0.04107,91.45,signal_fade,0
AMD,long,2022-09-23,2022-09-28,68.034,67.1164,38,-0.01349,-34.87,max_hold,5
GS,long,2022-09-26,2022-09-29,272.986,269.9769,9,-0.01102,-27.08,signal_fade,3
MA,long,2022-09-28,2022-09-29,278.9311,280.3627,9,0.00513,12.88,signal_fade,1
COP,long,2022-09-26,2022-10-03,87.2995,99.4086,29,0.13871,351.16,max_hold,7
XOM,long,2022-09-26,2022-10-03,74.9926,82.2771,34,0.09714,247.67,max_hold,7
NVDA,long,2022-09-27,2022-10-03,12.4823,12.8407,208,0.02871,74.55,max_hold,6
TSLA,long,2022-09-27,2022-10-03,283.9819,250.3947,9,-0.11827,-302.28,stop_loss,6
DVN,long,2022-09-27,2022-10-03,48.2787,57.3854,53,0.18863,482.66,max_hold,6
JPM,long,2022-09-27,2022-10-03,98.286,100.794,26,0.02552,65.21,max_hold,6
LLY,short,2022-09-28,2022-10-03,323.5351,312.8379,8,0.03306,85.58,max_hold,5
ADBE,long,2022-09-29,2022-10-04,277.9389,291.2643,9,0.04794,119.93,max_hold,5
TSLA,long,2022-10-04,2022-10-07,250.6453,223.818,10,-0.10703,-268.27,stop_loss,3
AMD,long,2022-10-04,2022-10-07,68.3041,57.2813,39,-0.16138,-429.89,stop_loss,3
ABBV,long,2022-10-03,2022-10-10,118.6287,120.3765,22,0.01473,38.45,max_hold,7
NVDA,long,2022-10-05,2022-10-10,12.8855,11.5266,207,-0.10546,-281.29,stop_loss,5
MSFT,short,2022-10-05,2022-10-10,238.3894,220.8077,11,0.07375,193.4,max_hold,5
MA,short,2022-10-06,2022-10-11,296.2038,280.7825,9,0.05206,138.79,max_hold,5
JNJ,long,2022-10-07,2022-10-12,145.1825,144.2484,18,-0.00643,-16.81,max_hold,5
TSLA,long,2022-10-10,2022-10-14,224.042,209.935,11,-0.06297,-155.18,stop_loss,4
AMD,long,2022-10-10,2022-10-17,57.3387,59.88,45,0.04432,114.36,max_hold,7
NVDA,long,2022-10-11,2022-10-17,11.5382,12.3073,228,0.06666,175.37,max_hold,6
JPM,long,2022-10-12,2022-10-17,93.6894,110.0164,28,0.17427,457.16,max_hold,5
BAC,long,2022-10-12,2022-10-17,26.9582,31.7833,97,0.17898,468.03,max_hold,5
COST,short,2022-10-12,2022-10-17,452.9156,452.2982,5,0.00136,3.09,max_hold,5
MA,short,2022-10-14,2022-10-19,289.6254,291.7672,9,-0.0074,-19.28,max_hold,5
GS,short,2022-10-14,2022-10-19,280.4294,284.9463,9,-0.01611,-40.65,max_hold,5
V,short,2022-10-14,2022-10-19,181.3665,181.2271,14,0.00077,1.95,max_hold,5
ADBE,short,2022-10-14,2022-10-19,294.9724,301.1805,9,-0.02105,-55.87,max_hold,5
TSLA,long,2022-10-17,2022-10-24,210.145,209.995,12,-0.00071,-1.8,max_hold,7
AMD,long,2022-10-18,2022-10-24,59.94,58.7406,44,-0.02001,-52.77,max_hold,6
MSFT,short,2022-10-18,2022-10-24,235.7244,239.8599,11,-0.01754,-45.49,max_hold,6
NVDA,long,2022-10-19,2022-10-24,11.8556,12.6563,226,0.06754,180.96,max_hold,5
HD,long,2022-10-21,2022-10-26,243.7923,264.8866,11,0.08653,232.04,max_hold,5
BAC,long,2022-10-24,2022-10-31,31.9333,33.1098,84,0.03684,98.83,max_hold,7
TSLA,long,2022-10-25,2022-10-31,210.2051,233.933,12,0.11288,284.74,max_hold,6
NVDA,long,2022-10-25,2022-10-31,12.6689,13.77,212,0.08691,233.42,max_hold,6
AMD,long,2022-10-25,2022-10-31,58.7994,61.4593,45,0.04524,119.69,max_hold,6
AMZN,long,2022-11-01,2022-11-02,104.042,92.4238,26,-0.11167,-302.07,stop_loss,1
GOOGL,long,2022-11-01,2022-11-02,94.6584,85.5185,28,-0.09656,-255.92,stop_loss,1
ABBV,long,2022-10-31,2022-11-07,128.0288,131.1255,21,0.02419,65.03,max_hold,7
NVDA,long,2022-11-01,2022-11-07,13.7837,14.757,198,0.07061,192.71,max_hold,6
GOOGL,long,2022-11-03,2022-11-08,85.6041,87.6287,31,0.02365,62.76,max_hold,5
AMZN,long,2022-11-03,2022-11-08,92.5162,89.4253,29,-0.03341,-89.64,max_hold,5
DVN,long,2022-11-03,2022-11-08,57.8796,60.303,46,0.04187,111.48,max_hold,5
COP,long,2022-11-07,2022-11-14,117.4508,118.5271,23,0.00916,24.75,max_hold,7
NVDA,long,2022-11-08,2022-11-14,14.7718,16.6723,184,0.12866,349.7,max_hold,6
GOOGL,long,2022-11-09,2022-11-14,87.7164,97.3477,31,0.1098,298.57,max_hold,5
AMZN,long,2022-11-09,2022-11-14,89.5147,103.1584,30,0.15242,409.31,max_hold,5
DVN,long,2022-11-09,2022-11-14,60.3633,61.8174,45,0.02409,65.43,max_hold,5
CVX,long,2022-11-10,2022-11-15,156.5193,160.0611,17,0.02263,60.21,max_hold,5
V,long,2022-11-10,2022-11-15,197.8316,202.9764,13,0.02601,66.88,max_hold,5
UNH,long,2022-11-11,2022-11-15,508.9285,470.829,5,-0.07486,-190.5,stop_loss,4
ABBV,long,2022-11-11,2022-11-16,131.8828,133.0109,20,0.00855,22.56,max_hold,5
JNJ,long,2022-11-11,2022-11-16,155.0187,155.1058,17,0.00056,1.48,max_hold,5
AMZN,long,2022-11-15,2022-11-17,103.2616,95.902,26,-0.07127,-191.35,stop_loss,2
TSLA,long,2022-11-15,2022-11-18,195.9779,175.7621,14,-0.10315,-283.02,stop_loss,3
UNH,long,2022-11-16,2022-11-18,471.3,492.3467,5,0.04466,105.23,signal_fade,2
DVN,long,2022-11-15,2022-11-21,61.8793,58.2923,44,-0.05797,-157.83,stop_loss,6
COP,long,2022-11-15,2022-11-21,118.6457,113.5674,23,-0.0428,-116.8,max_hold,6
GOOGL,long,2022-11-15,2022-11-21,97.4451,95.0591,28,-0.02449,-66.81,max_hold,6
JPM,long,2022-11-16,2022-11-21,122.4036,123.2007,22,0.00651,17.54,max_hold,5
MRK,long,2022-11-17,2022-11-22,89.7639,95.3363,30,0.06208,167.17,max_hold,5
ABBV,long,2022-11-17,2022-11-22,133.144,140.9226,20,0.05842,155.57,max_hold,5
CVX,long,2022-11-17,2022-11-22,157.1068,158.4198,17,0.00836,22.32,max_hold,5
AMZN,long,2022-11-18,2022-11-23,95.998,93.7431,28,-0.02349,-63.14,max_hold,5
TSLA,long,2022-11-21,2022-11-28,175.9379,184.8975,15,0.05092,134.39,max_hold,7
COP,long,2022-11-22,2022-11-28,113.681,111.6332,24,-0.01801,-49.15,max_hold,6
DVN,long,2022-11-22,2022-11-28,58.3506,57.9244,47,-0.0073,-20.03,max_hold,6
NVDA,long,2022-11-22,2022-11-28,15.2978,15.78,179,0.03152,86.32,max_hold,6
AMZN,long,2022-11-25,2022-11-30,93.8369,96.9415,29,0.03309,90.03,max_hold,5
CVX,long,2022-11-25,2022-11-30,160.0324,159.3277,17,-0.0044,-11.98,max_hold,5
COP,long,2022-11-29,2022-12-05,111.7449,105.0854,24,-0.0596,-159.83,max_hold,6
NVDA,long,2022-11-29,2022-12-05,15.7958,16.4851,174,0.04364,119.95,max_hold,6
AAPL,long,2022-11-29,2022-12-05,141.9529,144.5432,19,0.01825,49.22,max_hold,6
XOM,long,2022-11-29,2022-12-05,98.4889,94.2008,28,-0.04354,-120.07,max_hold,6
CVX,long,2022-12-01,2022-12-06,159.4871,147.9138,17,-0.07257,-196.75,max_hold,5
BAC,long,2022-12-02,2022-12-06,32.9891,29.7848,84,-0.09713,-269.16,stop_loss,4
COST,long,2022-12-02,2022-12-07,477.36,461.9407,5,-0.0323,-77.1,max_hold,5
JPM,long,2022-12-02,2022-12-07,123.775,121.6653,22,-0.01704,-46.41,max_hold,5
CRM,long,2022-12-05,2022-12-07,140.4417,126.1827,19,-0.10153,-270.92,stop_loss,2
COP,long,2022-12-06,2022-12-09,105.1905,98.3955,26,-0.0646,-176.67,stop_loss,3
ADBE,long,2022-12-08,2022-12-09,325.8728,334.5926,8,0.02676,69.76,signal_fade,1
COST,long,2022-12-08,2022-12-09,462.4029,461.7782,5,-0.00135,-3.12,signal_fade,1
GS,long,2022-12-05,2022-12-12,347.8815,343.9349,7,-0.01134,-27.63,max_hold,7
XOM,long,2022-12-06,2022-12-12,94.2951,95.8909,29,0.01692,46.28,max_hold,6
AMZN,long,2022-12-06,2022-12-12,90.5452,95.1824,30,0.05121,139.11,max_hold,6
NVDA,long,2022-12-06,2022-12-12,16.5016,18.4807,165,0.11993,326.55,max_hold,6
CVX,long,2022-12-07,2022-12-12,148.0618,150.0842,18,0.01366,36.4,max_hold,5
NVDA,long,2022-12-13,2022-12-15,18.4992,16.8182,148,-0.09087,-248.78,stop_loss,2
QCOM,long,2022-12-12,2022-12-19,107.388,102.9732,25,-0.04111,-110.37,max_hold,7
COP,long,2022-12-12,2022-12-19,98.494,97.9963,27,-0.00505,-13.44,max_hold,7
META,long,2022-12-13,2022-12-19,121.1274,112.2179,22,-0.07355,-196.01,max_hold,6
JPM,long,2022-12-14,2022-12-19,123.1215,120.4149,22,-0.02198,-59.54,max_hold,5
JNJ,long,2022-12-14,2022-12-19,161.3033,158.814,17,-0.01543,-42.32,max_hold,5
WMT,long,2022-12-14,2022-12-19,47.1058,45.7246,58,-0.02932,-80.11,max_hold,5
GS,long,2022-12-15,2022-12-19,325.7615,317.6415,8,-0.02493,-64.96,signal_fade,4
XOM,long,2022-12-15,2022-12-20,93.7875,96.3268,29,0.02707,73.64,max_hold,5
TSLA,long,2022-12-16,2022-12-20,159.7198,139.2703,17,-0.12803,-347.64,stop_loss,4
TSLA,long,2022-12-21,2022-12-22,139.4097,126.3068,19,-0.09399,-248.95,stop_loss,1
QCOM,long,2022-12-20,2022-12-27,103.0762,100.6346,26,-0.02369,-63.48,max_hold,7
NVDA,long,2022-12-20,2022-12-27,16.0364,13.8892,167,-0.1339,-358.59,stop_loss,7
JNJ,long,2022-12-20,2022-12-27,158.9729,160.4021,16,0.00899,22.87,max_hold,7
TSLA,long,2022-12-23,2022-12-27,126.4332,110.2948,21,-0.12764,-338.91,stop_loss,4
TSLA,long,2022-12-28,2022-12-30,110.4052,123.1184,23,0.11515,292.4,end_of_period,2
QCOM,long,2022-12-28,2022-12-30,100.7353,101.6236,26,0.00882,23.1,end_of_period,2
JNJ,long,2022-12-28,2022-12-30,160.5626,159.4005,16,-0.00724,-18.59,end_of_period,2
AMD,long,2022-12-28,2022-12-30,62.5713,64.7376,42,0.03462,90.99,end_of_period,2
ABBV,long,2022-12-30,2022-12-30,143.0744,142.3852,18,-0.00482,-12.41,end_of_period,0
TSLA,long,2023-01-04,2023-01-09,109.1646,121.0095,24,0.10851,284.28,max_hold,5
ABBV,long,2023-01-04,2023-01-09,143.2244,142.9314,18,-0.00205,-5.27,max_hold,5
JNJ,long,2023-01-04,2023-01-09,161.5833,158.5433,16,-0.01881,-48.64,max_hold,5
NVDA,long,2023-01-04,2023-01-09,14.542,15.4649,182,0.06347,167.97,max_hold,5
MRK,long,2023-01-04,2023-01-09,101.0764,99.3932,26,-0.01665,-43.76,max_hold,5
JPM,long,2023-01-04,2023-01-09,125.1555,127.621,21,0.0197,51.78,max_hold,5
MSFT,long,2023-01-05,2023-01-10,221.0214,224.7753,12,0.01698,45.05,max_hold,5
TSLA,long,2023-01-10,2023-01-11,121.1305,122.4987,22,0.0113,30.1,signal_fade,1
MSFT,long,2023-01-11,2023-01-11,225.0002,228.6335,11,0.01615,39.97,signal_fade,0
JNJ,long,2023-01-10,2023-01-17,158.7019,154.8888,16,-0.02403,-61.01,max_hold,7
LLY,long,2023-01-10,2023-01-17,339.8256,346.6064,7,0.01995,47.47,max_hold,7
ABBV,long,2023-01-10,2023-01-17,143.0744,135.2982,18,-0.05435,-139.97,max_hold,7
NVDA,long,2023-01-12,2023-01-17,16.0723,17.619,166,0.09623,256.75,max_hold,5
CVX,long,2023-01-13,2023-01-18,153.2811,152.7129,17,-0.00371,-9.66,max_hold,5
NVDA,long,2023-01-18,2023-01-23,17.6366,18.7759,152,0.06459,173.16,max_hold,5
ABBV,long,2023-01-18,2023-01-23,135.4335,131.7049,19,-0.02753,-70.84,max_hold,5
JNJ,long,2023-01-18,2023-01-23,155.0437,152.5156,17,-0.01631,-42.98,max_hold,5
MRK,long,2023-01-18,2023-01-23,98.9167,98.8897,27,-0.00027,-0.73,max_hold,5
META,long,2023-01-26,2023-01-27,143.2145,148.0353,18,0.03366,86.77,signal_fade,1
JPM,long,2023-01-23,2023-01-30,125.2733,129.5568,21,0.03419,89.95,max_hold,7
MRK,long,2023-01-24,2023-01-30,98.9887,95.3836,27,-0.03642,-97.34,max_hold,6
LLY,long,2023-01-24,2023-01-30,336.9044,331.3927,7,-0.01636,-38.58,max_hold,6
ABBV,long,2023-01-24,2023-01-30,131.8367,129.5258,20,-0.01753,-46.22,max_hold,6
HD,long,2023-01-24,2023-01-30,288.0248,288.5313,9,0.00176,4.56,max_hold,6
NVDA,long,2023-01-24,2023-01-30,18.7947,19.1179,143,0.0172,46.23,max_hold,6
MA,long,2023-01-24,2023-01-30,382.7838,362.7811,7,-0.05226,-140.02,max_hold,6
AMD,long,2023-01-27,2023-02-01,73.7368,84.2479,36,0.14255,378.4,max_hold,5
META,long,2023-01-31,2023-02-06,146.7354,183.8725,18,0.25309,668.47,max_hold,6
JNJ,long,2023-01-31,2023-02-06,146.0563,145.8201,18,-0.00162,-4.25,max_hold,6
NVDA,long,2023-01-31,2023-02-06,19.1371,21.3239,140,0.11427,306.16,max_hold,6
MRK,long,2023-01-31,2023-02-06,95.4791,93.226,28,-0.0236,-63.08,max_hold,6
CVX,long,2023-02-01,2023-02-06,150.0093,147.0578,17,-0.01968,-50.18,max_hold,5
MA,long,2023-02-01,2023-02-06,361.7503,364.2715,7,0.00697,17.65,max_hold,5
JPM,long,2023-02-01,2023-02-06,128.1381,130.9461,21,0.02191,58.97,max_hold,5
LLY,long,2023-02-02,2023-02-07,325.2199,329.3305,8,0.01264,32.88,max_hold,5
XOM,long,2023-02-02,2023-02-07,102.2643,102.34,26,0.00074,1.97,max_hold,5
COP,long,2023-02-02,2023-02-07,101.423,100.1968,26,-0.01209,-31.88,max_hold,5
UNH,long,2023-02-07,2023-02-08,440.1857,453.3664,6,0.02994,79.08,signal_fade,1
NVDA,long,2023-02-07,2023-02-13,21.3453,21.5194,128,0.00816,22.29,max_hold,6
JPM,long,2023-02-07,2023-02-13,131.0771,131.9835,20,0.00691,18.13,max_hold,6
MRK,long,2023-02-07,2023-02-13,93.3193,98.8448,29,0.05921,160.24,max_hold,6
CVX,long,2023-02-07,2023-02-13,147.2049,147.4123,18,0.00141,3.73,max_hold,6
XOM,long,2023-02-08,2023-02-13,102.4424,104.8844,26,0.02384,63.49,max_hold,5
AMZN,long,2023-02-08,2023-02-13,102.091,98.3608,27,-0.03654,-100.72,max_hold,5
QCOM,long,2023-02-09,2023-02-14,123.8857,120.7208,22,-0.02555,-69.63,max_hold,5
COP,long,2023-02-09,2023-02-14,98.8493,100.2752,27,0.01443,38.5,max_hold,5
TSLA,long,2023-02-14,2023-02-14,192.036,211.6541,14,0.10216,274.65,signal_fade,0
HD,long,2023-02-10,2023-02-15,286.864,287.6274,9,0.00266,6.87,max_hold,5
GOOGL,long,2023-02-14,2023-02-21,93.6468,90.8486,29,-0.02988,-81.15,max_hold,7
CRM,long,2023-02-15,2023-02-21,166.0615,160.2559,16,-0.03496,-92.89,max_hold,6
AAPL,long,2023-02-15,2023-02-21,150.86,146.5357,18,-0.02866,-77.84,max_hold,6
COP,long,2023-02-16,2023-02-21,99.5317,94.5898,27,-0.04965,-133.43,max_hold,5
JPM,long,2023-02-16,2023-02-21,132.4956,128.6677,21,-0.02889,-80.39,max_hold,5
HD,long,2023-02-16,2023-02-21,287.9152,271.6937,9,-0.05634,-145.99,max_hold,5
LLY,long,2023-02-17,2023-02-21,315.6731,320.7835,8,0.01619,40.88,signal_fade,4
XOM,long,2023-02-21,2023-02-27,99.4262,99.7123,27,0.00288,7.72,max_hold,6
MA,long,2023-02-21,2023-02-27,350.1589,347.8969,7,-0.00646,-15.83,max_hold,6
NVDA,long,2023-02-22,2023-02-27,20.6714,23.3085,132,0.12757,348.1,max_hold,5
AMZN,long,2023-02-22,2023-02-27,95.1475,93.0934,28,-0.02159,-57.52,max_hold,5
GOOGL,long,2023-02-22,2023-02-27,90.9395,88.5006,30,-0.02682,-73.17,max_hold,5
HD,long,2023-02-22,2023-02-27,271.9655,269.3653,10,-0.00956,-26.0,max_hold,5
JPM,long,2023-02-22,2023-02-27,128.7964,132.391,21,0.02791,75.49,max_hold,5
ADBE,long,2023-02-28,2023-03-03,323.5317,344.1578,8,0.06375,165.01,signal_fade,3
QCOM,long,2023-02-28,2023-03-06,114.3831,113.9066,24,-0.00417,-11.44,max_hold,6
AMZN,long,2023-02-28,2023-03-06,93.1866,94.013,29,0.00887,23.97,max_hold,6
JPM,long,2023-02-28,2023-03-06,132.5234,131.5296,20,-0.0075,-19.88,max_hold,6
GS,long,2023-03-01,2023-03-06,323.3829,328.7554,8,0.01661,42.98,max_hold,5
LLY,long,2023-03-01,2023-03-06,302.8274,311.3077,9,0.028,76.32,max_hold,5
ABBV,long,2023-03-01,2023-03-06,136.0033,138.3666,20,0.01738,47.27,max_hold,5
COST,long,2023-03-01,2023-03-06,461.4813,465.8114,5,0.00938,21.65,max_hold,5
MRK,long,2023-03-01,2023-03-06,95.3531,100.4809,28,0.05378,143.58,max_hold,5
TSLA,long,2023-03-07,2023-03-09,191.4757,175.0424,14,-0.08582,-230.07,stop_loss,2
JPM,long,2023-03-07,2023-03-09,131.6612,119.4427,21,-0.0928,-256.59,stop_loss,2
GS,long,2023-03-07,2023-03-10,329.0844,295.5794,8,-0.10181,-268.04,stop_loss,3
ABBV,long,2023-03-07,2023-03-13,138.5051,135.1469,20,-0.02425,-67.16,max_hold,6
QCOM,long,2023-03-07,2023-03-13,114.0206,108.2615,24,-0.05051,-138.22,max_hold,6
META,long,2023-03-09,2023-03-13,184.8202,185.8541,14,0.00559,14.48,signal_fade,4
JPM,long,2023-03-10,2023-03-15,119.5622,118.5628,22,-0.00836,-21.99,max_hold,5
TSLA,long,2023-03-10,2023-03-15,175.2176,180.2798,15,0.02889,75.93,max_hold,5
GS,long,2023-03-13,2023-03-20,295.8752,293.6839,9,-0.00741,-19.72,max_hold,7
XOM,long,2023-03-14,2023-03-20,95.4244,93.375,28,-0.02148,-57.38,max_hold,6
ABBV,long,2023-03-15,2023-03-20,135.4869,139.3183,20,0.02828,76.63,max_hold,5
COP,long,2023-03-16,2023-03-21,82.593,89.6756,33,0.08575,233.72,max_hold,5
JPM,long,2023-03-16,2023-03-21,118.6814,120.9246,23,0.0189,51.59,max_hold,5
CVX,long,2023-03-16,2023-03-21,131.1207,139.46,20,0.0636,166.79,max_hold,5
MRK,long,2023-03-20,2023-03-27,94.983,96.5084,28,0.01606,42.71,max_hold,7
TSLA,long,2023-03-20,2023-03-27,178.169,191.904,15,0.07709,206.02,max_hold,7
XOM,long,2023-03-21,2023-03-27,93.4684,94.5133,29,0.01118,30.3,max_hold,6
ABBV,long,2023-03-21,2023-03-27,139.4577,140.35,19,0.0064,16.95,max_hold,6
JNJ,long,2023-03-22,2023-03-27,139.9653,138.4985,19,-0.01048,-27.87,max_hold,5
JPM,long,2023-03-24,2023-03-29,116.4749,120.3596,23,0.03335,89.35,max_hold,5
ABBV,long,2023-03-30,2023-04-04,140.6774,142.3068,19,0.01158,30.96,max_hold,5
AMD,long,2023-03-30,2023-04-04,98.049,94.3028,28,-0.03821,-104.89,max_hold,5
V,long,2023-03-31,2023-04-05,218.2372,220.5152,12,0.01044,27.34,max_hold,5
CRM,long,2023-04-04,2023-04-10,194.8776,185.7519,14,-0.04683,-127.76,max_hold,6
QCOM,long,2023-04-04,2023-04-10,116.3013,116.4827,23,0.00156,4.17,max_hold,6
ABBV,long,2023-04-05,2023-04-10,142.4491,143.632,19,0.0083,22.47,max_hold,5
JPM,long,2023-04-05,2023-04-10,118.4822,119.764,23,0.01082,29.48,max_hold,5
AMD,long,2023-04-06,2023-04-11,91.5157,94.9225,30,0.03723,102.2,max_hold,5
TSLA,long,2023-04-11,2023-04-17,186.7833,187.0564,14,0.00146,3.82,max_hold,6
CRM,long,2023-04-11,2023-04-17,185.9377,195.5965,14,0.05195,135.22,max_hold,6
AMZN,long,2023-04-12,2023-04-17,100.4502,103.898,27,0.03432,93.09,max_hold,5
COST,long,2023-04-14,2023-04-19,475.956,475.0586,5,-0.00189,-4.49,max_hold,5
ABBV,long,2023-04-18,2023-04-24,144.6581,147.9333,19,0.02264,62.23,max_hold,6
AMD,long,2023-04-18,2023-04-24,91.6558,86.8566,30,-0.05236,-143.98,max_hold,6
QCOM,long,2023-04-18,2023-04-24,112.0284,108.5684,24,-0.03088,-83.04,max_hold,6
GOOGL,long,2023-04-18,2023-04-24,105.6068,104.8474,26,-0.00719,-19.74,max_hold,6
UNH,long,2023-04-18,2023-04-24,472.3548,461.5862,5,-0.0228,-53.84,max_hold,6
JNJ,long,2023-04-19,2023-04-24,147.3707,149.3319,18,0.01331,35.3,max_hold,5
ABBV,long,2023-04-25,2023-04-27,148.0813,132.8178,18,-0.10308,-274.74,stop_loss,2
TSLA,long,2023-04-25,2023-05-01,159.8999,161.7991,17,0.01188,32.29,max_hold,6
AMD,long,2023-04-25,2023-05-01,86.9435,89.2753,31,0.02682,72.29,max_hold,6
META,long,2023-04-26,2023-05-01,210.7555,240.9426,13,0.14323,392.43,max_hold,5
COP,long,2023-04-27,2023-05-02,90.7277,87.3706,30,-0.037,-100.71,max_hold,5
CVX,long,2023-04-27,2023-05-02,145.3278,137.9596,19,-0.0507,-140.0,max_hold,5
UNH,long,2023-04-27,2023-05-02,452.2197,463.1976,6,0.02428,65.87,max_hold,5
ABBV,long,2023-04-28,2023-05-03,132.9507,133.7423,20,0.00595,15.83,max_hold,5
WMT,long,2023-04-28,2023-05-03,48.6495,48.5468,57,-0.00211,-5.85,max_hold,5
HD,long,2023-04-28,2023-05-03,270.455,269.219,10,-0.00457,-12.36,max_hold,5
V,long,2023-05-03,2023-05-05,221.5361,225.4781,12,0.01779,47.3,signal_fade,2
XOM,long,2023-05-02,2023-05-08,102.2347,97.1128,27,-0.0501,-138.29,max_hold,6
AMZN,long,2023-05-02,2023-05-08,101.5207,105.4273,27,0.03848,105.48,max_hold,6
CVX,long,2023-05-03,2023-05-08,138.0976,137.9247,20,-0.00125,-3.46,max_hold,5
COP,long,2023-05-03,2023-05-08,87.458,90.24,31,0.03181,86.24,max_hold,5
JNJ,long,2023-05-03,2023-05-08,150.6094,147.0052,18,-0.02393,-64.87,max_hold,5
UNH,long,2023-05-03,2023-05-08,463.6611,461.7362,6,-0.00415,-11.55,max_hold,5
AMD,long,2023-05-04,2023-05-09,81.6108,96.3718,33,0.18087,487.11,max_hold,5
WMT,long,2023-05-04,2023-05-09,48.5954,49.5594,57,0.01984,54.95,max_hold,5
ABBV,long,2023-05-04,2023-05-09,133.8761,131.5163,20,-0.01763,-47.2,max_hold,5
HD,long,2023-05-09,2023-05-12,263.4582,266.6438,10,0.01209,31.86,signal_fade,3
JNJ,long,2023-05-09,2023-05-15,147.1523,144.5605,19,-0.01761,-49.25,max_hold,6
ADBE,long,2023-05-09,2023-05-15,342.6712,344.0279,8,0.00396,10.85,max_hold,6
XOM,long,2023-05-09,2023-05-15,97.21,94.6011,28,-0.02684,-73.05,max_hold,6
GS,long,2023-05-09,2023-05-15,300.8454,298.1962,9,-0.00881,-23.84,max_hold,6
CVX,long,2023-05-09,2023-05-15,138.0627,136.5028,20,-0.0113,-31.2,max_hold,6
WMT,long,2023-05-10,2023-05-15,49.6089,48.6436,56,-0.01946,-54.06,max_hold,5
JPM,long,2023-05-11,2023-05-16,126.1443,126.8584,22,0.00566,15.71,max_hold,5
JNJ,long,2023-05-16,2023-05-22,144.7051,143.8564,19,-0.00586,-16.13,max_hold,6
WMT,long,2023-05-16,2023-05-22,48.6922,47.7278,57,-0.01981,-54.97,max_hold,6
MRK,long,2023-05-16,2023-05-22,105.0051,103.1711,26,-0.01747,-47.68,max_hold,6
JPM,long,2023-05-17,2023-05-22,126.9853,128.3892,22,0.01106,30.89,max_hold,5
XOM,long,2023-05-17,2023-05-22,93.5735,95.8308,29,0.02412,65.46,max_hold,5
COST,long,2023-05-18,2023-05-23,475.8049,467.8873,5,-0.01664,-39.59,max_hold,5
UNH,long,2023-05-19,2023-05-24,449.7625,447.4861,6,-0.00506,-13.66,max_hold,5
V,long,2023-05-19,2023-05-24,228.833,217.3207,12,-0.05031,-138.15,max_hold,5
LLY,long,2023-05-23,2023-05-30,424.0034,417.7873,6,-0.01466,-37.3,max_hold,7
MRK,long,2023-05-23,2023-05-30,103.2743,98.1922,27,-0.04921,-137.22,max_hold,7
COST,long,2023-05-24,2023-05-30,468.3555,488.6385,5,0.04331,101.42,max_hold,6
MA,long,2023-05-24,2023-05-30,363.1043,358.4498,7,-0.01282,-32.58,max_hold,6
V,long,2023-05-25,2023-05-30,217.5381,214.8881,12,-0.01218,-31.8,max_hold,5
JNJ,long,2023-05-25,2023-05-30,143.0379,141.6587,19,-0.00964,-26.2,max_hold,5
JPM,long,2023-05-25,2023-05-30,125.9762,127.6331,22,0.01315,36.45,max_hold,5
MRK,long,2023-05-31,2023-06-05,98.2904,102.7909,28,0.04579,126.01,max_hold,5
V,long,2023-05-31,2023-06-05,215.1031,221.4629,12,0.02957,76.32,max_hold,5
MA,long,2023-05-31,2023-06-05,358.8084,366.2572,7,0.02076,52.14,max_hold,5
ABBV,long,2023-05-31,2023-06-05,122.7527,123.393,22,0.00522,14.09,max_hold,5
JPM,long,2023-05-31,2023-06-05,127.7608,129.4534,21,0.01325,35.54,max_hold,5
XOM,long,2023-06-01,2023-06-06,92.0892,96.5541,30,0.04848,133.95,max_hold,5
HD,long,2023-06-01,2023-06-06,263.3891,275.4091,10,0.04564,120.2,max_hold,5
CVX,long,2023-06-01,2023-06-06,133.4099,137.9012,20,0.03367,89.82,max_hold,5
GOOGL,long,2023-06-01,2023-06-06,121.8014,125.7911,22,0.03276,87.77,max_hold,5
COP,long,2023-06-01,2023-06-06,90.3965,92.8003,30,0.02659,72.11,max_hold,5
AMD,long,2023-06-06,2023-06-12,117.969,132.2538,23,0.12109,328.55,max_hold,6
JPM,long,2023-06-06,2023-06-12,129.583,131.1337,21,0.01197,32.57,max_hold,6
CRM,long,2023-06-06,2023-06-12,205.1059,211.7292,13,0.03229,86.1,max_hold,6
MA,long,2023-06-06,2023-06-12,366.6236,368.5748,7,0.00532,13.66,max_hold,6
AVGO,long,2023-06-07,2023-06-12,75.818,82.5807,37,0.0892,250.22,max_hold,5
MRK,long,2023-06-07,2023-06-12,99.3416,98.3008,28,-0.01048,-29.14,max_hold,5
JNJ,long,2023-06-07,2023-06-12,144.9169,146.2647,19,0.0093,25.61,max_hold,5
LLY,long,2023-06-08,2023-06-13,426.9023,434.7043,6,0.01828,46.81,max_hold,5
V,long,2023-06-09,2023-06-14,218.7018,216.9005,12,-0.00824,-21.62,max_hold,5
MRK,long,2023-06-13,2023-06-20,98.3992,100.3428,29,0.01975,56.36,max_hold,7
JNJ,long,2023-06-13,2023-06-20,146.411,149.7901,19,0.02308,64.2,max_hold,7
CRM,long,2023-06-13,2023-06-20,211.9411,212.7314,13,0.00373,10.27,max_hold,7
AMZN,long,2023-06-13,2023-06-20,128.1841,125.5772,22,-0.02034,-57.35,max_hold,7
GOOGL,long,2023-06-13,2023-06-20,123.9435,121.2635,23,-0.02162,-61.64,max_hold,7
JPM,long,2023-06-13,2023-06-20,131.2649,133.3927,21,0.01621,44.68,max_hold,7
MA,long,2023-06-14,2023-06-20,366.6039,367.249,7,0.00176,4.52,max_hold,6
XOM,long,2023-06-14,2023-06-20,97.248,92.6753,29,-0.04702,-132.61,max_hold,6
LLY,long,2023-06-14,2023-06-20,435.1392,444.6939,6,0.02196,57.33,max_hold,6
BAC,long,2023-06-15,2023-06-20,26.8227,26.6846,106,-0.00515,-14.64,max_hold,5
AMD,long,2023-06-21,2023-06-23,118.5492,110.8945,24,-0.06457,-183.71,stop_loss,2
UNH,long,2023-06-21,2023-06-23,441.5988,449.8028,6,0.01858,49.22,signal_fade,2
JNJ,long,2023-06-21,2023-06-26,149.94,149.8817,19,-0.00039,-1.11,max_hold,5
COP,long,2023-06-21,2023-06-26,92.4211,92.1626,30,-0.0028,-7.75,max_hold,5
XOM,long,2023-06-21,2023-06-26,92.768,94.0767,30,0.01411,39.26,max_hold,5
CVX,long,2023-06-21,2023-06-26,134.6179,135.2145,21,0.00443,12.53,max_hold,5
AMZN,long,2023-06-21,2023-06-26,125.7028,128.5657,22,0.02277,62.98,max_hold,5
V,long,2023-06-21,2023-06-26,221.127,222.2347,12,0.00501,13.29,max_hold,5
ADBE,long,2023-06-21,2023-06-26,492.246,479.76,5,-0.02537,-62.43,max_hold,5
JPM,long,2023-06-22,2023-06-27,132.9748,129.9015,21,-0.02311,-64.54,max_hold,5
GS,long,2023-06-26,2023-07-03,293.894,301.8176,9,0.02696,71.31,max_hold,7
AMD,long,2023-06-26,2023-07-03,111.0055,116.0419,25,0.04537,125.91,max_hold,7
JNJ,long,2023-06-27,2023-07-03,150.0316,149.2499,18,-0.00521,-14.07,max_hold,6
TSLA,long,2023-06-27,2023-07-03,243.3616,278.6806,11,0.14513,388.51,max_hold,6
GOOGL,long,2023-06-27,2023-07-03,116.109,118.1329,24,0.01743,48.57,max_hold,6
ABBV,long,2023-06-28,2023-07-03,119.1408,121.3375,23,0.01844,50.52,max_hold,5
CVX,long,2023-06-28,2023-07-03,135.2969,138.9141,21,0.02674,75.96,max_hold,5
JPM,long,2023-06-28,2023-07-03,130.0314,136.2261,21,0.04764,130.09,max_hold,5
WMT,long,2023-06-29,2023-07-05,49.8736,50.9266,57,0.02111,60.02,max_hold,6
MRK,long,2023-06-30,2023-07-05,103.8001,102.8853,27,-0.00881,-24.7,max_hold,5
JNJ,long,2023-07-05,2023-07-10,149.3992,145.7153,19,-0.02466,-69.99,max_hold,5
ADBE,long,2023-07-05,2023-07-10,481.2305,497.0314,6,0.03283,94.81,max_hold,5
GOOGL,long,2023-07-05,2023-07-10,118.2511,115.2103,24,-0.02571,-72.98,max_hold,5
AMZN,long,2023-07-05,2023-07-10,130.3051,127.6861,22,-0.0201,-57.62,max_hold,5
LLY,long,2023-07-05,2023-07-10,452.5824,440.2911,6,-0.02716,-73.75,max_hold,5
JPM,long,2023-07-06,2023-07-11,134.556,138.5852,21,0.02994,84.61,max_hold,5
XOM,long,2023-07-07,2023-07-12,92.2431,95.8127,31,0.0387,110.66,max_hold,5
CRM,long,2023-07-11,2023-07-13,218.3927,225.6808,13,0.03337,94.74,signal_fade,2
MRK,long,2023-07-10,2023-07-17,99.5583,96.488,29,-0.03084,-89.04,max_hold,7
GOOGL,long,2023-07-11,2023-07-17,115.3255,123.4431,25,0.07039,202.94,max_hold,6
JNJ,long,2023-07-11,2023-07-17,145.8611,145.6603,19,-0.00138,-3.81,max_hold,6
QCOM,long,2023-07-11,2023-07-17,110.4254,114.5478,26,0.03733,107.18,max_hold,6
WMT,long,2023-07-11,2023-07-17,49.9576,49.8754,57,-0.00164,-4.68,max_hold,6
LLY,long,2023-07-12,2023-07-17,429.439,437.3069,6,0.01832,47.21,max_hold,5
CVX,long,2023-07-14,2023-07-19,138.4447,137.5576,21,-0.00641,-18.63,max_hold,5
XOM,long,2023-07-17,2023-07-24,91.157,94.9899,32,0.04205,122.65,max_hold,7
JNJ,long,2023-07-18,2023-07-24,145.8061,156.081,19,0.07047,195.22,max_hold,6
MRK,long,2023-07-18,2023-07-24,96.5845,98.0919,30,0.01561,45.22,max_hold,6
LLY,long,2023-07-18,2023-07-24,437.7444,447.8836,6,0.02316,60.84,max_hold,6
QCOM,long,2023-07-18,2023-07-24,114.6624,116.3083,25,0.01435,41.15,max_hold,6
GOOGL,long,2023-07-18,2023-07-24,123.5666,120.2332,23,-0.02698,-76.67,max_hold,6
CVX,long,2023-07-20,2023-07-25,137.6953,141.7153,21,0.0292,84.42,max_hold,5
AMD,long,2023-07-20,2023-07-25,115.0175,111.854,25,-0.0275,-79.09,max_hold,5
DVN,long,2023-07-20,2023-07-25,46.2587,47.6843,63,0.03082,89.81,max_hold,5
WMT,long,2023-07-21,2023-07-26,50.9679,51.6199,57,0.01279,37.17,max_hold,5
META,long,2023-07-25,2023-07-31,292.7667,314.6184,10,0.07464,218.52,max_hold,6
TSLA,long,2023-07-25,2023-07-31,272.5162,266.1269,10,-0.02345,-63.89,max_hold,6
ADBE,long,2023-07-26,2023-07-31,520.7502,545.5071,5,0.04754,123.78,max_hold,5
CVX,long,2023-07-26,2023-07-31,141.8571,144.1465,20,0.01614,45.79,max_hold,5
UNH,long,2023-07-31,2023-08-04,473.6629,475.767,6,0.00444,12.62,signal_fade,4
AVGO,long,2023-08-01,2023-08-07,86.7564,85.8126,34,-0.01088,-32.09,max_hold,6
TSLA,long,2023-08-01,2023-08-07,266.3931,247.3263,11,-0.07157,-209.74,max_hold,6
CVX,long,2023-08-01,2023-08-07,144.2908,139.1256,20,-0.0358,-103.3,max_hold,6
MSFT,long,2023-08-01,2023-08-07,327.606,319.2428,9,-0.02553,-75.27,max_hold,6
QCOM,long,2023-08-08,2023-08-14,109.6754,106.1384,26,-0.03225,-91.96,max_hold,6
TSLA,long,2023-08-08,2023-08-14,247.5737,238.6106,11,-0.0362,-98.59,max_hold,6
AAPL,long,2023-08-08,2023-08-14,177.2943,176.5568,16,-0.00416,-11.8,max_hold,6
CVX,long,2023-08-08,2023-08-14,139.2648,143.9352,21,0.03354,98.08,max_hold,6
WMT,long,2023-08-08,2023-08-14,51.9653,51.6287,56,-0.00648,-18.85,max_hold,6
TSLA,long,2023-08-15,2023-08-17,238.8494,214.0129,12,-0.10398,-298.04,stop_loss,2
JPM,long,2023-08-14,2023-08-21,144.5193,140.2864,20,-0.02929,-84.66,max_hold,7
QCOM,long,2023-08-15,2023-08-21,106.2446,104.3872,27,-0.01748,-50.15,max_hold,6
WMT,long,2023-08-15,2023-08-21,51.6803,50.797,56,-0.01709,-49.47,max_hold,6
CVX,long,2023-08-15,2023-08-21,144.0792,142.7305,20,-0.00936,-26.97,max_hold,6
AVGO,long,2023-08-15,2023-08-21,81.9533,84.2045,35,0.02747,78.79,max_hold,6
GS,long,2023-08-16,2023-08-21,308.2655,300.4481,9,-0.02536,-70.36,max_hold,5
TSLA,long,2023-08-18,2023-08-23,214.2271,238.5407,13,0.11349,316.08,max_hold,5
COST,long,2023-08-18,2023-08-23,525.7114,518.8377,5,-0.01308,-34.37,max_hold,5
UNH,long,2023-08-18,2023-08-23,465.9223,462.3051,6,-0.00776,-21.7,max_hold,5
UNH,long,2023-08-24,2023-08-24,462.7676,460.8846,6,-0.00407,-11.3,signal_fade,0
GS,long,2023-08-22,2023-08-28,300.7487,303.3176,9,0.00854,23.12,max_hold,6
JPM,long,2023-08-22,2023-08-28,140.4267,138.8295,20,-0.01137,-31.94,max_hold,6
CVX,long,2023-08-22,2023-08-28,142.8733,143.104,20,0.00161,4.61,max_hold,6
AMD,long,2023-08-23,2023-08-28,105.7028,102.0589,27,-0.03447,-98.38,max_hold,5
META,long,2023-08-23,2023-08-28,286.1316,285.9248,10,-0.00072,-2.07,max_hold,5
ABBV,long,2023-08-24,2023-08-29,133.4707,134.4263,21,0.00716,20.07,max_hold,5
COP,long,2023-08-24,2023-08-29,105.6636,108.3805,27,0.02571,73.35,max_hold,5
JNJ,long,2023-08-24,2023-08-29,150.3525,152.2889,19,0.01288,36.79,max_hold,5
GOOGL,long,2023-08-24,2023-08-29,132.8391,133.5286,22,0.00519,15.17,max_hold,5
COST,long,2023-08-25,2023-08-30,513.2126,519.5208,5,0.01229,31.54,max_hold,5
CVX,long,2023-08-29,2023-09-05,143.2472,147.8797,20,0.03234,92.65,max_hold,7
AMZN,long,2023-08-29,2023-09-05,133.4467,136.2518,21,0.02102,58.91,max_hold,7
AMD,long,2023-08-29,2023-09-05,102.1611,110.5047,28,0.08167,233.62,max_hold,7
ABBV,long,2023-08-30,2023-09-05,134.5608,132.5931,21,-0.01462,-41.32,max_hold,6
JNJ,long,2023-08-30,2023-09-05,152.4412,147.4281,19,-0.03289,-95.25,max_hold,6
COP,long,2023-08-30,2023-09-05,108.4889,112.2293,26,0.03448,97.25,max_hold,6
LLY,long,2023-08-31,2023-09-05,536.9018,550.0924,5,0.02457,65.95,max_hold,5
JPM,long,2023-08-31,2023-09-05,139.4859,136.0005,20,-0.02499,-69.71,max_hold,5
ABBV,long,2023-09-06,2023-09-11,132.7257,135.6788,22,0.02225,64.97,max_hold,5
JPM,long,2023-09-06,2023-09-11,136.1366,135.8126,21,-0.00238,-6.8,max_hold,5
MRK,long,2023-09-07,2023-09-12,97.5241,99.313,30,0.01834,53.67,max_hold,5
AMZN,long,2023-09-07,2023-09-12,133.9669,140.8795,21,0.0516,145.16,max_hold,5
AVGO,long,2023-09-08,2023-09-13,82.5121,82.8181,35,0.00371,10.71,max_hold,5
ABBV,long,2023-09-13,2023-09-18,135.7418,139.6629,21,0.02889,82.34,max_hold,5
MRK,long,2023-09-13,2023-09-18,99.4124,98.7698,29,-0.00646,-18.63,max_hold,5
AAPL,long,2023-09-14,2023-09-18,171.912,175.2145,17,0.01921,56.14,signal_fade,4
COP,long,2023-09-14,2023-09-19,113.2864,112.3759,26,-0.00804,-23.67,max_hold,5
ADBE,long,2023-09-15,2023-09-19,532.376,541.4192,5,0.01699,45.22,signal_fade,4
HD,long,2023-09-18,2023-09-22,298.7683,283.8799,9,-0.04983,-134.0,signal_fade,4
AMD,long,2023-09-18,2023-09-25,100.8704,96.4518,29,-0.04381,-128.14,max_hold,7
LLY,long,2023-09-19,2023-09-25,561.0466,539.9734,5,-0.03756,-105.37,max_hold,6
AVGO,long,2023-09-19,2023-09-25,81.6426,80.3748,36,-0.01553,-45.64,max_hold,6
ABBV,long,2023-09-20,2023-09-25,139.9571,140.1257,21,0.00121,3.54,max_hold,5
MSFT,long,2023-09-21,2023-09-26,312.6971,305.5744,9,-0.02278,-64.1,max_hold,5
COP,long,2023-09-22,2023-09-27,110.0025,113.1518,26,0.02863,81.88,max_hold,5
WMT,long,2023-09-25,2023-10-02,52.597,51.6772,55,-0.01749,-50.59,max_hold,7
GOOGL,long,2023-09-26,2023-10-02,128.6937,132.6964,22,0.0311,88.06,max_hold,6
ADBE,long,2023-09-26,2023-10-02,510.3951,517.2613,5,0.01345,34.33,max_hold,6
JNJ,long,2023-09-26,2023-10-02,147.5479,142.6688,19,-0.03307,-92.7,max_hold,6
AMZN,long,2023-09-27,2023-10-02,125.8229,127.996,23,0.01727,49.98,max_hold,5
MRK,long,2023-09-28,2023-10-03,96.0399,93.2005,30,-0.02956,-85.18,max_hold,5
JPM,long,2023-09-28,2023-10-03,137.6231,134.5813,21,-0.0221,-63.88,max_hold,5
ABBV,long,2023-09-29,2023-10-04,138.5035,134.2539,21,-0.03068,-89.24,max_hold,5
COP,long,2023-10-02,2023-10-09,110.8496,111.669,26,0.00739,21.3,max_hold,7
CVX,long,2023-10-02,2023-10-09,149.8616,148.3155,19,-0.01032,-29.37,max_hold,7
LLY,long,2023-10-03,2023-10-09,526.0855,558.8975,5,0.06237,164.06,max_hold,6
WMT,long,2023-10-03,2023-10-09,51.7289,50.5575,56,-0.02264,-65.6,max_hold,6
GS,long,2023-10-04,2023-10-09,286.6774,295.4283,10,0.03053,87.51,max_hold,5
HD,long,2023-10-04,2023-10-09,273.7589,276.5897,10,0.01034,28.31,max_hold,5
XOM,long,2023-10-05,2023-10-10,100.1895,97.5005,29,-0.02684,-77.98,max_hold,5
ABBV,long,2023-10-05,2023-10-10,134.3882,135.343,21,0.0071,20.05,max_hold,5
CVX,long,2023-10-10,2023-10-16,148.4639,146.5902,19,-0.01262,-35.6,max_hold,6
COST,long,2023-10-10,2023-10-16,539.2243,550.2494,5,0.02045,55.13,max_hold,6
XOM,long,2023-10-11,2023-10-16,97.5981,100.0256,30,0.02487,72.82,max_hold,5
GOOGL,long,2023-10-11,2023-10-16,137.4307,137.3428,21,-0.00064,-1.84,max_hold,5
ABBV,long,2023-10-11,2023-10-16,135.4784,135.0477,21,-0.00318,-9.04,max_hold,5
TSLA,long,2023-10-18,2023-10-19,252.8263,216.9015,11,-0.14209,-395.17,stop_loss,1
QCOM,long,2023-10-16,2023-10-23,102.9847,103.0798,28,0.00092,2.66,max_hold,7
ABBV,long,2023-10-17,2023-10-23,135.1828,133.0495,21,-0.01578,-44.8,max_hold,6
CVX,long,2023-10-17,2023-10-23,146.7368,143.0862,20,-0.02488,-73.01,max_hold,6
JPM,long,2023-10-18,2023-10-23,138.9324,133.6807,21,-0.0378,-110.28,max_hold,5
AMD,long,2023-10-18,2023-10-23,103.4317,100.9195,28,-0.02429,-70.34,max_hold,5
TSLA,long,2023-10-20,2023-10-25,217.1185,211.2143,13,-0.02719,-76.75,max_hold,5
AMD,long,2023-10-24,2023-10-26,101.0205,95.7521,28,-0.05215,-147.51,stop_loss,2
CVX,long,2023-10-24,2023-10-27,143.2293,129.5415,20,-0.09557,-273.76,stop_loss,3
COST,long,2023-10-23,2023-10-30,533.658,531.2197,5,-0.00457,-12.19,max_hold,7
ABBV,long,2023-10-25,2023-10-30,134.0634,130.2446,21,-0.02849,-80.2,max_hold,5
TSLA,long,2023-10-26,2023-10-31,211.4257,203.938,13,-0.03542,-97.34,max_hold,5
GOOGL,long,2023-10-26,2023-10-31,122.2476,122.918,23,0.00548,15.42,max_hold,5
MA,long,2023-10-27,2023-10-31,361.3172,372.9522,7,0.0322,81.44,signal_fade,4
META,long,2023-10-27,2023-11-01,292.0625,314.3806,9,0.07642,200.86,max_hold,5
LLY,long,2023-10-27,2023-11-01,552.5959,567.0652,5,0.02618,72.35,max_hold,5
COP,long,2023-10-27,2023-11-01,108.508,108.5561,26,0.00044,1.25,max_hold,5
JPM,long,2023-10-30,2023-11-06,129.3126,135.8773,22,0.05077,144.42,max_hold,7
JNJ,long,2023-10-30,2023-11-06,134.8806,140.1323,21,0.03894,110.29,max_hold,7
MRK,long,2023-10-31,2023-11-06,94.3867,95.742,30,0.01436,40.66,max_hold,6
TSLA,long,2023-11-01,2023-11-06,204.142,219.87,14,0.07704,220.19,max_hold,5
GOOGL,long,2023-11-01,2023-11-06,123.041,129.4964,23,0.05247,148.47,max_hold,5
XOM,long,2023-11-02,2023-11-07,96.6126,94.5562,30,-0.02129,-61.69,max_hold,5
LLY,long,2023-11-02,2023-11-07,567.6326,595.8239,5,0.04966,140.96,max_hold,5
COP,long,2023-11-02,2023-11-07,108.6647,106.0971,26,-0.02363,-66.76,max_hold,5
AMZN,long,2023-11-06,2023-11-10,138.8294,142.009,21,0.0229,66.77,signal_fade,4
WMT,long,2023-11-06,2023-11-13,53.287,54.4214,54,0.02129,61.26,max_hold,7
ABBV,long,2023-11-07,2023-11-13,129.8519,127.348,22,-0.01928,-55.09,max_hold,6
QCOM,long,2023-11-07,2023-11-13,113.1425,120.0932,25,0.06143,173.77,max_hold,6
AVGO,long,2023-11-07,2023-11-13,85.6124,93.2835,34,0.0896,260.82,max_hold,6
COP,long,2023-11-08,2023-11-13,106.2032,107.3725,27,0.01101,31.57,max_hold,5
MRK,long,2023-11-08,2023-11-13,95.498,94.1914,30,-0.01368,-39.2,max_hold,5
XOM,long,2023-11-08,2023-11-13,94.6508,95.9452,30,0.01368,38.83,max_hold,5
WMT,long,2023-11-15,2023-11-16,54.5439,50.4669,54,-0.07475,-220.16,stop_loss,1
ADBE,long,2023-11-16,2023-11-16,595.7477,601.769,4,0.01011,24.08,signal_fade,0
ABBV,long,2023-11-14,2023-11-20,127.4754,127.1647,23,-0.00244,-7.15,max_hold,6
JPM,long,2023-11-14,2023-11-20,139.0177,145.052,21,0.04341,126.72,max_hold,6
UNH,long,2023-11-15,2023-11-20,510.5316,507.8682,5,-0.00522,-13.32,max_hold,5
ADBE,long,2023-11-20,2023-11-20,605.6127,610.3247,4,0.00778,18.85,signal_fade,0
MRK,long,2023-11-16,2023-11-21,93.5234,93.7694,31,0.00263,7.63,max_hold,5
COP,long,2023-11-17,2023-11-22,104.515,106.3451,28,0.01751,51.24,max_hold,5
TSLA,long,2023-11-17,2023-11-22,232.116,233.6331,12,0.00654,18.21,max_hold,5
XOM,long,2023-11-17,2023-11-22,94.8994,95.6876,31,0.00831,24.44,max_hold,5
GS,long,2023-11-22,2023-11-22,316.8545,318.2851,9,0.00452,12.88,signal_fade,0
LLY,long,2023-11-21,2023-11-27,588.4558,581.5415,5,-0.01175,-34.57,max_hold,6
UNH,long,2023-11-21,2023-11-27,508.3763,515.2911,5,0.0136,34.57,max_hold,6
COST,long,2023-11-21,2023-11-27,561.5168,571.7409,5,0.01821,51.12,max_hold,6
AMD,long,2023-11-22,2023-11-27,120.06,121.919,24,0.01548,44.62,max_hold,5
AVGO,long,2023-11-22,2023-11-27,95.4484,91.1121,30,-0.04543,-130.09,max_hold,5
AVGO,long,2023-11-28,2023-12-04,91.2033,88.365,32,-0.03112,-90.82,max_hold,6
LLY,long,2023-11-28,2023-12-04,582.1233,572.9756,5,-0.01571,-45.74,max_hold,6
MRK,long,2023-11-28,2023-12-04,93.0458,96.265,31,0.0346,99.79,max_hold,6
BAC,long,2023-11-28,2023-12-04,27.6358,28.9123,106,0.04619,135.31,max_hold,6
UNH,long,2023-11-28,2023-12-04,515.8067,520.3371,5,0.00878,22.65,max_hold,6
META,long,2023-11-28,2023-12-04,330.6629,316.0452,8,-0.04421,-116.94,max_hold,6
QCOM,long,2023-11-29,2023-12-04,122.783,122.5179,24,-0.00216,-6.36,max_hold,5
MSFT,long,2023-12-05,2023-12-11,359.6455,363.6,8,0.011,31.64,max_hold,6
META,long,2023-12-05,2023-12-11,316.3614,321.6134,9,0.0166,47.27,max_hold,6
ADBE,long,2023-12-05,2023-12-11,597.0684,625.5471,4,0.0477,113.91,max_hold,6
LLY,long,2023-12-05,2023-12-11,573.5489,571.7182,5,-0.00319,-9.15,max_hold,6
XOM,long,2023-12-06,2023-12-11,92.0817,90.7754,32,-0.01419,-41.8,max_hold,5
COP,long,2023-12-07,2023-12-12,103.1437,103.2072,28,0.00062,1.78,max_hold,5
JNJ,long,2023-12-08,2023-12-13,144.6439,145.4755,20,0.00575,16.63,max_hold,5
CVX,long,2023-12-08,2023-12-13,129.0963,131.0702,22,0.01529,43.42,max_hold,5
LLY,long,2023-12-12,2023-12-18,572.2902,569.9991,5,-0.004,-11.46,max_hold,6
AMZN,long,2023-12-12,2023-12-18,145.5928,154.3228,20,0.05996,174.6,max_hold,6
META,long,2023-12-12,2023-12-18,321.9352,342.4004,9,0.06357,184.19,max_hold,6
MRK,long,2023-12-12,2023-12-18,95.9572,98.0063,30,0.02135,61.47,max_hold,6
COP,long,2023-12-13,2023-12-18,103.3105,106.4006,28,0.02991,86.52,max_hold,5
GOOGL,long,2023-12-13,2023-12-18,132.2738,135.5695,22,0.02492,72.5,max_hold,5
XOM,long,2023-12-13,2023-12-18,90.2769,93.8294,32,0.03935,113.68,max_hold,5
JNJ,long,2023-12-14,2023-12-19,145.6211,145.5406,20,-0.00055,-1.61,max_hold,5
V,long,2023-12-15,2023-12-20,249.889,252.5819,11,0.01078,29.62,max_hold,5
UNH,long,2023-12-19,2023-12-26,497.6085,492.5247,6,-0.01022,-30.5,max_hold,7
ADBE,long,2023-12-19,2023-12-26,600.3,598.3007,4,-0.00333,-8.0,max_hold,7
LLY,long,2023-12-19,2023-12-26,570.5694,560.4213,5,-0.01779,-50.74,max_hold,7
AAPL,long,2023-12-19,2023-12-26,194.0614,190.2403,15,-0.01969,-57.32,max_hold,7
JNJ,long,2023-12-20,2023-12-26,145.6862,144.5737,20,-0.00764,-22.25,max_hold,6
GOOGL,long,2023-12-20,2023-12-26,137.8174,140.2753,21,0.01783,51.62,max_hold,6
JNJ,long,2023-12-27,2023-12-29,144.7183,145.7265,20,0.00697,20.16,end_of_period,2
ADBE,long,2023-12-27,2023-12-29,598.8993,596.3017,4,-0.00434,-10.39,end_of_period,2
CVX,long,2023-12-29,2023-12-29,134.9615,134.0447,22,-0.00679,-20.17,end_of_period,0
AAPL,long,2023-12-29,2023-12-29,191.8256,190.2799,15,-0.00806,-23.19,end_of_period,0
AAPL,long,2024-01-03,2024-01-08,182.2492,181.7705,16,-0.00263,-7.66,max_hold,5
ADBE,long,2024-01-03,2024-01-08,574.8673,578.0409,5,0.00552,15.87,max_hold,5
CRM,long,2024-01-03,2024-01-08,249.3135,254.9594,11,0.02265,62.1,max_hold,5
CVX,long,2024-01-03,2024-01-08,134.3858,134.7547,22,0.00275,8.12,max_hold,5
JNJ,long,2024-01-03,2024-01-08,149.502,150.2729,19,0.00516,14.65,max_hold,5
V,long,2024-01-04,2024-01-09,253.3844,259.8991,11,0.02571,71.66,max_hold,5
CVX,long,2024-01-09,2024-01-16,134.8895,127.9878,22,-0.05117,-151.84,max_hold,7
COP,long,2024-01-09,2024-01-16,106.0901,98.9679,28,-0.06713,-199.42,max_hold,7
COST,long,2024-01-09,2024-01-16,650.1468,670.8092,4,0.03178,82.65,max_hold,7
MA,long,2024-01-09,2024-01-16,413.8358,419.7158,7,0.01421,41.16,max_hold,7
QCOM,long,2024-01-09,2024-01-16,130.6683,132.5118,22,0.01411,40.56,max_hold,7
GOOGL,long,2024-01-09,2024-01-16,137.3513,140.0376,21,0.01956,56.41,max_hold,7
MSFT,long,2024-01-09,2024-01-16,365.1023,380.3951,8,0.04189,122.34,max_hold,7
JNJ,long,2024-01-10,2024-01-16,150.6001,148.9899,19,-0.01069,-30.59,max_hold,6
XOM,long,2024-01-10,2024-01-16,91.8975,88.862,32,-0.03303,-97.14,max_hold,6
JPM,long,2024-01-11,2024-01-16,162.4277,159.4169,18,-0.01854,-54.19,max_hold,5
JNJ,long,2024-01-17,2024-01-22,149.1389,148.4414,20,-0.00468,-13.95,max_hold,5
CVX,long,2024-01-17,2024-01-22,128.1158,127.6013,23,-0.00402,-11.83,max_hold,5
COP,long,2024-01-17,2024-01-22,99.0669,99.8009,30,0.00741,22.02,max_hold,5
QCOM,long,2024-01-17,2024-01-22,132.6443,145.0872,22,0.09381,273.74,max_hold,5
BAC,long,2024-01-17,2024-01-22,29.9222,30.6651,99,0.02483,73.54,max_hold,5
TSLA,long,2024-01-18,2024-01-23,216.9884,211.7741,13,-0.02403,-67.79,max_hold,5
UNH,long,2024-01-19,2024-01-24,488.5117,462.0492,6,-0.05417,-158.77,max_hold,5
TSLA,long,2024-01-24,2024-01-25,211.9859,185.4073,14,-0.12538,-372.1,stop_loss,1
AMZN,long,2024-01-22,2024-01-29,156.9684,160.6196,19,0.02326,69.37,max_hold,7
JNJ,long,2024-01-23,2024-01-29,148.5899,148.1531,20,-0.00294,-8.73,max_hold,6
GOOGL,long,2024-01-23,2024-01-29,144.68,151.3812,20,0.04632,134.02,max_hold,6
CVX,long,2024-01-23,2024-01-29,127.729,133.1641,23,0.04255,125.01,max_hold,6
JPM,long,2024-01-23,2024-01-29,161.7983,164.647,18,0.01761,51.28,max_hold,6
COP,long,2024-01-23,2024-01-29,99.9008,102.9388,30,0.03041,91.14,max_hold,6
UNH,long,2024-01-25,2024-01-30,462.5115,478.0829,6,0.03367,93.43,max_hold,5
HD,long,2024-01-25,2024-01-30,331.2409,335.9121,9,0.0141,42.04,max_hold,5
WMT,long,2024-01-25,2024-01-30,52.477,54.5033,57,0.03861,115.5,max_hold,5
TSLA,long,2024-01-26,2024-01-31,185.5927,188.4058,16,0.01516,45.01,max_hold,5
JNJ,long,2024-01-30,2024-02-05,148.3014,144.8805,20,-0.02307,-68.42,max_hold,6
QCOM,long,2024-01-30,2024-02-05,140.6057,137.1433,21,-0.02462,-72.71,max_hold,6
JPM,long,2024-01-30,2024-02-05,164.8117,166.3427,18,0.00929,27.56,max_hold,6
ABBV,long,2024-01-30,2024-02-05,152.12,158.8436,19,0.0442,127.75,max_hold,6
AMD,long,2024-01-31,2024-02-05,165.8229,173.0634,18,0.04366,130.33,max_hold,5
UNH,long,2024-01-31,2024-02-05,478.5612,477.5428,6,-0.00213,-6.11,max_hold,5
TSLA,long,2024-02-01,2024-02-06,188.5942,188.0859,16,-0.0027,-8.13,max_hold,5
XOM,long,2024-02-02,2024-02-07,95.5347,94.1422,31,-0.01458,-43.17,max_hold,5
HD,long,2024-02-05,2024-02-12,332.2462,336.4282,9,0.01259,37.64,max_hold,7
GOOGL,long,2024-02-06,2024-02-12,143.4503,143.5744,20,0.00087,2.48,max_hold,6
CVX,long,2024-02-06,2024-02-12,137.1834,137.1541,21,-0.00021,-0.62,max_hold,6
JNJ,long,2024-02-06,2024-02-12,145.0254,146.5633,20,0.0106,30.76,max_hold,6
AMD,long,2024-02-07,2024-02-12,169.5547,167.856,17,-0.01002,-28.88,max_hold,5
AVGO,long,2024-02-07,2024-02-12,120.2868,120.2756,25,-9e-05,-0.28,max_hold,5
XOM,long,2024-02-08,2024-02-13,94.2364,94.5807,32,0.00365,11.02,max_hold,5
GS,long,2024-02-08,2024-02-13,365.9705,360.7553,8,-0.01425,-41.72,max_hold,5
V,long,2024-02-09,2024-02-14,270.5105,272.8443,11,0.00863,25.67,max_hold,5
ADBE,long,2024-02-13,2024-02-16,596.9984,531.2342,5,-0.11016,-328.82,stop_loss,3
MRK,long,2024-02-12,2024-02-20,115.6346,117.7739,26,0.0185,55.62,max_hold,8
CVX,long,2024-02-13,2024-02-20,137.2913,140.4222,22,0.0228,68.88,max_hold,7
CRM,long,2024-02-13,2024-02-20,275.779,275.1694,10,-0.00221,-6.1,max_hold,7
JPM,long,2024-02-13,2024-02-20,167.1862,171.4299,18,0.02538,76.39,max_hold,7
AMD,long,2024-02-13,2024-02-20,168.024,162.6586,17,-0.03193,-91.21,max_hold,7
JNJ,long,2024-02-13,2024-02-20,146.7099,148.0321,20,0.00901,26.44,max_hold,7
GS,long,2024-02-14,2024-02-20,361.1162,361.6646,8,0.00152,4.39,max_hold,6
XOM,long,2024-02-15,2024-02-20,93.4951,95.6484,32,0.02303,68.91,max_hold,5
HD,long,2024-02-15,2024-02-20,337.1688,338.4178,8,0.0037,9.99,max_hold,5
LLY,long,2024-02-21,2024-02-23,727.0383,759.002,4,0.04396,127.85,signal_fade,2
GOOGL,long,2024-02-20,2024-02-26,138.5017,136.7385,21,-0.01273,-37.03,max_hold,6
AMD,long,2024-02-21,2024-02-26,162.8214,175.832,18,0.07991,234.19,max_hold,5
JNJ,long,2024-02-21,2024-02-26,148.1802,150.2055,20,0.01367,40.51,max_hold,5
ADBE,long,2024-02-21,2024-02-26,540.0299,565.627,5,0.0474,127.99,max_hold,5
MA,long,2024-02-21,2024-02-26,447.6162,468.121,6,0.04581,123.03,max_hold,5
CVX,long,2024-02-23,2024-02-28,140.8355,138.9142,21,-0.01364,-40.35,max_hold,5
GS,long,2024-02-23,2024-02-28,369.7629,376.9903,8,0.01955,57.82,max_hold,5
JNJ,long,2024-02-27,2024-03-04,150.3557,150.4678,20,0.00074,2.24,max_hold,6
GOOGL,long,2024-02-27,2024-03-04,136.8753,130.6555,22,-0.04544,-136.84,max_hold,6
LLY,long,2024-02-27,2024-03-04,743.6067,772.7886,4,0.03924,116.73,max_hold,6
META,long,2024-02-27,2024-03-04,476.5447,490.966,6,0.03026,86.53,max_hold,6
UNH,long,2024-02-29,2024-03-05,472.8604,449.588,6,-0.04922,-139.63,max_hold,5
V,long,2024-03-01,2024-03-06,278.5766,276.0184,10,-0.00918,-25.58,max_hold,5
MSFT,long,2024-03-01,2024-03-06,404.3797,398.9169,7,-0.01351,-38.24,max_hold,5
XOM,long,2024-03-01,2024-03-06,98.2535,98.9723,31,0.00732,22.28,max_hold,5
MA,long,2024-03-01,2024-03-06,468.9448,466.7893,6,-0.0046,-12.93,max_hold,5
COST,long,2024-03-01,2024-03-06,731.6998,769.1438,4,0.05117,149.78,max_hold,5
JNJ,long,2024-03-05,2024-03-11,150.6183,151.3671,20,0.00497,14.98,max_hold,6
MRK,long,2024-03-05,2024-03-11,115.3386,113.6707,26,-0.01446,-43.36,max_hold,6
GOOGL,long,2024-03-05,2024-03-11,130.7862,135.7577,23,0.03801,114.34,max_hold,6
COP,long,2024-03-05,2024-03-11,103.7768,107.2808,29,0.03376,101.62,max_hold,6
UNH,long,2024-03-06,2024-03-11,450.0378,464.3844,6,0.03188,86.08,max_hold,5
TSLA,long,2024-03-07,2024-03-12,174.4372,172.9635,17,-0.00845,-25.05,max_hold,5
CVX,long,2024-03-07,2024-03-12,135.0428,139.214,22,0.03089,91.77,max_hold,5
MSFT,long,2024-03-07,2024-03-12,399.316,410.6844,7,0.02847,79.58,max_hold,5
V,long,2024-03-08,2024-03-13,274.4452,283.9585,11,0.03466,104.65,max_hold,5
MA,long,2024-03-08,2024-03-13,461.2329,474.5033,6,0.02877,79.62,max_hold,5
COST,long,2024-03-12,2024-03-18,708.6157,722.4292,4,0.01949,55.25,max_hold,6
AVGO,long,2024-03-12,2024-03-18,127.4026,118.5062,24,-0.06983,-213.51,max_hold,6
MRK,long,2024-03-12,2024-03-18,113.7844,112.9409,26,-0.00741,-21.93,max_hold,6
JNJ,long,2024-03-12,2024-03-18,151.5185,146.7674,20,-0.03136,-95.02,max_hold,6
TSLA,long,2024-03-13,2024-03-18,173.1365,172.2738,17,-0.00498,-14.67,max_hold,5
CVX,long,2024-03-13,2024-03-18,139.3532,141.0854,22,0.01243,38.11,max_hold,5
UNH,long,2024-03-13,2024-03-18,469.982,465.8495,6,-0.00879,-24.79,max_hold,5
QCOM,long,2024-03-14,2024-03-19,161.9449,156.5366,18,-0.0334,-97.35,max_hold,5
GS,long,2024-03-14,2024-03-19,376.6132,368.539,8,-0.02144,-64.59,max_hold,5
AVGO,long,2024-03-19,2024-03-25,118.6248,133.4591,25,0.12505,370.86,max_hold,6
AMD,long,2024-03-19,2024-03-25,183.2516,179.4502,16,-0.02074,-60.82,max_hold,6
JNJ,long,2024-03-19,2024-03-25,146.9143,145.7744,20,-0.00776,-22.8,max_hold,6
MRK,long,2024-03-19,2024-03-25,113.0539,116.9772,27,0.0347,105.93,max_hold,6
ABBV,long,2024-03-19,2024-03-25,165.0606,165.858,18,0.00483,14.35,max_hold,6
QCOM,long,2024-03-20,2024-03-25,156.6932,160.3045,19,0.02305,68.62,max_hold,5
SLB,long,2024-03-20,2024-03-25,50.9185,51.112,60,0.0038,11.61,max_hold,5
GS,long,2024-03-20,2024-03-25,368.9077,387.3589,8,0.05002,147.61,max_hold,5
DVN,long,2024-03-21,2024-03-26,45.593,45.4631,67,-0.00285,-8.7,max_hold,5
V,long,2024-03-21,2024-03-26,285.2361,275.3993,10,-0.03449,-98.37,max_hold,5
AMD,long,2024-03-26,2024-04-01,179.6298,179.3803,17,-0.00139,-4.24,max_hold,6
ABBV,long,2024-03-26,2024-04-01,166.024,166.0061,18,-0.00011,-0.32,max_hold,6
CVX,long,2024-03-26,2024-04-01,142.336,145.4007,21,0.02153,64.36,max_hold,6
META,long,2024-03-28,2024-04-02,489.3127,494.8639,6,0.01135,33.31,max_hold,5
COST,long,2024-03-28,2024-04-02,725.1877,700.8983,4,-0.03349,-97.16,max_hold,5
NVDA,long,2024-03-28,2024-04-02,89.8895,88.287,34,-0.01783,-54.48,max_hold,5
V,long,2024-03-28,2024-04-02,273.9435,275.6252,11,0.00614,18.5,max_hold,5
CVX,long,2024-04-02,2024-04-08,145.5462,147.0359,21,0.01024,31.28,max_hold,6
HD,long,2024-04-02,2024-04-08,344.4778,343.312,8,-0.00338,-9.33,max_hold,6
LLY,long,2024-04-02,2024-04-08,743.7742,765.2408,4,0.02886,85.87,max_hold,6
ABBV,long,2024-04-02,2024-04-08,166.1721,157.0668,18,-0.05479,-163.9,max_hold,6
UNH,long,2024-04-03,2024-04-08,439.9653,432.1811,7,-0.01769,-54.49,max_hold,5
NVDA,long,2024-04-03,2024-04-08,88.3753,87.2473,34,-0.01276,-38.35,max_hold,5
COST,long,2024-04-03,2024-04-08,701.5996,707.0781,4,0.00781,21.91,max_hold,5
CRM,long,2024-04-05,2024-04-10,289.0694,294.6143,10,0.01918,55.45,max_hold,5
UNH,long,2024-04-09,2024-04-15,432.6135,453.577,7,0.04846,146.74,max_hold,6
NVDA,long,2024-04-09,2024-04-15,87.3346,86.2405,35,-0.01253,-38.29,max_hold,6
ABBV,long,2024-04-09,2024-04-15,157.224,151.4817,19,-0.03652,-109.1,max_hold,6
CVX,long,2024-04-10,2024-04-15,147.5104,142.9024,20,-0.03124,-92.16,max_hold,5
MA,long,2024-04-10,2024-04-15,464.9074,454.3967,6,-0.02261,-63.06,max_hold,5
JNJ,long,2024-04-10,2024-04-15,142.0943,135.8444,21,-0.04398,-131.25,max_hold,5
CRM,long,2024-04-11,2024-04-15,294.909,270.3246,10,-0.08336,-245.84,stop_loss,4
HD,long,2024-04-11,2024-04-16,331.7571,317.9623,9,-0.04158,-124.15,max_hold,5
GS,long,2024-04-12,2024-04-17,375.095,386.7866,8,0.03117,93.53,max_hold,5
NVDA,long,2024-04-18,2024-04-19,84.8656,77.9301,35,-0.08172,-242.74,stop_loss,1
JPM,long,2024-04-15,2024-04-22,176.9666,183.1426,17,0.0349,104.99,max_hold,7
CRM,long,2024-04-16,2024-04-22,270.5951,270.4919,11,-0.00038,-1.14,max_hold,6
HD,long,2024-04-17,2024-04-22,318.2805,319.1141,9,0.00262,7.5,max_hold,5
WMT,long,2024-04-17,2024-04-22,58.8707,58.9096,51,0.00066,1.99,max_hold,5
AVGO,long,2024-04-18,2024-04-23,126.0853,123.6024,24,-0.01969,-59.59,max_hold,5
UNH,short,2024-04-18,2024-04-23,462.4817,460.7065,6,0.00384,10.65,max_hold,5
META,long,2024-04-23,2024-04-25,487.734,437.8623,6,-0.10225,-299.23,stop_loss,2
NVDA,long,2024-04-22,2024-04-29,78.0081,87.0457,38,0.11586,343.43,max_hold,7
XOM,long,2024-04-23,2024-04-29,111.5249,110.5871,27,-0.00841,-25.32,max_hold,6
WMT,long,2024-04-23,2024-04-29,58.9686,58.8607,51,-0.00183,-5.5,max_hold,6
AMD,long,2024-04-24,2024-04-29,156.6383,160.5497,19,0.02497,74.32,max_hold,5
AMZN,long,2024-04-26,2024-05-01,177.8889,180.7596,17,0.01614,48.8,max_hold,5
LLY,long,2024-04-26,2024-05-01,712.6568,764.9456,4,0.07337,209.16,max_hold,5
COP,long,2024-04-29,2024-05-06,121.0777,115.2794,25,-0.04789,-144.96,max_hold,7
CVX,long,2024-04-29,2024-05-06,150.8751,147.4538,20,-0.02268,-68.43,max_hold,7
MRK,long,2024-04-29,2024-05-06,122.624,118.2048,24,-0.03604,-106.06,max_hold,7
NVDA,long,2024-04-30,2024-05-06,87.1328,90.8952,34,0.04318,127.92,max_hold,6
META,long,2024-04-30,2024-05-06,427.9649,462.4899,7,0.08067,241.68,max_hold,6
XOM,long,2024-04-30,2024-05-06,110.6978,108.8881,27,-0.01635,-48.86,max_hold,6
AVGO,long,2024-05-03,2024-05-08,123.2464,128.8765,24,0.04568,135.12,max_hold,5
MRK,long,2024-05-07,2024-05-13,118.3231,120.1578,25,0.01551,45.87,max_hold,6
COP,long,2024-05-07,2024-05-13,115.3947,114.0145,26,-0.01196,-35.89,max_hold,6
CVX,long,2024-05-07,2024-05-13,147.6013,149.298,20,0.01149,33.93,max_hold,6
XOM,long,2024-05-07,2024-05-13,108.997,109.3139,28,0.00291,8.87,max_hold,6
NVDA,long,2024-05-09,2024-05-14,90.4178,92.2661,33,0.02044,60.99,max_hold,5
JNJ,long,2024-05-10,2024-05-15,140.6596,143.3294,21,0.01898,56.07,max_hold,5
CVX,long,2024-05-14,2024-05-20,149.4474,147.3553,20,-0.014,-41.84,max_hold,6
MRK,long,2024-05-15,2024-05-20,119.9801,122.4642,25,0.0207,62.1,max_hold,5
GOOGL,long,2024-05-15,2024-05-20,169.2149,175.2575,18,0.03571,108.77,max_hold,5
AMZN,long,2024-05-16,2024-05-21,185.6928,183.7881,16,-0.01026,-30.48,max_hold,5
COP,long,2024-05-16,2024-05-21,113.0204,112.1287,27,-0.00789,-24.07,max_hold,5
V,long,2024-05-17,2024-05-22,275.9879,270.9765,11,-0.01816,-55.12,max_hold,5
JNJ,long,2024-05-20,2024-05-28,144.7271,135.8187,21,-0.06155,-187.08,max_hold,8
JPM,long,2024-05-21,2024-05-28,188.9562,189.7255,16,0.00407,12.31,max_hold,7
CVX,long,2024-05-21,2024-05-28,147.5027,145.0061,20,-0.01693,-49.93,max_hold,7
MRK,long,2024-05-21,2024-05-28,122.5868,117.312,25,-0.04303,-131.87,max_hold,7
XOM,long,2024-05-22,2024-05-28,110.051,107.1986,27,-0.02592,-77.02,max_hold,6
AMZN,long,2024-05-22,2024-05-28,183.9719,181.6091,16,-0.01284,-37.8,max_hold,6
GS,long,2024-05-23,2024-05-28,443.2603,433.8603,6,-0.02121,-56.4,max_hold,5
AVGO,long,2024-05-23,2024-05-28,139.8322,136.8242,21,-0.02151,-63.17,max_hold,5
COP,long,2024-05-23,2024-05-28,111.593,110.3275,27,-0.01134,-34.17,max_hold,5
HD,long,2024-05-24,2024-05-29,308.4611,310.1715,9,0.00554,15.39,max_hold,5
CRM,long,2024-05-29,2024-05-30,263.9183,215.5573,11,-0.18324,-531.97,stop_loss,1
MRK,long,2024-05-29,2024-06-03,117.4294,118.2513,25,0.007,20.55,max_hold,5
ABBV,long,2024-05-29,2024-06-03,144.8173,149.623,21,0.03318,100.92,max_hold,5
V,long,2024-05-29,2024-06-03,265.0982,265.4535,11,0.00134,3.91,max_hold,5
JNJ,long,2024-05-29,2024-06-03,135.9546,139.2751,22,0.02442,73.05,max_hold,5
COP,long,2024-05-30,2024-06-04,108.6536,105.1301,28,-0.03243,-98.66,max_hold,5
QCOM,long,2024-05-30,2024-06-04,199.4256,198.2014,15,-0.00614,-18.36,max_hold,5
AVGO,long,2024-05-30,2024-06-04,134.9935,131.6313,22,-0.02491,-73.97,max_hold,5
CRM,long,2024-05-31,2024-06-05,215.773,235.9905,13,0.0937,262.83,max_hold,5
CVX,long,2024-06-04,2024-06-10,143.0385,143.3085,21,0.00189,5.67,max_hold,6
XOM,long,2024-06-04,2024-06-10,105.8723,105.2891,28,-0.00551,-16.33,max_hold,6
COP,long,2024-06-05,2024-06-10,105.2353,106.1902,28,0.00907,26.74,max_hold,5
MSFT,long,2024-06-05,2024-06-10,411.5511,418.6873,7,0.01734,49.95,max_hold,5
AVGO,long,2024-06-05,2024-06-10,131.763,140.648,22,0.06743,195.47,max_hold,5
CRM,long,2024-06-06,2024-06-11,236.2266,236.6594,12,0.00183,5.19,max_hold,5
JPM,long,2024-06-06,2024-06-11,189.2056,187.8091,16,-0.00738,-22.34,max_hold,5
JNJ,long,2024-06-06,2024-06-11,137.5427,138.8784,22,0.00971,29.39,max_hold,5
UNH,long,2024-06-10,2024-06-17,467.5821,468.8194,6,0.00265,7.42,max_hold,7
TSLA,long,2024-06-11,2024-06-17,174.007,186.4667,17,0.0716,211.82,max_hold,6
XOM,long,2024-06-11,2024-06-17,105.3945,102.0506,28,-0.03173,-93.63,max_hold,6
JPM,long,2024-06-12,2024-06-17,187.997,186.4676,16,-0.00814,-24.47,max_hold,5
BAC,long,2024-06-12,2024-06-17,38.0387,37.7716,79,-0.00702,-21.11,max_hold,5
GS,long,2024-06-12,2024-06-17,437.6527,431.4286,6,-0.01422,-37.34,max_hold,5
QCOM,long,2024-06-12,2024-06-17,203.7401,217.2524,14,0.06632,189.17,max_hold,5
CRM,long,2024-06-13,2024-06-18,231.933,229.0745,13,-0.01232,-37.16,max_hold,5
CVX,long,2024-06-13,2024-06-18,141.2472,141.0511,21,-0.00139,-4.12,max_hold,5
JNJ,long,2024-06-13,2024-06-18,137.1362,137.1881,22,0.00038,1.14,max_hold,5
AMD,long,2024-06-18,2024-06-24,157.0685,160.6496,19,0.0228,68.04,max_hold,6
MRK,long,2024-06-18,2024-06-24,120.1266,124.5441,25,0.03677,110.44,max_hold,6
JPM,long,2024-06-18,2024-06-24,186.6542,189.8118,16,0.01692,50.52,max_hold,6
XOM,long,2024-06-18,2024-06-24,102.1527,106.8054,29,0.04555,134.93,max_hold,6
UNH,long,2024-06-18,2024-06-24,469.2884,468.7526,6,-0.00114,-3.22,max_hold,6
GOOGL,long,2024-06-20,2024-06-25,174.1151,181.142,17,0.04036,119.46,max_hold,5
TSLA,long,2024-06-20,2024-06-25,184.7723,186.4467,16,0.00906,26.79,max_hold,5
GS,long,2024-06-24,2024-07-01,433.474,442.8868,7,0.02171,65.89,max_hold,7
NVDA,long,2024-06-25,2024-07-01,121.0611,120.8702,25,-0.00158,-4.77,max_hold,6
QCOM,long,2024-06-26,2024-07-01,192.0526,189.8876,16,-0.01127,-34.64,max_hold,5
BAC,long,2024-06-26,2024-07-01,37.4366,38.1917,82,0.02017,61.92,max_hold,5
JNJ,long,2024-06-26,2024-07-01,138.2044,138.2835,22,0.00057,1.74,max_hold,5
MA,long,2024-06-27,2024-07-02,443.5492,439.8954,6,-0.00824,-21.92,max_hold,5
MRK,long,2024-06-28,2024-07-03,121.316,118.3787,25,-0.02421,-73.43,max_hold,5
AVGO,long,2024-06-28,2024-07-03,156.7204,172.2291,19,0.09896,294.67,max_hold,5
HD,long,2024-06-28,2024-07-03,324.8421,316.3034,9,-0.02629,-76.85,max_hold,5
V,long,2024-07-02,2024-07-08,259.4217,262.8642,11,0.01327,37.87,max_hold,6
JNJ,long,2024-07-02,2024-07-08,138.4219,137.5658,22,-0.00618,-18.83,max_hold,6
CVX,long,2024-07-02,2024-07-08,144.8388,140.3995,21,-0.03065,-93.23,max_hold,6
NVDA,long,2024-07-02,2024-07-08,120.9911,130.0705,25,0.07504,226.98,max_hold,6
QCOM,long,2024-07-03,2024-07-08,194.3249,197.7704,15,0.01773,51.68,max_hold,5
ABBV,long,2024-07-03,2024-07-08,155.289,156.0024,19,0.00459,13.56,max_hold,5
HD,long,2024-07-05,2024-07-10,316.6199,333.4823,9,0.05326,151.76,max_hold,5
LLY,long,2024-07-05,2024-07-10,886.4979,920.7631,3,0.03865,102.8,max_hold,5
COST,long,2024-07-05,2024-07-10,855.726,880.7772,3,0.02927,75.15,max_hold,5
XOM,long,2024-07-09,2024-07-15,104.1015,107.0301,29,0.02813,84.93,max_hold,6
CVX,long,2024-07-09,2024-07-15,140.54,144.0793,22,0.02518,77.86,max_hold,6
ABBV,long,2024-07-09,2024-07-15,156.1585,158.9248,19,0.01771,52.56,max_hold,6
JNJ,long,2024-07-09,2024-07-15,137.7034,141.3621,22,0.02657,80.49,max_hold,6
MSFT,long,2024-07-10,2024-07-15,454.3108,446.9684,6,-0.01616,-44.05,max_hold,5
V,long,2024-07-11,2024-07-16,258.3278,264.2818,12,0.02305,71.45,max_hold,5
MA,long,2024-07-11,2024-07-16,427.7974,437.6583,7,0.02305,69.03,max_hold,5
QCOM,long,2024-07-11,2024-07-16,201.3624,191.3051,15,-0.04995,-150.86,max_hold,5
COST,long,2024-07-11,2024-07-16,881.6584,838.5063,3,-0.04894,-129.46,max_hold,5
NVDA,long,2024-07-12,2024-07-17,128.113,121.5887,24,-0.05093,-156.58,stop_loss,5
COST,long,2024-07-17,2024-07-18,839.3452,827.1351,3,-0.01455,-36.63,signal_fade,1
AMZN,long,2024-07-16,2024-07-22,195.6878,184.008,15,-0.05969,-175.2,max_hold,6
JNJ,long,2024-07-16,2024-07-22,141.5036,144.7807,22,0.02316,72.1,max_hold,6
META,long,2024-07-17,2024-07-22,476.2129,486.3304,6,0.02125,60.71,max_hold,5
MRK,long,2024-07-17,2024-07-22,117.5044,116.9379,26,-0.00482,-14.73,max_hold,5
CVX,long,2024-07-17,2024-07-22,145.5921,143.4736,21,-0.01455,-44.49,max_hold,5
NVDA,long,2024-07-18,2024-07-23,121.7103,118.9144,25,-0.02297,-69.9,max_hold,5
LLY,long,2024-07-18,2024-07-23,894.9837,860.0518,3,-0.03903,-104.8,max_hold,5
AMZN,long,2024-07-23,2024-07-29,184.1921,184.6276,16,0.00236,6.97,max_hold,6
AAPL,long,2024-07-23,2024-07-29,222.5543,217.1989,13,-0.02406,-69.62,max_hold,6
CVX,long,2024-07-23,2024-07-29,143.6172,143.5745,21,-0.0003,-0.9,max_hold,6
NVDA,long,2024-07-24,2024-07-29,119.0334,111.2808,26,-0.06513,-201.57,max_hold,5
JNJ,long,2024-07-24,2024-07-29,144.4057,149.7198,21,0.0368,111.6,max_hold,5
LLY,long,2024-07-26,2024-07-29,801.0875,803.5496,3,0.00307,7.39,signal_fade,3
V,long,2024-07-25,2024-07-30,251.6856,260.4423,12,0.03479,105.08,max_hold,5
MRK,long,2024-07-29,2024-07-30,117.7947,108.527,26,-0.07868,-240.96,stop_loss,1
NVDA,long,2024-07-30,2024-07-30,111.3921,112.6579,27,0.01136,34.17,stop_loss,0
QCOM,long,2024-07-30,2024-08-01,171.9471,153.7491,18,-0.10583,-327.56,stop_loss,2
AMD,long,2024-07-30,2024-08-05,139.9499,135.0824,22,-0.03478,-107.09,max_hold,6
NVDA,long,2024-07-31,2024-08-05,112.7706,103.6173,27,-0.08117,-247.14,stop_loss,5
MRK,long,2024-07-31,2024-08-05,108.6356,105.0654,28,-0.03286,-99.97,max_hold,5
CVX,long,2024-08-01,2024-08-05,145.785,132.5904,21,-0.09051,-277.09,stop_loss,4
WMT,long,2024-08-01,2024-08-06,67.6778,66.5898,45,-0.01608,-48.96,max_hold,5
XOM,long,2024-08-01,2024-08-06,110.8849,108.0597,27,-0.02548,-76.28,max_hold,5
QCOM,long,2024-08-02,2024-08-07,153.9029,153.9598,19,0.00037,1.08,max_hold,5
COP,long,2024-08-02,2024-08-07,101.1596,100.6082,30,-0.00545,-16.54,max_hold,5
JPM,long,2024-08-05,2024-08-12,187.158,200.1519,16,0.06943,207.9,max_hold,7
GS,long,2024-08-05,2024-08-12,429.9582,470.5054,7,0.09431,283.83,max_hold,7
NVDA,long,2024-08-06,2024-08-12,103.721,112.1989,29,0.08174,245.86,max_hold,6
TSLA,long,2024-08-06,2024-08-12,200.8504,198.3708,15,-0.01235,-37.19,max_hold,6
HD,long,2024-08-06,2024-08-12,331.8842,325.0117,9,-0.02071,-61.85,max_hold,6
MRK,long,2024-08-06,2024-08-12,105.1705,106.2536,28,0.0103,30.33,max_hold,6
XOM,long,2024-08-07,2024-08-12,108.1678,110.7085,28,0.02349,71.14,max_hold,5
CVX,long,2024-08-07,2024-08-12,132.8057,132.2141,22,-0.00445,-13.01,max_hold,5
QCOM,long,2024-08-08,2024-08-13,154.1138,163.4422,19,0.06053,177.24,max_hold,5
UNH,long,2024-08-12,2024-08-19,537.7724,553.9828,5,0.03014,81.05,max_hold,7
HD,long,2024-08-13,2024-08-19,325.3369,342.8656,9,0.05388,157.76,max_hold,6
JNJ,long,2024-08-13,2024-08-19,151.505,151.0985,20,-0.00268,-8.13,max_hold,6
GS,long,2024-08-13,2024-08-19,470.9761,483.5374,6,0.02667,75.37,max_hold,6
XOM,long,2024-08-13,2024-08-19,110.8193,111.9489,27,0.01019,30.5,max_hold,6
TSLA,long,2024-08-13,2024-08-19,198.5692,224.7676,15,0.13194,392.97,max_hold,6
JNJ,long,2024-08-20,2024-08-26,151.2497,155.5758,20,0.0286,86.52,max_hold,6
XOM,long,2024-08-20,2024-08-26,112.0609,112.2414,27,0.00161,4.87,max_hold,6
UNH,long,2024-08-22,2024-08-27,553.9633,562.7342,5,0.01583,43.85,max_hold,5
JNJ,long,2024-08-27,2024-09-03,155.7314,159.6769,19,0.02534,74.96,max_hold,7
AMD,long,2024-08-30,2024-09-03,147.5938,140.4397,21,-0.04847,-150.23,stop_loss,4
CRM,long,2024-09-03,2024-09-09,249.1598,243.5014,12,-0.02271,-67.9,max_hold,6
COP,long,2024-09-03,2024-09-09,105.8451,99.739,29,-0.05769,-177.08,max_hold,6
META,long,2024-09-03,2024-09-09,516.4331,504.5191,6,-0.02307,-71.48,max_hold,6
CVX,long,2024-09-03,2024-09-09,135.193,130.7431,23,-0.03292,-102.35,max_hold,6
GS,long,2024-09-04,2024-09-09,470.2934,472.1692,6,0.00399,11.25,max_hold,5
NVDA,long,2024-09-04,2024-09-09,105.2892,107.5788,29,0.02175,66.4,max_hold,5
XOM,long,2024-09-04,2024-09-09,108.8875,108.5994,28,-0.00265,-8.07,max_hold,5
LLY,long,2024-09-06,2024-09-09,906.8366,902.3272,3,-0.00497,-13.53,signal_fade,3
ABBV,long,2024-09-06,2024-09-11,182.5501,183.6025,16,0.00576,16.84,max_hold,5
AAPL,long,2024-09-10,2024-09-16,217.3998,214.0376,14,-0.01547,-47.07,max_hold,6
GOOGL,long,2024-09-10,2024-09-16,149.5717,157.9336,20,0.05591,167.24,max_hold,6
AVGO,long,2024-09-10,2024-09-16,138.6825,162.3539,22,0.17069,520.77,max_hold,6
GS,long,2024-09-11,2024-09-16,448.3393,471.0783,6,0.05072,136.43,max_hold,5
JPM,long,2024-09-11,2024-09-16,197.9602,200.1519,15,0.01107,32.88,max_hold,5
COP,long,2024-09-11,2024-09-16,98.1834,99.7012,31,0.01546,47.05,max_hold,5
XOM,long,2024-09-11,2024-09-16,104.628,105.9764,29,0.01289,39.11,max_hold,5
CVX,long,2024-09-11,2024-09-16,128.3753,131.5782,24,0.02495,76.87,max_hold,5
UNH,long,2024-09-12,2024-09-17,562.8381,553.0805,5,-0.01734,-48.79,max_hold,5
ABBV,long,2024-09-12,2024-09-17,183.7862,182.0472,16,-0.00946,-27.82,max_hold,5
ADBE,long,2024-09-17,2024-09-19,524.5521,526.1768,5,0.0031,8.12,signal_fade,2
AAPL,long,2024-09-17,2024-09-23,214.2518,226.8353,14,0.05873,176.17,max_hold,6
JPM,long,2024-09-17,2024-09-23,200.3521,203.4471,15,0.01545,46.42,max_hold,6
JNJ,long,2024-09-18,2024-09-23,158.7127,154.9002,19,-0.02402,-72.44,max_hold,5
ABBV,long,2024-09-18,2024-09-23,182.2293,181.8775,17,-0.00193,-5.98,max_hold,5
UNH,long,2024-09-18,2024-09-23,553.6339,547.2895,5,-0.01146,-31.72,max_hold,5
MA,long,2024-09-20,2024-09-25,484.8865,485.7375,6,0.00175,5.11,max_hold,5
JNJ,long,2024-09-24,2024-09-30,155.0551,154.5576,20,-0.00321,-9.95,max_hold,6
MRK,long,2024-09-24,2024-09-30,109.221,107.3318,28,-0.0173,-52.9,max_hold,6
V,long,2024-09-25,2024-09-30,270.7547,273.2266,11,0.00913,27.19,max_hold,5
ABBV,long,2024-09-25,2024-09-30,183.0502,186.3078,17,0.0178,55.38,max_hold,5
COP,long,2024-09-26,2024-10-01,97.4267,105.1535,32,0.07931,247.26,max_hold,5
CVX,long,2024-09-27,2024-10-02,132.8059,140.4027,23,0.0572,174.73,max_hold,5
AMZN,long,2024-09-30,2024-10-07,187.2336,181.829,16,-0.02887,-86.47,max_hold,7
V,long,2024-10-01,2024-10-07,273.4999,270.9971,11,-0.00915,-27.53,max_hold,6
JNJ,long,2024-10-01,2024-10-07,154.7123,151.7601,20,-0.01908,-59.04,max_hold,6
NVDA,long,2024-10-02,2024-10-07,116.3165,129.9917,27,0.11757,369.23,max_hold,5
LLY,long,2024-10-03,2024-10-08,878.9525,904.4791,3,0.02904,76.58,max_hold,5
MSFT,long,2024-10-03,2024-10-08,412.1152,409.9584,7,-0.00523,-15.1,max_hold,5
COST,long,2024-10-03,2024-10-08,866.7374,883.4966,3,0.01934,50.28,max_hold,5
MRK,long,2024-10-03,2024-10-08,105.4216,102.1046,30,-0.03146,-99.51,max_hold,5
TSLA,long,2024-10-08,2024-10-11,243.6818,220.0199,12,-0.0971,-283.94,stop_loss,3
MA,long,2024-10-07,2024-10-14,492.4918,500.8658,6,0.017,50.24,max_hold,7
GS,long,2024-10-07,2024-10-14,477.9561,520.1168,6,0.08821,252.96,max_hold,7
V,long,2024-10-08,2024-10-14,271.2682,277.202,11,0.02187,65.27,max_hold,6
AAPL,long,2024-10-08,2024-10-14,222.7424,231.7559,14,0.04047,126.19,max_hold,6
WMT,long,2024-10-08,2024-10-14,78.4192,79.3739,40,0.01217,38.19,max_hold,6
UNH,long,2024-10-09,2024-10-14,558.7205,529.2644,5,-0.05272,-147.28,max_hold,5
CVX,long,2024-10-09,2024-10-14,137.0135,138.0736,23,0.00774,24.38,max_hold,5
MRK,long,2024-10-09,2024-10-14,102.2067,103.5644,31,0.01328,42.09,max_hold,5
ABBV,long,2024-10-09,2024-10-14,181.9651,185.0211,17,0.01679,51.95,max_hold,5
TSLA,long,2024-10-14,2024-10-21,220.2401,217.2013,14,-0.0138,-42.54,max_hold,7
COP,long,2024-10-15,2024-10-21,100.2644,99.9563,31,-0.00307,-9.55,max_hold,6
CVX,long,2024-10-15,2024-10-21,138.2118,140.347,23,0.01545,49.11,max_hold,6
ABBV,long,2024-10-15,2024-10-21,185.2063,177.0305,17,-0.04414,-138.99,max_hold,6
AMZN,long,2024-10-15,2024-10-21,187.7238,188.2558,16,0.00283,8.51,max_hold,6
COST,long,2024-10-15,2024-10-21,884.2319,882.2489,3,-0.00224,-5.95,max_hold,6
XOM,long,2024-10-15,2024-10-21,114.1104,113.468,27,-0.00563,-17.35,max_hold,6
GOOGL,long,2024-10-15,2024-10-21,164.8221,161.8666,19,-0.01793,-56.16,max_hold,6
UNH,long,2024-10-16,2024-10-21,534.583,544.4419,5,0.01844,49.29,max_hold,5
JNJ,long,2024-10-17,2024-10-22,156.4553,154.9287,20,-0.00976,-30.53,max_hold,5
ABBV,long,2024-10-22,2024-10-24,177.2076,180.2229,17,0.01702,51.26,signal_fade,2
COST,long,2024-10-22,2024-10-28,883.1316,881.2785,3,-0.0021,-5.56,max_hold,6
UNH,long,2024-10-22,2024-10-28,544.9866,539.6193,5,-0.00985,-26.84,max_hold,6
GOOGL,long,2024-10-22,2024-10-28,162.0285,166.5841,19,0.02812,86.56,max_hold,6
HD,long,2024-10-23,2024-10-28,383.5038,376.7888,8,-0.01751,-53.72,max_hold,5
JNJ,long,2024-10-23,2024-10-28,155.0837,153.6346,20,-0.00934,-28.98,max_hold,5
WMT,long,2024-10-23,2024-10-28,80.655,81.3418,39,0.00852,26.79,max_hold,5
TSLA,long,2024-10-24,2024-10-29,244.8023,257.911,13,0.05355,170.41,max_hold,5
AVGO,long,2024-10-25,2024-10-30,171.6226,171.707,18,0.00049,1.52,max_hold,5
CVX,long,2024-10-25,2024-10-30,140.6175,138.0365,22,-0.01835,-56.78,max_hold,5
LLY,long,2024-10-25,2024-10-30,889.0211,825.7276,3,-0.07119,-189.88,max_hold,5
GOOGL,long,2024-10-29,2024-11-04,166.7508,168.2725,19,0.00913,28.91,max_hold,6
JNJ,long,2024-10-29,2024-11-04,153.7883,150.0284,20,-0.02445,-75.2,max_hold,6
HD,long,2024-10-30,2024-11-04,378.1806,377.7739,8,-0.00108,-3.25,max_hold,5
COST,long,2024-10-30,2024-11-04,878.5722,880.4664,3,0.00216,5.68,max_hold,5
XOM,long,2024-10-30,2024-11-04,111.1259,112.3546,28,0.01106,34.4,max_hold,5
NVDA,long,2024-10-30,2024-11-04,139.392,137.1669,22,-0.01596,-48.95,max_hold,5
LLY,long,2024-10-31,2024-11-05,826.5537,806.7947,3,-0.02391,-59.28,max_hold,5
AMD,long,2024-10-31,2024-11-05,147.8739,144.8775,21,-0.02026,-62.92,max_hold,5
CVX,long,2024-10-31,2024-11-05,138.1746,145.7753,22,0.05501,167.22,max_hold,5
AAPL,long,2024-11-05,2024-11-11,220.2598,223.0129,14,0.0125,38.54,max_hold,6
CVX,long,2024-11-06,2024-11-11,145.9211,145.9609,21,0.00027,0.83,max_hold,5
QCOM,long,2024-11-06,2024-11-11,163.1116,160.8305,19,-0.01398,-43.34,max_hold,5
LLY,long,2024-11-06,2024-11-11,807.6019,819.4988,3,0.01473,35.69,max_hold,5
META,long,2024-11-07,2024-11-12,573.8767,578.9876,5,0.00891,25.55,max_hold,5
HD,long,2024-11-07,2024-11-12,374.3509,391.3174,8,0.04532,135.73,max_hold,5
JPM,long,2024-11-08,2024-11-13,232.254,235.0077,13,0.01186,35.8,max_hold,5
GS,long,2024-11-08,2024-11-13,566.6518,579.1946,5,0.02213,62.71,max_hold,5
MA,long,2024-11-08,2024-11-13,515.9631,515.7248,6,-0.00046,-1.43,max_hold,5
WMT,long,2024-11-08,2024-11-13,83.0089,83.6639,38,0.00789,24.89,max_hold,5
TSLA,long,2024-11-13,2024-11-13,336.0179,327.5262,9,-0.02527,-76.43,signal_fade,0
ABBV,long,2024-11-12,2024-11-18,167.4018,157.03,19,-0.06196,-197.06,max_hold,6
CVX,long,2024-11-12,2024-11-18,146.1069,149.962,21,0.02639,80.96,max_hold,6
AAPL,long,2024-11-12,2024-11-18,223.236,225.4262,14,0.00981,30.66,max_hold,6
XOM,long,2024-11-12,2024-11-18,114.4032,113.9152,27,-0.00427,-13.18,max_hold,6
QCOM,long,2024-11-13,2024-11-18,156.8859,157.9229,20,0.00661,20.74,max_hold,5
AVGO,long,2024-11-15,2024-11-20,165.9869,163.6359,19,-0.01416,-44.67,max_hold,5
LLY,long,2024-11-19,2024-11-20,708.9564,737.7223,4,0.04058,115.06,signal_fade,1
MRK,long,2024-11-18,2024-11-25,91.0348,95.5777,34,0.0499,154.46,max_hold,7
META,long,2024-11-19,2024-11-25,548.9774,562.4807,5,0.0246,67.52,max_hold,6
NVDA,long,2024-11-19,2024-11-25,141.1701,137.4164,22,-0.02659,-82.58,max_hold,6
ABBV,long,2024-11-19,2024-11-25,157.1871,168.2606,20,0.07045,221.47,max_hold,6
QCOM,long,2024-11-21,2024-11-26,149.5326,151.0873,21,0.0104,32.65,max_hold,5
XOM,long,2024-11-22,2024-11-27,116.0003,111.7178,27,-0.03692,-115.63,max_hold,5
COP,long,2024-11-26,2024-12-02,101.5556,101.8442,31,0.00284,8.95,max_hold,6
NVDA,long,2024-11-26,2024-12-02,137.5539,137.9753,23,0.00306,9.69,max_hold,6
GOOGL,long,2024-11-26,2024-12-02,166.6514,170.3184,19,0.022,69.67,max_hold,6
QCOM,long,2024-11-27,2024-12-02,151.2384,155.4871,21,0.02809,89.22,max_hold,5
CRM,long,2024-12-03,2024-12-06,323.4224,356.9487,9,0.10366,301.74,signal_fade,3
TSLA,long,2024-12-04,2024-12-06,353.1765,397.4112,9,0.12525,398.11,signal_fade,2
JPM,long,2024-12-02,2024-12-09,242.1618,236.4328,13,-0.02366,-74.48,max_hold,7
COP,long,2024-12-03,2024-12-09,101.9461,98.6089,31,-0.03273,-103.45,max_hold,6
NVDA,long,2024-12-03,2024-12-09,138.1133,138.7333,23,0.00449,14.26,max_hold,6
GS,long,2024-12-03,2024-12-09,591.3472,572.3629,5,-0.0321,-94.92,max_hold,6
XOM,long,2024-12-03,2024-12-09,113.0484,108.0553,28,-0.04417,-139.81,max_hold,6
UNH,long,2024-12-09,2024-12-09,531.8068,540.8998,6,0.0171,54.56,signal_fade,0
MRK,long,2024-12-05,2024-12-10,95.6827,94.843,33,-0.00878,-27.71,max_hold,5
V,long,2024-12-05,2024-12-10,306.6783,309.3961,10,0.00886,27.18,max_hold,5
JNJ,long,2024-12-05,2024-12-10,144.0193,142.4365,22,-0.01099,-34.82,max_hold,5
NVDA,long,2024-12-10,2024-12-16,138.8721,128.833,23,-0.07229,-230.9,max_hold,6
XOM,long,2024-12-11,2024-12-16,106.6494,102.0148,30,-0.04346,-139.04,max_hold,5
AMD,long,2024-12-11,2024-12-16,128.5843,124.3878,25,-0.03264,-104.91,max_hold,5
UNH,long,2024-12-12,2024-12-17,512.0856,470.0919,6,-0.08201,-251.96,stop_loss,5
MRK,long,2024-12-12,2024-12-17,95.8713,95.118,33,-0.00786,-24.86,max_hold,5
ADBE,long,2024-12-16,2024-12-23,467.4236,446.2768,6,-0.04524,-126.88,max_hold,7
XOM,long,2024-12-17,2024-12-23,102.1168,101.3298,31,-0.00771,-24.4,max_hold,6
HD,long,2024-12-17,2024-12-23,394.609,377.0327,8,-0.04454,-140.61,max_hold,6
NVDA,long,2024-12-17,2024-12-23,128.9619,139.7213,24,0.08343,258.23,max_hold,6
CVX,long,2024-12-17,2024-12-23,138.871,134.139,22,-0.03407,-104.1,max_hold,6
COP,long,2024-12-17,2024-12-23,94.0785,91.8244,33,-0.02396,-74.38,max_hold,6
AMD,long,2024-12-17,2024-12-23,124.5122,127.4462,25,0.02356,73.35,max_hold,6
JPM,long,2024-12-17,2024-12-23,231.5845,232.1091,13,0.00227,6.82,max_hold,6
UNH,long,2024-12-18,2024-12-23,470.5622,485.4623,6,0.03166,89.4,max_hold,5
GS,long,2024-12-19,2024-12-24,545.2016,560.8672,5,0.02873,78.33,max_hold,5
WMT,long,2024-12-24,2024-12-30,89.2043,89.3123,35,0.00121,3.78,max_hold,6
MA,long,2024-12-24,2024-12-30,524.818,520.6084,6,-0.00802,-25.26,max_hold,6
CRM,long,2024-12-26,2024-12-30,341.0789,331.7077,9,-0.02748,-84.34,end_of_period,4
HD,long,2024-12-26,2024-12-30,377.7852,374.4366,8,-0.00886,-26.79,end_of_period,4
ADBE,long,2024-12-27,2024-12-30,447.1034,445.5771,7,-0.00341,-10.68,end_of_period,3
CRM,long,2025-01-03,2025-01-08,328.4397,318.8935,9,-0.02907,-85.92,max_hold,5
ADBE,long,2025-01-03,2025-01-08,429.6647,409.795,7,-0.04624,-139.09,max_hold,5
TSLA,long,2025-01-03,2025-01-08,381.6708,391.2043,8,0.02498,76.27,max_hold,5
TSLA,long,2025-01-10,2025-01-15,391.5957,423.2782,8,0.08091,253.46,max_hold,5
AAPL,long,2025-01-10,2025-01-15,238.6055,235.7253,13,-0.01207,-37.44,max_hold,5
AVGO,long,2025-01-13,2025-01-21,217.3283,243.5209,14,0.12052,366.7,max_hold,8
TSLA,long,2025-01-17,2025-01-22,421.7107,415.852,7,-0.01389,-41.01,max_hold,5
AAPL,long,2025-01-17,2025-01-22,230.7617,223.2016,13,-0.03276,-98.28,max_hold,5
COP,long,2025-01-22,2025-01-27,99.3267,97.9048,32,-0.01432,-45.5,max_hold,5
MRK,long,2025-01-22,2025-01-27,91.1933,92.4218,35,0.01347,43.0,max_hold,5
XOM,long,2025-01-22,2025-01-27,105.8876,105.0303,30,-0.0081,-25.72,max_hold,5
DVN,long,2025-01-22,2025-01-27,35.2958,34.2712,90,-0.02903,-92.22,max_hold,5
NVDA,long,2025-01-24,2025-01-27,148.2228,121.5675,21,-0.17983,-559.76,stop_loss,3
TSLA,long,2025-01-23,2025-01-28,416.268,395.0124,7,-0.05106,-148.79,max_hold,5
JNJ,long,2025-01-23,2025-01-28,139.6411,144.3549,22,0.03376,103.7,max_hold,5
BAC,long,2025-01-23,2025-01-28,44.5455,45.1774,71,0.01419,44.87,max_hold,5
WMT,long,2025-01-23,2025-01-28,91.7609,96.0771,34,0.04704,146.75,max_hold,5
AVGO,long,2025-01-28,2025-02-03,205.4933,216.4795,15,0.05346,164.79,max_hold,6
TSLA,long,2025-01-29,2025-02-03,395.4076,382.4387,8,-0.0328,-103.75,max_hold,5
COP,long,2025-01-29,2025-02-03,96.3454,92.9663,32,-0.03507,-108.13,max_hold,5
NVDA,long,2025-02-03,2025-02-10,114.6362,132.3161,27,0.15423,477.36,max_hold,7
SLB,long,2025-02-03,2025-02-10,38.488,39.8267,82,0.03478,109.78,max_hold,7
AVGO,long,2025-02-04,2025-02-10,216.6961,229.4377,14,0.0588,178.38,max_hold,6
COP,long,2025-02-04,2025-02-10,93.0593,94.7076,34,0.01771,56.04,max_hold,6
MRK,long,2025-02-06,2025-02-11,84.9687,81.7128,37,-0.03832,-120.47,max_hold,5
AMD,long,2025-02-06,2025-02-11,110.9855,109.4652,28,-0.0137,-42.57,max_hold,5
CVX,long,2025-02-07,2025-02-12,143.0746,145.0876,22,0.01407,44.29,max_hold,5
JNJ,long,2025-02-07,2025-02-12,147.4085,148.9205,21,0.01026,31.75,max_hold,5
TSLA,long,2025-02-11,2025-02-18,345.9729,353.823,9,0.02269,70.65,max_hold,7
GS,long,2025-02-11,2025-02-18,628.0733,649.079,5,0.03344,105.03,max_hold,7
CRM,long,2025-02-11,2025-02-18,320.4488,325.7798,10,0.01664,53.31,max_hold,7
AMD,long,2025-02-12,2025-02-18,109.5748,114.1929,29,0.04215,133.93,max_hold,6
COP,long,2025-02-13,2025-02-18,93.1736,94.3442,34,0.01256,39.8,max_hold,5
HD,long,2025-02-13,2025-02-18,393.3674,381.9267,8,-0.02908,-91.53,max_hold,5
UNH,long,2025-02-19,2025-02-21,482.9904,449.1585,6,-0.07005,-202.99,stop_loss,2
MRK,long,2025-02-18,2025-02-24,77.1,87.1053,41,0.12977,410.22,max_hold,6
TSLA,long,2025-02-19,2025-02-24,354.177,326.8565,9,-0.07714,-245.88,max_hold,5
HD,long,2025-02-19,2025-02-24,382.3088,370.1771,8,-0.03173,-97.05,max_hold,5
AMZN,long,2025-02-19,2025-02-24,225.6328,211.5242,14,-0.06253,-197.52,max_hold,5
META,long,2025-02-20,2025-02-25,694.1974,656.0773,4,-0.05491,-152.48,max_hold,5
TSLA,long,2025-02-25,2025-02-25,327.1835,303.5581,9,-0.07221,-212.63,stop_loss,0
WMT,long,2025-02-21,2025-02-26,95.2848,94.5683,33,-0.00752,-23.64,max_hold,5
TSLA,long,2025-02-26,2025-02-27,303.8618,279.3603,10,-0.08063,-245.02,stop_loss,1
UNH,long,2025-02-24,2025-03-03,449.6079,452.1133,7,0.00557,17.54,max_hold,7
JPM,long,2025-02-24,2025-03-03,258.9604,248.7526,12,-0.03942,-122.49,max_hold,7
AVGO,long,2025-02-26,2025-03-03,204.4066,186.7438,15,-0.08641,-264.94,stop_loss,5
WMT,long,2025-02-27,2025-03-04,94.6629,93.6512,33,-0.01069,-33.39,max_hold,5
LLY,short,2025-02-27,2025-03-04,906.9739,897.0548,3,0.01094,29.76,max_hold,5
CRM,long,2025-02-28,2025-03-05,292.698,284.7683,10,-0.02709,-79.3,max_hold,5
TSLA,long,2025-02-28,2025-03-05,279.6397,271.924,11,-0.02759,-84.87,max_hold,5
AVGO,long,2025-03-04,2025-03-10,186.9306,185.5891,16,-0.00718,-21.46,max_hold,6
COP,long,2025-03-04,2025-03-10,87.4385,89.1162,36,0.01919,60.4,max_hold,6
WMT,long,2025-03-05,2025-03-10,93.7449,86.0779,33,-0.08179,-253.01,stop_loss,5
TSLA,long,2025-03-06,2025-03-10,272.196,225.1973,11,-0.17266,-516.99,stop_loss,4
DVN,long,2025-03-06,2025-03-11,32.2095,33.1762,97,0.03001,93.77,max_hold,5
NVDA,long,2025-03-07,2025-03-12,111.1396,116.8078,28,0.051,158.71,max_hold,5
GS,long,2025-03-07,2025-03-12,554.4728,522.2338,5,-0.05814,-161.19,max_hold,5
V,long,2025-03-10,2025-03-17,336.885,331.9448,9,-0.01466,-44.46,max_hold,7
TSLA,long,2025-03-11,2025-03-17,225.4227,228.0459,13,0.01164,34.1,max_hold,6
JPM,long,2025-03-11,2025-03-17,226.0502,228.3286,13,0.01008,29.62,max_hold,6
WMT,long,2025-03-11,2025-03-17,86.164,86.2258,35,0.00072,2.16,max_hold,6
CRM,long,2025-03-11,2025-03-17,270.7032,276.6569,11,0.02199,65.49,max_hold,6
AAPL,long,2025-03-13,2025-03-18,214.9224,212.9875,14,-0.009,-27.09,max_hold,5
HD,long,2025-03-14,2025-03-19,339.6287,343.1983,9,0.01051,32.13,max_hold,5
GS,long,2025-03-14,2025-03-19,521.1168,539.2266,5,0.03475,90.55,max_hold,5
COST,long,2025-03-14,2025-03-19,886.1069,894.8396,3,0.00986,26.2,max_hold,5
TSLA,long,2025-03-19,2025-03-24,231.7258,283.4582,13,0.22325,672.52,max_hold,5
META,long,2025-03-19,2025-03-24,582.2145,623.9201,5,0.07163,208.53,max_hold,5
ABBV,long,2025-03-20,2025-03-25,204.5027,194.8128,15,-0.04738,-145.35,max_hold,5
ABBV,long,2025-03-26,2025-03-31,195.0077,201.9102,16,0.0354,110.44,max_hold,5
MRK,long,2025-03-26,2025-03-31,84.5812,85.9427,37,0.0161,50.37,max_hold,5
AVGO,long,2025-03-28,2025-04-02,170.3638,158.9185,18,-0.06718,-206.01,max_hold,5
AMD,long,2025-03-31,2025-04-04,100.2901,80.6397,31,-0.19594,-609.16,stop_loss,4
NVDA,long,2025-04-01,2025-04-04,108.4223,87.2939,29,-0.19487,-612.72,stop_loss,3
DVN,long,2025-04-04,2025-04-04,30.9874,27.1255,101,-0.12463,-390.04,stop_loss,0
COP,long,2025-04-04,2025-04-07,88.4372,83.6004,35,-0.05469,-169.29,stop_loss,3
AMZN,long,2025-04-04,2025-04-09,167.2336,185.3473,18,0.10831,326.05,max_hold,5
GS,long,2025-04-04,2025-04-09,475.2596,490.4808,6,0.03203,91.33,max_hold,5
AMD,long,2025-04-07,2025-04-14,80.7203,94.6127,37,0.1721,514.02,max_hold,7
NVDA,long,2025-04-07,2025-04-14,87.3813,110.7593,35,0.26754,818.23,max_hold,7
CVX,long,2025-04-07,2025-04-14,131.6166,127.3054,23,-0.03276,-99.16,max_hold,7
JPM,long,2025-04-07,2025-04-14,201.9455,231.4801,15,0.14625,443.02,max_hold,7
BAC,long,2025-04-07,2025-04-14,34.041,36.759,90,0.07985,244.62,max_hold,7
SLB,long,2025-04-07,2025-04-14,31.9087,32.6487,96,0.02319,71.03,max_hold,7
LLY,long,2025-04-07,2025-04-14,691.9557,748.3535,4,0.0815,225.59,max_hold,7
COP,long,2025-04-08,2025-04-14,83.684,83.0728,37,-0.0073,-22.62,max_hold,6
ABBV,long,2025-04-11,2025-04-16,166.8683,167.0418,18,0.00104,3.12,max_hold,5
MRK,long,2025-04-11,2025-04-16,74.6412,73.6282,42,-0.01357,-42.55,max_hold,5
COP,long,2025-04-15,2025-04-21,83.1559,85.2695,38,0.02542,80.32,max_hold,6
XOM,long,2025-04-15,2025-04-21,99.5716,101.8715,32,0.0231,73.6,max_hold,6
META,long,2025-04-16,2025-04-21,506.7123,489.6413,6,-0.03369,-102.43,max_hold,5
SLB,long,2025-04-16,2025-04-21,32.8359,33.6038,97,0.02339,74.49,max_hold,5
AMD,long,2025-04-17,2025-04-22,88.8844,91.8341,35,0.03319,103.24,max_hold,5
UNH,long,2025-04-22,2025-04-28,410.8542,407.1089,7,-0.00912,-26.22,max_hold,6
META,long,2025-04-22,2025-04-28,490.1312,543.526,6,0.10894,320.37,max_hold,6
NVDA,long,2025-04-22,2025-04-28,98.6911,107.4656,32,0.08891,280.78,max_hold,6
CVX,long,2025-04-22,2025-04-28,128.3245,131.4471,24,0.02433,74.94,max_hold,6
AMD,long,2025-04-23,2025-04-28,91.9259,95.7121,34,0.04119,128.73,max_hold,5
COP,long,2025-04-28,2025-05-05,87.9763,84.9146,37,-0.0348,-113.28,max_hold,7
XOM,long,2025-04-28,2025-05-05,104.4809,99.712,31,-0.04564,-147.84,max_hold,7
UNH,long,2025-04-30,2025-05-05,395.751,389.3337,8,-0.01622,-51.34,max_hold,5
UNH,long,2025-05-06,2025-05-12,389.7232,324.5156,8,-0.16732,-521.66,max_hold,6
COP,long,2025-05-06,2025-05-12,84.9995,88.9531,38,0.04651,150.24,max_hold,6
DVN,long,2025-05-06,2025-05-12,29.9512,32.6493,107,0.09008,288.7,max_hold,6
XOM,long,2025-05-06,2025-05-12,99.8117,104.9236,32,0.05122,163.58,max_hold,6
MRK,long,2025-05-07,2025-05-12,76.3187,73.6856,42,-0.0345,-110.59,max_hold,5
QCOM,long,2025-05-07,2025-05-12,136.7297,147.9093,23,0.08176,257.13,max_hold,5
LLY,long,2025-05-08,2025-05-13,758.4516,742.0839,4,-0.02158,-65.47,max_hold,5
UNH,long,2025-05-13,2025-05-13,324.8403,310.7034,9,-0.04352,-127.23,stop_loss,0
UNH,long,2025-05-14,2025-05-15,311.0142,269.9529,10,-0.13202,-410.61,stop_loss,1
WMT,long,2025-05-12,2025-05-19,96.9086,97.6939,33,0.0081,25.92,max_hold,7
JNJ,long,2025-05-14,2025-05-19,143.8849,147.2797,22,0.02359,74.69,max_hold,5
MRK,long,2025-05-14,2025-05-19,74.2482,74.2602,43,0.00016,0.51,max_hold,5
QCOM,long,2025-05-14,2025-05-19,147.9793,148.9115,21,0.0063,19.57,max_hold,5
COST,long,2025-05-15,2025-05-20,987.587,1024.6565,3,0.03754,111.21,max_hold,5
COP,long,2025-05-15,2025-05-20,87.2945,86.6434,36,-0.00746,-23.44,max_hold,5
DVN,long,2025-05-15,2025-05-20,32.1494,30.9564,100,-0.03711,-119.3,max_hold,5
UNH,long,2025-05-16,2025-05-21,270.2229,284.0648,11,0.05122,152.26,max_hold,5
XOM,long,2025-05-19,2025-05-27,104.2991,101.0178,30,-0.03146,-98.44,max_hold,8
TSLA,long,2025-05-20,2025-05-27,348.0439,364.6576,9,0.04773,149.52,max_hold,7
LLY,long,2025-05-21,2025-05-27,742.1734,719.7657,4,-0.03019,-89.63,max_hold,6
COP,long,2025-05-21,2025-05-27,86.7301,83.7024,37,-0.03491,-112.02,max_hold,6
UNH,long,2025-05-22,2025-05-27,284.349,284.1711,11,-0.00063,-1.96,max_hold,5
CRM,long,2025-05-22,2025-05-27,279.8254,274.8058,11,-0.01794,-55.22,max_hold,5
WMT,long,2025-05-23,2025-05-28,94.5968,96.7721,33,0.023,71.79,max_hold,5
DVN,long,2025-05-23,2025-05-28,29.6898,29.989,107,0.01008,32.02,max_hold,5
UNH,long,2025-05-28,2025-06-02,284.4554,292.9669,11,0.02992,93.63,max_hold,5
CRM,long,2025-05-29,2025-06-03,261.0944,261.4272,12,0.00127,3.99,max_hold,5
TSLA,long,2025-05-29,2025-06-03,365.4727,344.9275,8,-0.05622,-164.36,max_hold,5
TSLA,long,2025-06-04,2025-06-05,345.2726,298.6806,9,-0.13494,-419.33,stop_loss,1
CRM,long,2025-06-05,2025-06-10,261.2133,265.6921,12,0.01715,53.75,max_hold,5
COP,long,2025-06-05,2025-06-10,84.096,88.8298,38,0.05629,179.88,max_hold,5
TSLA,long,2025-06-06,2025-06-11,298.9794,322.9184,10,0.08007,239.39,max_hold,5
AVGO,long,2025-06-09,2025-06-16,242.8177,248.4154,13,0.02305,72.77,max_hold,7
WMT,long,2025-06-09,2025-06-16,96.6407,93.1244,33,-0.03639,-116.04,max_hold,7
TSLA,long,2025-06-13,2025-06-18,314.127,327.786,10,0.04348,136.59,max_hold,5
V,long,2025-06-17,2025-06-23,350.8951,348.5908,9,-0.00657,-20.74,max_hold,6
JNJ,long,2025-06-18,2025-06-23,148.9252,147.733,21,-0.00801,-25.04,max_hold,5
MRK,long,2025-06-18,2025-06-23,75.5628,77.7311,42,0.0287,91.07,max_hold,5
MA,long,2025-06-20,2025-06-25,534.0439,542.0554,6,0.015,48.07,max_hold,5
TSLA,long,2025-06-23,2025-06-30,327.7038,298.3108,9,-0.08969,-264.54,max_hold,7
COP,long,2025-06-24,2025-06-30,87.3886,86.9336,37,-0.00521,-16.83,max_hold,6
SLB,long,2025-06-24,2025-06-30,32.4016,32.8848,99,0.01491,47.84,max_hold,6
XOM,long,2025-06-25,2025-06-30,104.8227,104.7373,30,-0.00081,-2.56,max_hold,5
MRK,long,2025-06-25,2025-06-30,77.1021,76.3674,42,-0.00953,-30.86,max_hold,5
TSLA,long,2025-07-01,2025-07-07,298.6092,296.8515,10,-0.00589,-17.58,max_hold,6
XOM,long,2025-07-01,2025-07-07,104.8421,107.4107,30,0.0245,77.06,max_hold,6
COP,long,2025-07-01,2025-07-07,87.0206,89.536,36,0.02891,90.55,max_hold,6
AMD,long,2025-07-01,2025-07-07,138.8394,137.2513,23,-0.01144,-36.52,max_hold,6
SLB,long,2025-07-01,2025-07-07,32.9177,34.0329,97,0.03388,108.17,max_hold,6
MSFT,long,2025-07-02,2025-07-07,486.3503,493.0531,6,0.01378,40.22,max_hold,5
LLY,long,2025-07-03,2025-07-08,775.3653,777.9051,4,0.00328,10.16,max_hold,5
TSLA,long,2025-07-08,2025-07-14,297.1485,319.5202,10,0.07529,223.72,max_hold,6
META,long,2025-07-08,2025-07-14,719.5724,721.1744,4,0.00223,6.41,max_hold,6
ADBE,long,2025-07-08,2025-07-14,378.6892,366.8165,8,-0.03135,-94.98,max_hold,6
JPM,long,2025-07-10,2025-07-15,279.078,284.119,11,0.01806,55.45,max_hold,5
BAC,long,2025-07-10,2025-07-15,45.9231,45.2414,70,-0.01484,-47.72,max_hold,5
WMT,long,2025-07-11,2025-07-16,94.2693,94.2445,34,-0.00026,-0.84,max_hold,5
GS,long,2025-07-16,2025-07-21,694.8661,689.4295,4,-0.00782,-21.75,max_hold,5
META,long,2025-07-16,2025-07-21,711.395,713.4934,4,0.00295,8.39,max_hold,5
COP,long,2025-07-16,2025-07-21,89.49,88.2784,36,-0.01354,-43.62,max_hold,5
SLB,long,2025-07-16,2025-07-21,34.0864,32.7292,94,-0.03982,-127.58,max_hold,5
XOM,long,2025-07-18,2025-07-23,107.7315,106.2193,30,-0.01404,-45.37,max_hold,5
MRK,long,2025-07-21,2025-07-28,77.6056,77.2282,41,-0.00486,-15.47,max_hold,7
HD,long,2025-07-21,2025-07-28,351.5534,367.0525,9,0.04409,139.49,max_hold,7
COP,long,2025-07-22,2025-07-28,88.3667,94.141,36,0.06535,207.88,max_hold,6
GS,long,2025-07-22,2025-07-28,690.1193,712.1506,4,0.03192,88.13,max_hold,6
MSFT,long,2025-07-23,2025-07-28,502.9857,511.1891,6,0.01631,49.22,max_hold,5
AMD,long,2025-07-23,2025-07-28,156.3982,175.1224,20,0.11972,374.48,max_hold,5
UNH,long,2025-07-25,2025-07-29,273.8075,257.7642,11,-0.05859,-176.48,stop_loss,4
LLY,long,2025-08-01,2025-08-06,741.9449,670.5784,4,-0.09619,-285.47,max_hold,5
TSLA,long,2025-08-06,2025-08-11,308.044,344.8275,10,0.11941,367.84,max_hold,5
UNH,long,2025-08-07,2025-08-12,240.1126,257.3651,13,0.07185,224.28,max_hold,5
LLY,long,2025-08-11,2025-08-18,625.3112,702.836,5,0.12398,387.62,max_hold,7
CRM,long,2025-08-12,2025-08-18,231.16,242.8223,14,0.05045,163.27,max_hold,6
AMD,long,2025-08-12,2025-08-18,173.4067,173.0135,18,-0.00227,-7.08,max_hold,6
XOM,long,2025-08-13,2025-08-18,102.7769,103.8251,31,0.0102,32.49,max_hold,5
MRK,long,2025-08-13,2025-08-18,78.1768,81.6095,41,0.04391,140.74,max_hold,5
WMT,long,2025-08-14,2025-08-19,100.4309,100.4953,32,0.00064,2.06,max_hold,5
MSFT,long,2025-08-14,2025-08-19,518.6783,505.5767,6,-0.02526,-78.61,max_hold,5
WMT,long,2025-08-22,2025-08-27,97.5327,95.3787,33,-0.02209,-71.08,max_hold,5
AVGO,long,2025-08-26,2025-09-02,292.3551,299.9411,11,0.02595,83.45,max_hold,7
META,long,2025-08-27,2025-09-02,750.2173,733.2288,4,-0.02264,-67.95,max_hold,6
AMD,long,2025-09-02,2025-09-08,158.4992,151.914,20,-0.04155,-131.7,max_hold,6
COP,long,2025-09-04,2025-09-09,92.3178,89.6016,35,-0.02942,-95.06,max_hold,5
NVDA,long,2025-09-05,2025-09-10,167.8904,179.3614,19,0.06832,217.95,max_hold,5
CVX,long,2025-09-08,2025-09-15,149.4421,153.5025,22,0.02717,89.33,max_hold,7
XOM,long,2025-09-08,2025-09-15,107.3835,110.4339,30,0.02841,91.51,max_hold,7
MA,long,2025-09-10,2025-09-15,579.7844,575.1057,5,-0.00807,-23.39,max_hold,5
COP,long,2025-09-12,2025-09-17,92.5228,91.2988,35,-0.01323,-42.84,max_hold,5
SLB,long,2025-09-16,2025-09-22,34.261,33.1382,96,-0.03277,-107.79,max_hold,6
JNJ,long,2025-09-18,2025-09-23,173.6465,173.0211,19,-0.0036,-11.88,max_hold,5
AVGO,long,2025-09-19,2025-09-24,342.3142,330.9687,9,-0.03314,-102.11,max_hold,5
COP,long,2025-09-19,2025-09-24,91.5757,92.8595,36,0.01402,46.22,max_hold,5
XOM,long,2025-09-22,2025-09-29,110.0453,110.8152,30,0.007,23.1,max_hold,7
WMT,long,2025-09-22,2025-09-29,101.8887,102.3334,32,0.00436,14.23,max_hold,7
META,long,2025-09-22,2025-09-29,780.2117,739.9544,4,-0.0516,-161.03,max_hold,7
MA,long,2025-09-23,2025-09-29,583.0911,562.9669,5,-0.03451,-100.62,max_hold,6
AVGO,long,2025-09-25,2025-09-30,331.2998,326.1581,9,-0.01552,-46.28,max_hold,5
TSLA,long,2025-09-26,2025-10-01,428.5141,470.3047,7,0.09752,292.53,max_hold,5
GOOGL,long,2025-09-30,2025-10-06,242.457,247.6613,13,0.02146,67.66,max_hold,6
AVGO,long,2025-10-01,2025-10-06,326.4844,334.9842,10,0.02603,85.0,max_hold,5
GS,long,2025-10-01,2025-10-06,782.5149,786.0472,4,0.00451,14.13,max_hold,5
XOM,long,2025-10-01,2025-10-06,110.153,111.5191,29,0.0124,39.62,max_hold,5
JPM,long,2025-10-02,2025-10-07,305.7039,305.1111,10,-0.00194,-5.93,max_hold,5
TSLA,long,2025-10-03,2025-10-08,443.5117,431.5941,7,-0.02687,-83.42,max_hold,5
COP,long,2025-10-03,2025-10-08,91.4488,91.9914,36,0.00593,19.53,max_hold,5
SLB,long,2025-10-03,2025-10-08,33.7407,33.5893,97,-0.00449,-14.69,max_hold,5
COP,long,2025-10-09,2025-10-10,92.0834,86.1877,35,-0.06403,-206.35,stop_loss,1
META,long,2025-10-08,2025-10-13,711.9551,705.591,4,-0.00894,-25.46,max_hold,5
TSLA,long,2025-10-09,2025-10-14,432.0259,434.6825,7,0.00615,18.6,max_hold,5
MRK,long,2025-10-09,2025-10-14,85.0205,82.23,38,-0.03282,-106.04,max_hold,5
JPM,long,2025-10-09,2025-10-14,302.285,303.3094,10,0.00339,10.24,max_hold,5
COP,long,2025-10-13,2025-10-20,86.2739,85.105,38,-0.01355,-44.42,max_hold,7
TSLA,long,2025-10-15,2025-10-20,435.1174,445.5371,7,0.02395,72.94,max_hold,5
MRK,long,2025-10-15,2025-10-20,82.3123,84.9355,39,0.03187,102.31,max_hold,5
AAPL,long,2025-10-16,2025-10-21,247.6734,261.7781,13,0.05695,183.36,max_hold,5
JPM,long,2025-10-20,2025-10-27,295.7944,301.7948,11,0.02029,66.0,max_hold,7
TSLA,long,2025-10-22,2025-10-27,443.6717,454.5526,7,0.02452,76.17,max_hold,5
AVGO,long,2025-10-22,2025-10-27,345.5372,360.4189,9,0.04307,133.93,max_hold,5
QCOM,long,2025-10-27,2025-11-03,166.4874,174.7182,19,0.04944,156.39,max_hold,7
WMT,long,2025-10-28,2025-11-03,103.4899,101.469,32,-0.01953,-64.67,max_hold,6
MRK,long,2025-10-29,2025-11-03,85.0107,80.7747,39,-0.04983,-165.21,max_hold,5
ABBV,long,2025-10-30,2025-11-04,223.4963,212.151,14,-0.05076,-158.83,max_hold,5
MA,long,2025-11-04,2025-11-04,543.3511,550.9477,6,0.01398,45.58,signal_fade,0
UNH,long,2025-10-31,2025-11-05,337.692,322.2005,9,-0.04587,-139.42,max_hold,5
AVGO,long,2025-11-04,2025-11-10,356.7002,356.791,9,0.00025,0.82,max_hold,6
AMD,long,2025-11-05,2025-11-10,243.3616,241.5392,13,-0.00749,-23.69,max_hold,5
META,long,2025-11-07,2025-11-12,615.1982,611.1739,5,-0.00654,-20.12,max_hold,5
CRM,long,2025-11-11,2025-11-17,240.4076,234.5479,13,-0.02437,-76.18,max_hold,6
NVDA,long,2025-11-12,2025-11-17,195.5684,183.0548,16,-0.06399,-200.22,max_hold,5
META,long,2025-11-13,2025-11-18,611.7854,591.8837,5,-0.03253,-99.51,max_hold,5
AMD,long,2025-11-18,2025-11-20,236.8984,208.7056,13,-0.11901,-366.51,stop_loss,2
JPM,long,2025-11-17,2025-11-24,301.2445,297.0331,10,-0.01398,-42.11,max_hold,7
NVDA,long,2025-11-18,2025-11-24,183.238,174.5999,17,-0.04714,-146.85,max_hold,6
TSLA,long,2025-11-19,2025-11-24,406.3831,414.2128,8,0.01927,62.64,max_hold,5
LLY,short,2025-11-19,2025-11-24,1025.6449,1072.7277,3,-0.04591,-141.25,max_hold,5
AMD,long,2025-11-21,2025-11-26,208.9144,216.0319,15,0.03407,106.76,max_hold,5
XOM,long,2025-11-26,2025-12-01,112.9427,114.8318,28,0.01673,52.89,max_hold,5
COP,long,2025-11-26,2025-12-01,85.1922,88.6807,38,0.04095,132.56,max_hold,5
LLY,long,2025-12-04,2025-12-09,1029.6524,981.178,3,-0.04708,-145.42,max_hold,5
AVGO,long,2025-12-05,2025-12-10,384.2099,402.3726,8,0.04727,145.3,max_hold,5
MRK,long,2025-12-10,2025-12-15,95.8632,98.8023,34,0.03066,99.93,max_hold,5
GOOGL,long,2025-12-15,2025-12-22,311.0708,309.0729,10,-0.00642,-19.98,max_hold,7
AMD,long,2025-12-17,2025-12-22,210.145,212.7536,15,0.01241,39.13,max_hold,5
AVGO,long,2025-12-17,2025-12-22,344.8507,339.3894,9,-0.01584,-49.15,max_hold,5
DVN,long,2025-12-22,2025-12-29,35.9336,36.026,90,0.00257,8.32,max_hold,7
COP,long,2025-12-22,2025-12-29,91.7553,91.8999,35,0.00158,5.06,max_hold,7
WMT,long,2025-12-22,2025-12-29,113.6166,111.3924,28,-0.01958,-62.28,max_hold,7
SLB,long,2025-12-22,2025-12-29,38.0442,37.5614,85,-0.01269,-41.04,max_hold,7
JNJ,long,2025-12-23,2025-12-29,202.8711,205.1298,16,0.01113,36.14,max_hold,6
TSLA,long,2025-12-24,2025-12-29,488.7243,460.8595,6,-0.05702,-167.19,max_hold,5
TSLA,long,2025-12-30,2025-12-30,461.3205,454.2028,7,-0.01543,-49.82,end_of_period,0
TSLA,long,2026-01-05,2026-01-12,448.214,449.9749,7,0.00393,12.33,max_hold,7
ADBE,long,2026-01-05,2026-01-12,330.275,322.3287,9,-0.02406,-71.52,max_hold,7
CRM,long,2026-01-05,2026-01-12,252.4622,256.2274,12,0.01491,45.18,max_hold,7
LLY,long,2026-01-06,2026-01-12,1041.0993,1078.7977,3,0.03621,113.1,max_hold,6
ABBV,long,2026-01-06,2026-01-12,216.3105,215.878,15,-0.002,-6.49,max_hold,6
JNJ,long,2026-01-09,2026-01-14,203.7518,215.7268,16,0.05877,191.6,max_hold,5
AAPL,long,2026-01-13,2026-01-20,258.3693,248.1147,12,-0.03969,-123.06,max_hold,7
QCOM,long,2026-01-13,2026-01-20,165.3869,154.6837,19,-0.06472,-203.36,stop_loss,7
JPM,long,2026-01-14,2026-01-20,306.7841,301.7341,10,-0.01646,-50.5,max_hold,6
CRM,long,2026-01-14,2026-01-20,238.0881,218.9259,13,-0.08048,-249.11,stop_loss,6
MA,long,2026-01-14,2026-01-20,543.8377,532.3384,6,-0.02114,-69.0,max_hold,6
V,long,2026-01-14,2026-01-20,327.4688,324.9218,9,-0.00778,-22.92,max_hold,6
LLY,long,2026-01-16,2026-01-20,1021.4761,1039.8096,3,0.01795,55.0,signal_fade,4
ABBV,long,2026-01-16,2026-01-21,213.9429,214.3932,15,0.0021,6.75,max_hold,5
CRM,long,2026-01-21,2026-01-26,219.145,230.6504,14,0.0525,161.08,max_hold,5
ADBE,long,2026-01-21,2026-01-26,290.9154,303.6581,11,0.0438,140.17,max_hold,5
TSLA,long,2026-01-21,2026-01-26,421.8708,437.1913,7,0.03632,107.24,max_hold,5
JPM,long,2026-01-21,2026-01-26,302.036,299.6458,10,-0.00791,-23.9,max_hold,5
MA,long,2026-01-21,2026-01-26,532.871,526.4815,6,-0.01199,-38.34,max_hold,5
LLY,long,2026-01-29,2026-01-29,1022.4033,1029.2907,3,0.00674,20.66,signal_fade,0
GS,long,2026-01-26,2026-02-02,910.048,939.9145,3,0.03282,89.6,max_hold,7
MA,long,2026-01-28,2026-02-02,521.3251,553.1024,6,0.06095,190.66,max_hold,5
UNH,long,2026-01-28,2026-02-02,280.0724,280.7589,11,0.00245,7.55,max_hold,5
JPM,long,2026-01-28,2026-02-02,298.8905,307.9989,10,0.03047,91.08,max_hold,5
QCOM,long,2026-01-28,2026-02-02,150.5498,149.1328,21,-0.00941,-29.76,max_hold,5
CRM,long,2026-01-30,2026-02-03,213.1823,192.2352,15,-0.09826,-314.21,stop_loss,4
TSLA,long,2026-01-30,2026-02-04,425.5627,396.8215,7,-0.06754,-201.19,max_hold,5
GS,long,2026-02-06,2026-02-06,899.6039,919.6215,3,0.02225,60.05,signal_fade,0
UNH,long,2026-02-03,2026-02-09,281.0398,273.6783,11,-0.02619,-80.98,max_hold,6
MSFT,long,2026-02-03,2026-02-09,420.3491,417.5507,7,-0.00666,-19.59,max_hold,6
CRM,long,2026-02-04,2026-02-09,192.4275,190.833,16,-0.00829,-25.51,max_hold,5
TSLA,long,2026-02-05,2026-02-10,397.2185,427.746,8,0.07685,244.22,max_hold,5
UNH,long,2026-02-10,2026-02-17,273.9522,285.9856,11,0.04393,132.37,max_hold,7
AMZN,long,2026-02-10,2026-02-17,208.9044,201.969,15,-0.0332,-104.03,max_hold,7
ADBE,long,2026-02-10,2026-02-17,266.8233,260.3198,12,-0.02437,-78.04,max_hold,7
AMD,long,2026-02-11,2026-02-17,217.9889,198.3108,14,-0.09027,-275.49,max_hold,6
MA,long,2026-02-17,2026-02-23,514.3736,492.6465,6,-0.04224,-130.36,max_hold,6
V,long,2026-02-17,2026-02-23,313.9164,304.7155,10,-0.02931,-92.01,max_hold,6
AMD,long,2026-02-18,2026-02-23,198.5092,211.5242,16,0.06556,208.24,max_hold,5
MSFT,long,2026-02-18,2026-02-23,396.563,383.1182,8,-0.0339,-107.56,max_hold,5
CRM,long,2026-02-18,2026-02-23,183.0406,176.6523,17,-0.0349,-108.6,max_hold,5
V,long,2026-02-24,2026-02-27,305.0204,314.6899,10,0.0317,96.69,signal_fade,3
WMT,long,2026-02-23,2026-03-02,123.0937,125.9574,26,0.02326,74.45,max_hold,7
MA,long,2026-02-24,2026-03-02,493.1394,512.4725,6,0.0392,116.0,max_hold,6
MSFT,long,2026-02-24,2026-03-02,383.5015,392.0942,8,0.02241,68.74,max_hold,6
CRM,long,2026-02-24,2026-03-02,176.8291,189.6894,18,0.07273,231.49,max_hold,6
AMD,long,2026-02-24,2026-03-02,211.7358,191.3643,15,-0.09621,-305.57,max_hold,6
JPM,long,2026-02-25,2026-03-02,297.268,290.6563,10,-0.02224,-66.12,max_hold,5
GS,long,2026-03-02,2026-03-04,836.7324,857.7985,3,0.02518,63.2,signal_fade,2
TSLA,long,2026-03-04,2026-03-05,398.0489,397.891,8,-0.0004,-1.26,signal_fade,1
AMD,long,2026-03-04,2026-03-09,192.2161,202.4087,16,0.05303,163.08,max_hold,5
HD,long,2026-03-04,2026-03-09,361.2404,347.9105,8,-0.0369,-106.64,max_hold,5
AAPL,long,2026-03-04,2026-03-09,264.5386,257.2841,12,-0.02742,-87.05,max_hold,5
LLY,long,2026-03-06,2026-03-09,973.8112,1003.7691,3,0.03076,89.87,signal_fade,3
GS,long,2026-03-06,2026-03-11,812.8257,801.3855,3,-0.01407,-34.32,max_hold,5
WMT,long,2026-03-06,2026-03-11,122.0773,121.7561,26,-0.00263,-8.35,max_hold,5
MRK,long,2026-03-06,2026-03-11,113.5539,113.7457,28,0.00169,5.37,max_hold,5
HD,long,2026-03-10,2026-03-16,348.2586,342.1512,9,-0.01754,-54.97,max_hold,6
GS,long,2026-03-12,2026-03-16,802.1873,802.3607,4,0.00022,0.69,signal_fade,4
MA,long,2026-03-13,2026-03-18,495.956,489.4337,6,-0.01315,-39.13,max_hold,5
META,long,2026-03-16,2026-03-23,631.7305,598.246,5,-0.053,-167.42,max_hold,7
AAPL,long,2026-03-16,2026-03-23,252.0039,249.9945,12,-0.00797,-24.11,max_hold,7
LLY,long,2026-03-18,2026-03-23,923.8721,904.9886,3,-0.02044,-56.65,max_hold,5
ABBV,long,2026-03-19,2026-03-24,206.7589,205.0554,15,-0.00824,-25.55,max_hold,5
ADBE,long,2026-03-19,2026-03-24,247.0835,241.0794,13,-0.0243,-78.05,max_hold,5
MA,long,2026-03-19,2026-03-24,489.9233,500.1798,6,0.02093,61.54,max_hold,5
HD,long,2026-03-19,2026-03-24,326.6742,332.3397,9,0.01734,50.99,max_hold,5
WMT,long,2026-03-23,2026-03-30,120.3106,123.1333,26,0.02346,73.39,max_hold,7
MSFT,long,2026-03-24,2026-03-30,381.7244,363.5802,8,-0.04753,-145.15,max_hold,6
UNH,long,2026-03-24,2026-03-30,267.4767,261.3757,12,-0.02281,-73.21,max_hold,6
ADBE,long,2026-03-25,2026-03-30,241.3206,241.5492,13,0.00095,2.97,max_hold,5
GOOGL,long,2026-03-25,2026-03-30,293.4115,277.7351,11,-0.05343,-172.44,max_hold,5
LLY,long,2026-03-30,2026-04-01,887.3967,942.9043,3,0.06255,166.52,signal_fade,2
TSLA,long,2026-03-31,2026-04-06,361.6908,346.2668,8,-0.04264,-123.39,max_hold,6
MSFT,long,2026-03-31,2026-04-06,363.944,369.3548,8,0.01487,43.29,max_hold,6
GOOGL,long,2026-03-31,2026-04-06,278.013,302.398,11,0.08771,268.24,max_hold,6
XOM,long,2026-04-02,2026-04-07,163.4627,152.4088,19,-0.06762,-210.03,max_hold,5
CVX,long,2026-04-02,2026-04-07,200.7723,189.5779,16,-0.05576,-179.11,max_hold,5
TSLA,long,2026-04-07,2026-04-13,346.6132,357.4912,9,0.03138,97.9,max_hold,6
JNJ,long,2026-04-07,2026-04-13,239.5229,233.5493,13,-0.02494,-77.66,max_hold,6
XOM,long,2026-04-08,2026-04-13,152.5613,148.9837,21,-0.02345,-75.13,max_hold,5
CVX,long,2026-04-08,2026-04-13,189.7676,186.7948,16,-0.01567,-47.56,max_hold,5
COP,long,2026-04-09,2026-04-14,125.4211,117.2396,25,-0.06523,-204.54,max_hold,5
CRM,long,2026-04-10,2026-04-15,170.9045,183.4346,18,0.07332,225.54,max_hold,5
GS,long,2026-04-17,2026-04-17,911.9387,919.1672,3,0.00793,21.69,signal_fade,0
TSLA,long,2026-04-14,2026-04-20,357.8488,392.8035,8,0.09768,279.64,max_hold,6
JNJ,long,2026-04-14,2026-04-20,233.783,227.9245,13,-0.02506,-76.16,max_hold,6
XOM,long,2026-04-15,2026-04-20,147.672,146.3033,21,-0.00927,-28.74,max_hold,5
COP,long,2026-04-15,2026-04-20,117.3569,116.1185,27,-0.01055,-33.44,max_hold,5
CVX,long,2026-04-15,2026-04-20,184.7609,182.2091,17,-0.01381,-43.38,max_hold,5
MRK,long,2026-04-15,2026-04-20,119.0041,115.6004,26,-0.0286,-88.5,max_hold,5
WMT,long,2026-04-16,2026-04-21,124.1552,129.6875,25,0.04456,138.31,max_hold,5
META,long,2026-04-24,2026-04-24,660.0384,670.0435,4,0.01516,40.02,signal_fade,0
COP,long,2026-04-21,2026-04-27,116.2347,123.1924,27,0.05986,187.86,max_hold,6
MRK,long,2026-04-21,2026-04-27,115.7161,110.6684,27,-0.04362,-136.29,max_hold,6
XOM,long,2026-04-21,2026-04-27,146.4497,150.4332,21,0.0272,83.65,max_hold,6
JNJ,long,2026-04-21,2026-04-27,228.1526,226.3146,14,-0.00806,-25.73,max_hold,6
CVX,long,2026-04-21,2026-04-27,182.3914,186.4779,17,0.0224,69.47,max_hold,6
LLY,long,2026-04-28,2026-04-30,870.8369,946.8456,3,0.08728,228.03,signal_fade,2
AMD,long,2026-04-29,2026-05-01,326.7433,360.1298,9,0.10218,300.48,signal_fade,2
ABBV,long,2026-04-27,2026-05-04,198.099,208.8655,16,0.05435,172.26,max_hold,7
MRK,long,2026-04-28,2026-05-04,110.7791,112.802,29,0.01826,58.66,max_hold,6
AVGO,long,2026-04-29,2026-05-04,403.0638,420.7832,7,0.04396,124.04,max_hold,5
MSFT,long,2026-04-30,2026-05-05,410.1271,406.9147,7,-0.00783,-22.49,max_hold,5
HD,long,2026-04-30,2026-05-05,320.0009,319.4033,10,-0.00187,-5.98,max_hold,5
META,long,2026-05-04,2026-05-11,607.6808,593.9721,5,-0.02256,-68.54,max_hold,7
MA,long,2026-05-04,2026-05-11,495.2475,500.3597,6,0.01032,30.67,max_hold,7
QCOM,long,2026-05-05,2026-05-11,167.1166,228.8797,19,0.36958,1173.5,max_hold,6
GS,long,2026-05-05,2026-05-11,906.1911,937.5569,3,0.03461,94.1,max_hold,6
JNJ,long,2026-05-05,2026-05-11,224.2132,221.614,14,-0.01159,-36.39,max_hold,6
JPM,long,2026-05-06,2026-05-11,311.6057,299.87,10,-0.03766,-117.36,max_hold,5
NVDA,long,2026-05-06,2026-05-11,199.7571,218.1864,16,0.09226,294.87,max_hold,5
COP,long,2026-05-06,2026-05-11,117.1484,116.6117,28,-0.00458,-15.03,max_hold,5
HD,long,2026-05-06,2026-05-11,319.7229,310.7426,10,-0.02809,-89.8,max_hold,5
SLB,long,2026-05-08,2026-05-13,52.9291,55.0835,62,0.0407,133.57,max_hold,5
WMT,long,2026-05-12,2026-05-18,128.144,132.8735,26,0.03691,122.97,max_hold,6
AMZN,long,2026-05-12,2026-05-18,266.8433,261.909,12,-0.01849,-59.21,max_hold,6
MSFT,long,2026-05-12,2026-05-18,413.791,428.7564,8,0.03617,119.72,max_hold,6
BAC,long,2026-05-12,2026-05-18,50.6224,50.4425,65,-0.00355,-11.69,max_hold,6
META,long,2026-05-12,2026-05-18,594.5664,608.052,5,0.02268,67.43,max_hold,6
JNJ,long,2026-05-12,2026-05-18,221.8357,227.5171,15,0.02561,85.22,max_hold,6
HD,long,2026-05-12,2026-05-18,311.0535,289.5522,10,-0.06912,-215.01,max_hold,6
DVN,long,2026-05-13,2026-05-18,46.294,49.7511,72,0.07468,248.91,max_hold,5
MA,long,2026-05-15,2026-05-20,493.7467,495.752,6,0.00406,12.03,max_hold,5
JPM,long,2026-05-15,2026-05-20,300.3601,301.0794,11,0.00239,7.91,max_hold,5
AMD,long,2026-05-19,2026-05-20,412.8063,441.769,8,0.07016,231.7,signal_fade,1
QCOM,long,2026-05-19,2026-05-26,196.2337,244.4046,17,0.24548,818.91,max_hold,7
HD,long,2026-05-19,2026-05-26,289.8419,312.2505,11,0.07731,246.49,max_hold,7
AVGO,long,2026-05-19,2026-05-26,409.377,424.1861,8,0.03617,118.47,max_hold,7
GOOGL,long,2026-05-21,2026-05-26,385.6625,386.246,8,0.00151,4.67,max_hold,5
WMT,long,2026-05-22,2026-05-27,121.4007,118.9005,27,-0.02059,-67.5,max_hold,5
COP,long,2026-05-27,2026-06-01,115.2676,115.4223,29,0.00134,4.49,max_hold,5
GOOGL,long,2026-05-27,2026-06-01,386.6324,366.188,8,-0.05288,-163.56,max_hold,5
CVX,long,2026-05-27,2026-06-01,181.9409,184.7876,18,0.01565,51.24,max_hold,5
ADBE,long,2026-05-27,2026-06-01,237.8789,267.846,14,0.12598,419.54,max_hold,5
NVDA,long,2026-05-27,2026-06-01,213.9777,226.8021,16,0.05993,205.19,max_hold,5
COST,long,2026-05-27,2026-06-01,1004.3619,941.8188,3,-0.06227,-187.63,max_hold,5
WMT,long,2026-05-28,2026-06-02,119.0195,113.0434,28,-0.05021,-167.33,max_hold,5
XOM,long,2026-05-28,2026-06-02,149.4147,150.5347,22,0.0075,24.64,max_hold,5
JPM,long,2026-05-29,2026-06-03,296.5482,305.5871,11,0.03048,99.43,max_hold,5
QCOM,long,2026-06-02,2026-06-08,231.2618,216.3518,14,-0.06447,-208.74,max_hold,6
MRK,long,2026-06-02,2026-06-08,113.7393,119.1134,30,0.04725,161.22,max_hold,6
GOOGL,long,2026-06-02,2026-06-08,366.5543,366.9065,9,0.00096,3.17,max_hold,6
COST,long,2026-06-02,2026-06-08,942.7611,973.7229,3,0.03284,92.89,max_hold,6
AAPL,long,2026-06-02,2026-06-08,307.6137,300.1299,11,-0.02433,-82.32,max_hold,6
COP,long,2026-06-02,2026-06-08,115.5377,117.941,29,0.0208,69.69,max_hold,6
JNJ,long,2026-06-02,2026-06-08,222.6913,232.2638,15,0.04299,143.59,max_hold,6
MA,long,2026-06-03,2026-06-08,477.5887,483.6481,7,0.01269,42.42,max_hold,5
WMT,long,2026-06-03,2026-06-08,113.1565,120.3198,30,0.0633,214.9,max_hold,5
QCOM,long,2026-06-10,2026-06-15,199.5597,225.7171,17,0.13108,444.67,max_hold,5
AAPL,long,2026-06-10,2026-06-15,290.8854,295.1024,11,0.0145,46.39,max_hold,5
TSLA,long,2026-06-10,2026-06-15,391.7358,403.9079,8,0.03107,97.38,max_hold,5
MA,short,2026-06-10,2026-06-15,497.2213,492.1059,6,0.01029,30.69,max_hold,5
AMD,long,2026-06-16,2026-06-16,547.1635,529.3951,6,-0.03247,-106.61,stop_loss,0
ADBE,long,2026-06-16,2026-06-22,205.4827,197.861,16,-0.03709,-121.95,max_hold,6
AAPL,long,2026-06-16,2026-06-22,295.3976,297.3912,11,0.00675,21.93,max_hold,6
MRK,long,2026-06-16,2026-06-22,115.9379,116.4717,30,0.0046,16.01,max_hold,6
AMD,long,2026-06-17,2026-06-22,529.9248,508.8254,6,-0.03982,-126.6,max_hold,5
SLB,long,2026-06-18,2026-06-23,50.125,46.8766,69,-0.06481,-224.15,max_hold,5
CVX,long,2026-06-22,2026-06-29,174.167,169.6151,19,-0.02614,-86.49,max_hold,7
ABBV,long,2026-06-22,2026-06-29,222.051,254.8725,15,0.14781,492.32,max_hold,7
COP,long,2026-06-22,2026-06-29,109.5848,104.4577,31,-0.04679,-158.94,max_hold,7
MSFT,long,2026-06-23,2026-06-29,372.5662,370.8445,9,-0.00462,-15.5,max_hold,6
ADBE,long,2026-06-23,2026-06-29,198.059,203.998,17,0.02999,100.96,max_hold,6
AMZN,long,2026-06-23,2026-06-29,232.6663,237.2313,14,0.01962,63.91,max_hold,6
GS,long,2026-06-29,2026-06-29,1029.7045,1018.7803,3,-0.01061,-32.77,signal_fade,0
QCOM,long,2026-06-30,2026-06-30,189.0845,184.6976,18,-0.0232,-78.96,end_of_period,0
