symbol,side,entry_date,exit_date,entry_price,exit_price,qty,pnl_pct,pnl_dollar,exit_reason,hold_days
DVN,long,2021-01-05,2021-01-12,12.4925,14.9791,200,0.19904,497.31,max_hold,7
NVDA,long,2021-01-05,2021-01-12,13.0536,13.4291,191,0.02876,71.71,max_hold,7
COP,long,2021-01-05,2021-01-12,33.121,38.9342,75,0.17551,435.99,max_hold,7
SLB,long,2021-01-05,2021-01-12,19.7492,23.2456,126,0.17704,440.55,max_hold,7
WMT,long,2021-01-06,2021-01-13,45.0301,45.8315,55,0.0178,44.08,max_hold,7
CRM,long,2021-01-07,2021-01-14,213.4458,212.3875,11,-0.00496,-11.64,max_hold,7
META,long,2021-01-07,2021-01-14,263.7171,245.6191,9,-0.06863,-162.88,stop_loss,7
UNH,short,2021-01-07,2021-01-14,325.905,317.6599,7,0.0253,57.72,max_hold,7
COST,long,2021-01-08,2021-01-15,347.5005,341.7212,7,-0.01663,-40.46,max_hold,7
MA,long,2021-01-13,2021-01-15,339.3567,317.0828,7,-0.06564,-155.92,stop_loss,2
MSFT,long,2021-01-13,2021-01-20,204.5525,214.5453,12,0.04885,119.91,max_hold,7
DVN,long,2021-01-14,2021-01-21,14.6966,13.5619,174,-0.07721,-197.44,max_hold,7
META,long,2021-01-15,2021-01-21,245.8649,269.5073,10,0.09616,236.42,signal_fade,6
ADBE,long,2021-01-15,2021-01-22,462.7312,474.2728,5,0.02494,57.71,max_hold,7
JPM,short,2021-01-15,2021-01-22,120.3481,115.8314,21,0.03753,94.85,max_hold,7
V,long,2021-01-20,2021-01-27,195.09,191.9864,13,-0.01591,-40.35,max_hold,7
COST,long,2021-01-20,2021-01-27,334.5397,336.5251,7,0.00593,13.9,max_hold,7
SLB,long,2021-01-22,2021-01-27,21.0735,19.6406,122,-0.06799,-174.81,stop_loss,5
NVDA,long,2021-01-21,2021-01-28,13.3713,13.0159,193,-0.02657,-68.58,max_hold,7
BAC,long,2021-01-22,2021-01-29,27.507,26.1739,93,-0.04846,-123.98,max_hold,7
DVN,long,2021-01-22,2021-01-29,13.5755,12.8,190,-0.05712,-147.34,stop_loss,7
MRK,long,2021-01-22,2021-01-29,64.9372,62.5466,39,-0.03681,-93.24,max_hold,7
GS,long,2021-01-26,2021-02-02,249.8343,251.9404,10,0.00843,21.06,max_hold,7
UNH,long,2021-01-26,2021-02-02,318.9247,307.2346,8,-0.03665,-93.52,max_hold,7
COP,long,2021-01-27,2021-02-03,33.7301,35.8589,75,0.06311,159.66,max_hold,7
SLB,long,2021-01-28,2021-02-04,19.6603,22.402,128,0.13946,350.94,max_hold,7
AMD,long,2021-01-28,2021-02-04,89.8749,88.1059,28,-0.01968,-49.53,max_hold,7
MA,long,2021-01-28,2021-02-04,317.4972,332.1424,7,0.04613,102.52,max_hold,7
MSFT,short,2021-01-28,2021-02-04,224.9623,231.5146,11,-0.02913,-72.07,max_hold,7
JNJ,short,2021-01-28,2021-02-04,144.2546,141.5315,17,0.01888,46.29,max_hold,7
NVDA,long,2021-01-29,2021-02-05,13.029,13.6652,194,0.04884,123.44,max_hold,7
DVN,long,2021-02-01,2021-02-08,12.8128,14.4381,196,0.12685,318.56,max_hold,7
BAC,long,2021-02-01,2021-02-08,26.2001,28.8903,96,0.10268,258.26,max_hold,7
MRK,long,2021-02-01,2021-02-08,62.6092,60.2288,40,-0.03802,-95.21,max_hold,7
TSLA,long,2021-02-04,2021-02-11,285.1425,266.9531,9,-0.06379,-163.7,max_hold,7
SLB,long,2021-02-05,2021-02-12,22.4245,24.0861,115,0.0741,191.09,max_hold,7
UNH,long,2021-02-05,2021-02-12,302.1827,297.5631,8,-0.01529,-36.96,max_hold,7
WMT,long,2021-02-05,2021-02-12,44.5242,45.2487,58,0.01627,42.02,max_hold,7
AMD,long,2021-02-05,2021-02-12,88.1941,93.8531,29,0.06417,164.11,max_hold,7
CVX,long,2021-02-05,2021-02-12,71.399,74.8371,36,0.04815,123.77,max_hold,7
QCOM,long,2021-02-08,2021-02-16,130.8204,129.5524,19,-0.00969,-24.09,max_hold,8
DVN,long,2021-02-09,2021-02-16,14.4525,15.7333,180,0.08862,230.54,max_hold,7
MRK,long,2021-02-09,2021-02-16,60.2891,59.7156,43,-0.00951,-24.66,max_hold,7
ABBV,long,2021-02-10,2021-02-17,86.8478,86.2207,29,-0.00722,-18.19,max_hold,7
TSLA,long,2021-02-12,2021-02-19,267.2202,254.0862,9,-0.04915,-118.21,max_hold,7
QCOM,long,2021-02-17,2021-02-24,129.6821,123.9908,20,-0.04389,-113.83,max_hold,7
AAPL,long,2021-02-17,2021-02-24,127.7831,121.2653,20,-0.05101,-130.36,max_hold,7
MRK,long,2021-02-17,2021-02-24,59.7753,59.5151,43,-0.00435,-11.19,max_hold,7
ADBE,short,2021-02-17,2021-02-24,495.1623,471.4756,5,0.04784,118.43,max_hold,7
DVN,long,2021-02-19,2021-02-26,15.7338,16.8,166,0.06776,176.99,max_hold,7
TSLA,long,2021-02-25,2021-02-26,242.171,229.9216,10,-0.05058,-122.49,stop_loss,1
ABBV,long,2021-02-22,2021-03-01,85.7661,89.1105,30,0.03899,100.33,max_hold,7
META,long,2021-02-22,2021-03-01,255.8324,263.3346,10,0.02932,75.02,max_hold,7
WMT,long,2021-02-22,2021-03-01,42.749,40.7746,61,-0.04618,-120.44,max_hold,7
JPM,short,2021-02-22,2021-03-01,128.6148,131.5572,20,-0.02288,-58.85,max_hold,7
NVDA,long,2021-03-02,2021-03-03,13.8511,12.7429,188,-0.08,-208.33,stop_loss,1
HD,long,2021-02-25,2021-03-04,226.8502,220.0887,11,-0.02981,-74.38,max_hold,7
COST,long,2021-02-25,2021-03-04,322.3932,297.9571,8,-0.0758,-195.49,max_hold,7
AMZN,long,2021-02-25,2021-03-04,156.9154,150.1749,16,-0.04296,-107.85,max_hold,7
TSLA,long,2021-03-01,2021-03-04,230.1517,208.5823,11,-0.09372,-237.26,stop_loss,3
DVN,long,2021-03-01,2021-03-08,16.8168,18.7505,154,0.11498,297.79,max_hold,7
NVDA,long,2021-03-04,2021-03-08,12.7557,12.0796,202,-0.053,-136.56,stop_loss,4
TSLA,long,2021-03-05,2021-03-08,208.791,202.6253,12,-0.02953,-73.99,stop_loss,3
WMT,long,2021-03-02,2021-03-09,40.8154,39.953,64,-0.02113,-55.2,max_hold,7
AMD,long,2021-03-05,2021-03-12,79.0395,81.869,32,0.0358,90.55,max_hold,7
COST,long,2021-03-05,2021-03-12,298.2552,315.2205,8,0.05688,135.72,max_hold,7
NVDA,long,2021-03-09,2021-03-16,12.0917,12.9853,211,0.0739,188.55,max_hold,7
TSLA,long,2021-03-09,2021-03-16,202.828,218.8472,12,0.07898,192.23,max_hold,7
DVN,long,2021-03-11,2021-03-18,18.4566,17.277,140,-0.06391,-165.13,max_hold,7
JNJ,long,2021-03-12,2021-03-19,137.5938,136.6192,18,-0.00708,-17.54,max_hold,7
WMT,long,2021-03-12,2021-03-19,41.1289,40.7861,63,-0.00833,-21.6,max_hold,7
AMD,long,2021-03-15,2021-03-22,81.951,80.0899,31,-0.02271,-57.69,max_hold,7
NVDA,long,2021-03-17,2021-03-24,12.9983,12.4473,200,-0.04239,-110.2,max_hold,7
LLY,long,2021-03-17,2021-03-24,180.2803,171.8132,14,-0.04697,-118.54,max_hold,7
SLB,long,2021-03-17,2021-03-24,24.8514,23.8809,104,-0.03905,-100.93,max_hold,7
MRK,long,2021-03-18,2021-03-25,62.5681,61.6075,41,-0.01535,-39.38,max_hold,7
DVN,long,2021-03-19,2021-03-26,17.2943,17.4004,148,0.00614,15.71,max_hold,7
GOOGL,long,2021-03-19,2021-03-26,100.6448,100.1692,25,-0.00473,-11.89,max_hold,7
COP,long,2021-03-19,2021-03-26,44.2651,45.2249,58,0.02168,55.67,max_hold,7
MA,long,2021-03-22,2021-03-29,345.5011,349.8491,7,0.01258,30.44,max_hold,7
AMD,long,2021-03-23,2021-03-30,80.1701,76.5317,32,-0.04538,-116.43,max_hold,7
NVDA,long,2021-03-25,2021-04-01,12.4598,13.8096,205,0.10834,276.72,max_hold,7
SLB,long,2021-03-26,2021-04-05,24.8603,24.6303,103,-0.00925,-23.69,max_hold,10
DVN,long,2021-03-29,2021-04-05,17.4178,17.5547,147,0.00786,20.12,max_hold,7
GS,long,2021-03-29,2021-04-05,282.988,286.3586,9,0.01191,30.34,max_hold,7
TSLA,long,2021-03-30,2021-04-06,200.6836,228.8855,12,0.14053,338.42,max_hold,7
AMD,long,2021-03-31,2021-04-07,76.6083,83.2783,33,0.08707,220.11,max_hold,7
V,long,2021-03-31,2021-04-07,204.5548,211.484,12,0.03387,83.15,max_hold,7
JNJ,long,2021-04-01,2021-04-08,140.4618,139.9072,18,-0.00395,-9.98,max_hold,7
XOM,long,2021-04-01,2021-04-08,46.2122,45.9038,55,-0.00668,-16.97,max_hold,7
MA,long,2021-04-01,2021-04-08,346.5688,365.1184,7,0.05352,129.85,max_hold,7
NVDA,long,2021-04-05,2021-04-12,13.8234,15.1679,189,0.09726,254.11,max_hold,7
CVX,long,2021-04-06,2021-04-13,83.9288,82.5581,31,-0.01633,-42.49,max_hold,7
GS,long,2021-04-06,2021-04-13,286.6451,289.9416,9,0.0115,29.67,max_hold,7
DVN,long,2021-04-06,2021-04-13,17.5723,16.9222,149,-0.03699,-96.85,max_hold,7
TSLA,long,2021-04-08,2021-04-13,225.9062,256.7715,11,0.13663,339.52,signal_fade,5
MRK,long,2021-04-07,2021-04-14,61.6124,61.5266,42,-0.00139,-3.6,max_hold,7
ABBV,long,2021-04-08,2021-04-15,86.3725,89.0671,30,0.0312,80.84,max_hold,7
JNJ,long,2021-04-09,2021-04-16,140.0471,140.2351,18,0.00134,3.38,max_hold,7
COP,long,2021-04-09,2021-04-16,42.6703,42.5612,61,-0.00256,-6.65,max_hold,7
AMD,long,2021-04-13,2021-04-20,79.7098,78.9505,33,-0.00953,-25.06,max_hold,7
SLB,long,2021-04-14,2021-04-21,23.4494,22.9264,112,-0.0223,-58.58,max_hold,7
DVN,long,2021-04-14,2021-04-21,16.9392,16.3978,156,-0.03196,-84.46,max_hold,7
QCOM,long,2021-04-15,2021-04-22,121.5252,119.3863,21,-0.0176,-44.92,max_hold,7
META,long,2021-04-15,2021-04-22,303.8251,296.0112,8,-0.02572,-62.51,max_hold,7
BAC,long,2021-04-16,2021-04-23,34.6515,34.6521,76,2e-05,0.05,max_hold,7
COP,long,2021-04-19,2021-04-26,42.6038,41.8559,62,-0.01756,-46.37,max_hold,7
NVDA,long,2021-04-21,2021-04-28,15.0707,15.3357,173,0.01758,45.85,max_hold,7
JPM,long,2021-04-21,2021-04-28,130.3129,135.2476,20,0.03787,98.69,max_hold,7
DVN,long,2021-04-22,2021-04-29,16.4142,18.2103,160,0.10943,287.38,max_hold,7
SLB,long,2021-04-22,2021-04-29,22.9494,24.5143,114,0.06819,178.41,max_hold,7
AMD,long,2021-04-23,2021-04-30,80.2501,81.929,32,0.02092,53.73,max_hold,7
AVGO,long,2021-04-23,2021-04-30,41.4367,41.509,63,0.00175,4.56,max_hold,7
UNH,long,2021-04-28,2021-05-03,360.8468,369.8819,7,0.02504,63.25,signal_fade,5
COST,long,2021-04-27,2021-05-04,348.234,356.377,7,0.02338,57.0,max_hold,7
NVDA,long,2021-04-29,2021-05-06,15.3511,14.7464,174,-0.03939,-105.2,max_hold,7
DVN,long,2021-04-30,2021-05-07,18.2285,20.4008,146,0.11917,317.15,max_hold,7
MRK,long,2021-04-30,2021-05-07,59.5879,63.7676,44,0.07014,183.91,max_hold,7
MA,long,2021-04-30,2021-05-07,372.0727,364.837,7,-0.01945,-50.65,max_hold,7
AVGO,long,2021-05-03,2021-05-10,41.5505,38.3716,64,-0.07651,-203.45,max_hold,7
TSLA,long,2021-05-03,2021-05-10,234.7173,199.6468,11,-0.14942,-385.78,stop_loss,7
SLB,long,2021-05-03,2021-05-10,24.5835,27.592,108,0.12238,324.92,max_hold,7
AMD,long,2021-05-07,2021-05-13,78.7894,73.983,34,-0.061,-163.42,stop_loss,6
DVN,long,2021-05-10,2021-05-17,20.4212,21.1027,132,0.03337,89.95,max_hold,7
TSLA,long,2021-05-11,2021-05-18,199.8465,184.0912,13,-0.07884,-204.82,max_hold,7
QCOM,long,2021-05-11,2021-05-18,111.9194,113.5393,23,0.01447,37.26,max_hold,7
DVN,long,2021-05-18,2021-05-19,21.1238,19.4135,126,-0.08096,-215.49,stop_loss,1
HD,long,2021-05-13,2021-05-20,280.3415,278.3054,9,-0.00726,-18.33,max_hold,7
AVGO,long,2021-05-18,2021-05-25,40.1199,41.6011,66,0.03692,97.76,max_hold,7
TSLA,long,2021-05-19,2021-05-26,184.2754,206.6433,14,0.12138,313.15,max_hold,7
CVX,long,2021-05-20,2021-05-27,83.9946,84.3584,31,0.00433,11.28,max_hold,7
DVN,long,2021-05-20,2021-05-27,19.4329,20.6939,136,0.06489,171.49,max_hold,7
AMZN,long,2021-05-24,2021-06-01,160.8554,161.0744,16,0.00136,3.5,max_hold,8
XOM,long,2021-05-26,2021-06-02,48.4922,50.3565,55,0.03845,102.54,max_hold,7
MRK,long,2021-05-26,2021-06-02,62.8029,62.0804,42,-0.0115,-30.34,max_hold,7
DVN,long,2021-05-28,2021-06-04,20.7146,24.3035,129,0.17326,462.98,max_hold,7
CVX,long,2021-05-28,2021-06-04,84.4428,88.2254,31,0.0448,117.26,max_hold,7
AAPL,long,2021-05-28,2021-06-04,122.4608,122.9229,21,0.00377,9.7,max_hold,7
ADBE,long,2021-06-04,2021-06-07,498.9794,510.8944,5,0.02388,59.58,signal_fade,3
HD,long,2021-06-07,2021-06-14,274.8501,272.4838,9,-0.00861,-21.3,max_hold,7
MRK,long,2021-06-08,2021-06-15,61.9134,65.1795,43,0.05275,140.44,max_hold,7
DVN,long,2021-06-10,2021-06-17,23.5944,20.9517,115,-0.11201,-303.91,stop_loss,7
BAC,long,2021-06-11,2021-06-18,37.0104,34.5946,73,-0.06527,-176.36,stop_loss,7
GS,long,2021-06-11,2021-06-18,333.0035,312.4731,8,-0.06165,-164.24,stop_loss,7
SLB,long,2021-06-15,2021-06-18,30.5364,28.4369,88,-0.06875,-184.75,stop_loss,3
JPM,long,2021-06-15,2021-06-22,138.1692,132.3055,19,-0.04244,-111.41,max_hold,7
WMT,long,2021-06-15,2021-06-22,44.066,42.6654,61,-0.03178,-85.43,max_hold,7
AVGO,long,2021-06-16,2021-06-23,42.5013,42.7566,63,0.00601,16.08,max_hold,7
DVN,long,2021-06-18,2021-06-25,20.9726,23.0976,127,0.10132,269.87,max_hold,7
SLB,long,2021-06-21,2021-06-28,28.4654,28.9116,93,0.01568,41.5,max_hold,7
CVX,long,2021-06-21,2021-06-28,84.8339,85.1481,31,0.0037,9.74,max_hold,7
BAC,long,2021-06-21,2021-06-28,34.6292,36.8142,77,0.0631,168.25,max_hold,7
AMZN,short,2021-06-21,2021-06-28,173.7341,172.027,15,0.00983,25.61,max_hold,7
WMT,long,2021-06-24,2021-07-01,42.6048,43.5562,63,0.02233,59.94,max_hold,7
DVN,long,2021-06-28,2021-07-06,23.1207,21.9973,117,-0.04859,-131.43,max_hold,8
LLY,long,2021-06-28,2021-07-06,218.556,223.7531,12,0.02378,62.37,max_hold,8
SLB,long,2021-06-29,2021-07-06,28.9406,27.8727,93,-0.0369,-99.31,max_hold,7
BAC,long,2021-06-30,2021-07-07,36.0809,34.1524,74,-0.05345,-142.71,max_hold,7
MSFT,short,2021-06-30,2021-07-07,259.6504,265.8728,10,-0.02396,-62.22,max_hold,7
WMT,long,2021-07-02,2021-07-09,43.5998,43.975,62,0.00861,23.27,max_hold,7
DVN,long,2021-07-07,2021-07-14,22.0193,20.9907,122,-0.04671,-125.49,max_hold,7
SLB,long,2021-07-07,2021-07-14,27.9006,26.1799,96,-0.06167,-165.18,max_hold,7
XOM,long,2021-07-07,2021-07-14,50.9313,49.2088,52,-0.03382,-89.57,max_hold,7
AAPL,short,2021-07-07,2021-07-14,139.8459,145.5447,19,-0.04075,-108.28,max_hold,7
BAC,long,2021-07-08,2021-07-15,34.1866,34.683,78,0.01452,38.72,max_hold,7
GS,long,2021-07-08,2021-07-15,318.8129,331.9887,8,0.04133,105.41,max_hold,7
TSLA,long,2021-07-08,2021-07-15,209.5614,218.1176,12,0.04083,102.67,max_hold,7
MSFT,short,2021-07-08,2021-07-15,265.6071,270.837,10,-0.01969,-52.3,max_hold,7
JPM,long,2021-07-09,2021-07-16,135.7285,131.6062,19,-0.03037,-78.32,max_hold,7
AMZN,short,2021-07-09,2021-07-16,186.0329,176.7173,14,0.05008,130.42,max_hold,7
NVDA,long,2021-07-15,2021-07-16,19.7533,17.8446,135,-0.09663,-257.68,stop_loss,1
COST,short,2021-07-12,2021-07-19,392.0668,392.4211,6,-0.0009,-2.13,max_hold,7
DVN,long,2021-07-15,2021-07-19,21.0117,19.4691,127,-0.07342,-195.91,stop_loss,4
SLB,long,2021-07-15,2021-07-19,26.2061,23.9139,101,-0.08747,-231.51,stop_loss,4
COP,long,2021-07-15,2021-07-22,47.7152,47.1893,56,-0.01102,-29.45,max_hold,7
AAPL,short,2021-07-15,2021-07-22,145.3993,143.8966,18,0.01033,27.05,max_hold,7
MA,short,2021-07-15,2021-07-22,379.2149,374.6809,7,0.01196,31.74,max_hold,7
BAC,long,2021-07-16,2021-07-23,34.7177,33.3035,76,-0.04074,-107.48,max_hold,7
V,short,2021-07-16,2021-07-23,240.6951,240.1842,11,0.00212,5.62,max_hold,7
NVDA,long,2021-07-19,2021-07-26,17.8624,19.189,148,0.07427,196.33,max_hold,7
AVGO,long,2021-07-19,2021-07-26,42.2155,43.7457,62,0.03625,94.87,max_hold,7
DVN,long,2021-07-20,2021-07-27,19.4885,20.5069,135,0.05225,137.48,max_hold,7
SLB,long,2021-07-20,2021-07-27,23.9378,26.2336,110,0.09591,252.54,max_hold,7
JPM,long,2021-07-20,2021-07-27,129.9376,134.9195,20,0.03834,99.64,max_hold,7
GS,long,2021-07-20,2021-07-27,312.2362,332.768,8,0.06576,164.25,max_hold,7
TSLA,long,2021-07-22,2021-07-29,218.9227,223.808,12,0.02232,58.62,max_hold,7
CVX,long,2021-07-23,2021-07-30,80.5148,83.1047,33,0.03217,85.46,max_hold,7
BAC,long,2021-07-26,2021-08-02,33.3368,33.6572,80,0.00961,25.63,max_hold,7
NVDA,long,2021-07-27,2021-08-03,19.2082,19.9111,139,0.0366,97.71,max_hold,7
MRK,long,2021-07-27,2021-08-03,66.0579,65.4104,40,-0.0098,-25.9,max_hold,7
DVN,long,2021-07-28,2021-08-04,20.5274,20.0153,130,-0.02495,-66.58,max_hold,7
XOM,long,2021-07-28,2021-08-04,48.284,47.5122,55,-0.01598,-42.45,max_hold,7
LLY,short,2021-07-29,2021-08-05,235.9761,251.4921,11,-0.06575,-170.68,max_hold,7
SLB,long,2021-08-02,2021-08-09,25.8654,25.2484,104,-0.02385,-64.17,max_hold,7
BAC,long,2021-08-03,2021-08-10,33.6909,36.7877,79,0.09192,244.65,max_hold,7
V,long,2021-08-04,2021-08-11,228.4164,225.5007,11,-0.01276,-32.07,max_hold,7
MA,long,2021-08-04,2021-08-11,357.3522,352.4169,7,-0.01381,-34.55,max_hold,7
XOM,long,2021-08-05,2021-08-12,47.5598,48.1469,56,0.01235,32.88,max_hold,7
COP,long,2021-08-05,2021-08-12,46.7811,47.9899,57,0.02584,68.9,max_hold,7
AMZN,long,2021-08-06,2021-08-13,168.8344,164.0679,15,-0.02823,-71.5,max_hold,7
COST,short,2021-08-06,2021-08-13,420.02,425.3595,6,-0.01271,-32.04,max_hold,7
GS,short,2021-08-09,2021-08-16,351.1681,357.9455,7,-0.0193,-47.44,max_hold,7
DVN,long,2021-08-10,2021-08-17,20.9804,21.0843,128,0.00495,13.3,max_hold,7
LLY,short,2021-08-10,2021-08-17,254.3298,260.4427,10,-0.02404,-61.13,max_hold,7
NVDA,long,2021-08-11,2021-08-18,19.9839,19.4171,134,-0.02836,-75.95,max_hold,7
V,long,2021-08-12,2021-08-19,225.7263,223.5531,11,-0.00963,-23.9,max_hold,7
SLB,long,2021-08-13,2021-08-19,25.5785,23.3765,105,-0.08609,-231.21,stop_loss,6
MA,long,2021-08-13,2021-08-20,352.468,347.4598,7,-0.01421,-35.06,max_hold,7
CVX,long,2021-08-13,2021-08-20,83.31,79.2828,32,-0.04834,-128.87,max_hold,7
TSLA,long,2021-08-17,2021-08-24,224.3321,235.5588,11,0.05005,123.49,max_hold,7
DVN,long,2021-08-18,2021-08-25,21.1054,22.6294,126,0.07221,192.02,max_hold,7
AMZN,long,2021-08-18,2021-08-25,162.1806,164.8675,16,0.01657,42.99,max_hold,7
NVDA,long,2021-08-19,2021-08-26,19.4365,22.0965,136,0.13685,361.75,max_hold,7
COP,long,2021-08-20,2021-08-27,43.7529,48.0152,60,0.09742,255.74,max_hold,7
BAC,long,2021-08-20,2021-08-27,35.4878,37.6985,74,0.06229,163.59,max_hold,7
CVX,long,2021-08-23,2021-08-30,79.3621,80.9742,33,0.02031,53.2,max_hold,7
UNH,short,2021-08-23,2021-08-30,394.1986,382.1656,6,0.03053,72.2,max_hold,7
CRM,short,2021-08-24,2021-08-31,257.337,261.8726,10,-0.01763,-45.36,max_hold,7
AMD,long,2021-08-25,2021-09-01,108.1841,110.2648,25,0.01923,52.02,max_hold,7
LLY,long,2021-08-25,2021-09-01,251.6052,246.2172,10,-0.02141,-53.88,max_hold,7
SLB,long,2021-08-26,2021-09-02,25.3275,25.6754,107,0.01374,37.23,max_hold,7
MA,long,2021-08-26,2021-09-02,348.3231,330.4109,7,-0.05142,-125.39,max_hold,7
WMT,long,2021-08-27,2021-09-03,46.3227,46.7344,58,0.00889,23.88,max_hold,7
MRK,long,2021-08-30,2021-09-07,65.3132,64.9657,41,-0.00532,-14.25,max_hold,8
XOM,long,2021-08-31,2021-09-07,46.4204,46.2559,58,-0.00355,-9.55,max_hold,7
COP,long,2021-08-31,2021-09-07,47.0257,47.459,57,0.00921,24.7,max_hold,7
META,short,2021-08-31,2021-09-07,376.4542,377.0391,7,-0.00155,-4.09,max_hold,7
MA,long,2021-09-03,2021-09-08,330.7415,340.8891,8,0.03068,81.18,signal_fade,5
BAC,long,2021-09-02,2021-09-09,36.5772,36.6384,73,0.00167,4.47,max_hold,7
ABBV,long,2021-09-02,2021-09-09,95.2326,90.0516,28,-0.0544,-145.07,max_hold,7
DVN,long,2021-09-07,2021-09-14,22.5739,22.9545,120,0.01686,45.67,max_hold,7
LLY,long,2021-09-08,2021-09-14,243.773,223.4234,11,-0.08348,-223.85,stop_loss,6
XOM,long,2021-09-08,2021-09-15,46.3021,47.6657,58,0.02945,79.09,max_hold,7
WMT,long,2021-09-08,2021-09-15,46.1469,45.3133,58,-0.01806,-48.35,max_hold,7
SLB,long,2021-09-08,2021-09-15,25.1788,26.0802,107,0.0358,96.46,max_hold,7
ABBV,long,2021-09-10,2021-09-17,90.1417,88.8954,29,-0.01383,-36.14,max_hold,7
MSFT,short,2021-09-13,2021-09-20,285.9613,284.4582,9,0.00526,13.53,max_hold,7
AMD,long,2021-09-14,2021-09-21,105.5728,102.7686,25,-0.02656,-70.1,max_hold,7
LLY,long,2021-09-15,2021-09-22,223.6469,219.3295,12,-0.0193,-51.81,max_hold,7
DVN,long,2021-09-15,2021-09-22,22.9775,24.2805,117,0.05671,152.45,max_hold,7
BAC,long,2021-09-21,2021-09-28,34.9401,38.3806,77,0.09847,264.92,max_hold,7
SLB,long,2021-09-21,2021-09-28,24.8636,27.8525,108,0.12021,322.8,max_hold,7
NVDA,long,2021-09-21,2021-09-28,21.3576,20.8611,126,-0.02325,-62.57,max_hold,7
GS,long,2021-09-21,2021-09-28,339.2085,347.6158,7,0.02479,58.85,max_hold,7
XOM,long,2021-09-21,2021-09-28,45.9472,50.5193,58,0.09951,265.18,max_hold,7
QCOM,long,2021-09-22,2021-09-29,119.6373,117.4986,22,-0.01788,-47.05,max_hold,7
META,long,2021-09-22,2021-09-29,344.3794,337.3176,7,-0.02051,-49.43,max_hold,7
LLY,long,2021-09-28,2021-09-30,216.7627,220.9556,12,0.01934,50.31,signal_fade,2
ADBE,long,2021-09-29,2021-10-06,585.7427,578.1708,4,-0.01293,-30.29,max_hold,7
GOOGL,long,2021-09-30,2021-10-07,133.148,138.281,20,0.03855,102.66,max_hold,7
AMD,long,2021-09-30,2021-10-07,102.131,106.4967,26,0.04275,113.51,max_hold,7
NVDA,long,2021-10-07,2021-10-14,21.0335,21.7278,130,0.03301,90.26,max_hold,7
SLB,long,2021-10-07,2021-10-14,27.5832,30.5694,99,0.10826,295.63,max_hold,7
META,long,2021-10-08,2021-10-15,328.7885,325.9234,8,-0.00871,-22.92,max_hold,7
META,long,2021-10-18,2021-10-18,326.2495,336.525,8,0.0315,82.2,signal_fade,0
QCOM,long,2021-10-13,2021-10-20,112.9693,118.9859,24,0.05326,144.4,max_hold,7
ABBV,long,2021-10-19,2021-10-26,91.4638,92.9242,30,0.01597,43.81,max_hold,7
GOOGL,long,2021-10-21,2021-10-28,140.5932,143.731,19,0.02232,59.62,max_hold,7
JPM,long,2021-10-22,2021-10-29,151.6955,153.3352,18,0.01081,29.52,max_hold,7
HD,short,2021-10-22,2021-10-29,323.7643,331.1916,8,-0.02294,-59.42,max_hold,7
AMZN,long,2021-10-26,2021-11-02,167.5592,165.3673,16,-0.01308,-35.07,max_hold,7
META,long,2021-10-27,2021-11-03,311.6107,330.9369,8,0.06202,154.61,max_hold,7
MA,long,2021-10-27,2021-11-03,339.0212,322.2057,8,-0.0496,-134.52,max_hold,7
DVN,long,2021-10-28,2021-11-04,31.4102,34.2134,88,0.08924,246.68,max_hold,7
SLB,long,2021-10-28,2021-11-04,29.2852,30.3175,95,0.03525,98.07,max_hold,7
ADBE,long,2021-10-29,2021-11-04,638.0889,676.4016,4,0.06004,153.25,signal_fade,6
V,long,2021-10-29,2021-11-05,201.9077,210.5374,13,0.04274,112.19,max_hold,7
HD,long,2021-11-02,2021-11-09,325.1537,326.6472,8,0.00459,11.95,max_hold,7
AMZN,long,2021-11-03,2021-11-09,165.5327,178.1044,16,0.07595,201.15,signal_fade,6
ADBE,long,2021-11-08,2021-11-09,666.8933,662.8684,4,-0.00604,-16.1,signal_fade,1
COP,long,2021-11-03,2021-11-10,61.6491,62.1385,45,0.00794,22.02,max_hold,7
UNH,long,2021-11-03,2021-11-10,414.2428,422.6305,6,0.02025,50.33,max_hold,7
AMD,long,2021-11-11,2021-11-11,143.0315,145.957,19,0.02045,55.58,signal_fade,0
AAPL,long,2021-11-05,2021-11-12,148.5675,146.9338,19,-0.011,-31.04,max_hold,7
BAC,long,2021-11-05,2021-11-12,42.3516,42.0071,66,-0.00814,-22.74,max_hold,7
JPM,long,2021-11-05,2021-11-12,150.6873,149.0304,18,-0.011,-29.82,max_hold,7
MRK,long,2021-11-08,2021-11-15,69.4482,72.1916,40,0.0395,109.73,max_hold,7
TSLA,long,2021-11-10,2021-11-17,336.9717,368.6656,8,0.09405,253.55,max_hold,7
DVN,long,2021-11-11,2021-11-18,33.8502,33.2368,83,-0.01812,-50.92,max_hold,7
SLB,long,2021-11-12,2021-11-19,29.2492,26.9978,97,-0.07697,-218.38,stop_loss,7
LLY,long,2021-11-15,2021-11-22,249.1658,248.9935,11,-0.00069,-1.89,max_hold,7
GS,long,2021-11-18,2021-11-26,349.4065,350.5699,8,0.00333,9.31,max_hold,8
V,long,2021-11-18,2021-11-26,199.6431,194.1316,14,-0.02761,-77.16,max_hold,8
MRK,long,2021-11-18,2021-11-26,71.0806,65.9362,40,-0.07237,-205.78,max_hold,8
BAC,long,2021-11-18,2021-11-26,41.5598,41.2605,68,-0.0072,-20.35,max_hold,8
XOM,long,2021-11-22,2021-11-29,51.6605,51.7287,54,0.00132,3.68,max_hold,7
COP,long,2021-11-22,2021-11-29,59.0949,59.926,47,0.01406,39.06,max_hold,7
DVN,long,2021-11-22,2021-11-29,32.1812,33.9752,87,0.05575,156.08,max_hold,7
QCOM,long,2021-11-23,2021-11-30,162.7227,163.6722,17,0.00584,16.14,max_hold,7
TSLA,long,2021-11-24,2021-12-01,360.3101,366.1702,7,0.01626,41.02,max_hold,7
CRM,long,2021-11-26,2021-12-01,279.8016,248.3962,10,-0.11224,-314.05,stop_loss,5
MA,long,2021-11-29,2021-12-01,321.4954,301.3008,8,-0.06281,-161.56,stop_loss,2
DVN,long,2021-12-01,2021-12-01,34.9232,31.9823,80,-0.08421,-235.27,stop_loss,0
MRK,long,2021-11-29,2021-12-06,66.0021,62.1484,42,-0.05839,-161.86,max_hold,7
BAC,long,2021-11-29,2021-12-06,41.3017,39.7978,68,-0.03641,-102.27,max_hold,7
SLB,long,2021-11-30,2021-12-07,26.1535,27.9343,108,0.06809,192.32,max_hold,7
WMT,long,2021-11-30,2021-12-07,44.4291,43.3118,63,-0.02515,-70.39,max_hold,7
XOM,long,2021-11-30,2021-12-07,51.7804,53.5682,54,0.03453,96.54,max_hold,7
DVN,long,2021-12-02,2021-12-09,32.0142,34.7765,86,0.08628,237.55,max_hold,7
CRM,long,2021-12-02,2021-12-09,248.6448,261.4439,11,0.05148,140.79,max_hold,7
META,long,2021-12-02,2021-12-09,308.8436,329.5002,9,0.06688,185.91,max_hold,7
AMD,long,2021-12-02,2021-12-09,147.7538,141.2193,18,-0.04423,-117.62,max_hold,7
NVDA,long,2021-12-10,2021-12-13,31.0674,27.598,90,-0.11168,-312.25,stop_loss,3
BAC,long,2021-12-07,2021-12-14,39.8377,39.6281,70,-0.00526,-14.67,max_hold,7
COST,long,2021-12-09,2021-12-15,502.9894,536.6857,5,0.06699,168.48,signal_fade,6
LLY,long,2021-12-09,2021-12-15,234.853,264.5393,12,0.1264,356.24,signal_fade,6
DVN,long,2021-12-10,2021-12-15,34.8113,32.6485,81,-0.06213,-175.19,stop_loss,5
JPM,long,2021-12-09,2021-12-16,142.4347,141.9982,19,-0.00306,-8.29,max_hold,7
WMT,long,2021-12-09,2021-12-16,43.0788,44.9634,65,0.04375,122.5,max_hold,7
TSLA,long,2021-12-10,2021-12-16,336.4181,304.7709,8,-0.09407,-253.18,stop_loss,6
CRM,long,2021-12-10,2021-12-17,261.7055,245.5175,10,-0.06186,-161.88,max_hold,7
SLB,long,2021-12-10,2021-12-17,28.116,25.3866,100,-0.09708,-272.94,max_hold,7
AMD,long,2021-12-14,2021-12-21,131.7358,142.5787,21,0.08231,227.7,max_hold,7
UNH,short,2021-12-14,2021-12-21,442.2137,449.484,6,-0.01644,-43.62,max_hold,7
BAC,long,2021-12-15,2021-12-22,39.6678,39.905,70,0.00598,16.61,max_hold,7
DVN,long,2021-12-16,2021-12-23,32.6811,33.9269,86,0.03812,107.14,max_hold,7
ADBE,long,2021-12-17,2021-12-27,566.3731,582.5486,4,0.02856,64.7,max_hold,10
ABBV,short,2021-12-17,2021-12-27,110.9527,114.213,25,-0.02938,-81.51,max_hold,10
NVDA,long,2021-12-20,2021-12-27,27.2326,31.1978,102,0.1456,404.45,max_hold,7
XOM,long,2021-12-20,2021-12-27,50.3502,52.9693,55,0.05202,144.05,max_hold,7
COP,long,2021-12-20,2021-12-27,56.8971,62.2318,49,0.09376,261.4,max_hold,7
BAC,long,2021-12-23,2021-12-30,39.9449,39.771,70,-0.00435,-12.17,max_hold,7
CRM,long,2021-12-23,2021-12-30,247.081,250.8623,11,0.0153,41.59,max_hold,7
WMT,long,2021-12-23,2021-12-30,44.0783,45.0957,64,0.02308,65.12,max_hold,7
DVN,long,2021-12-27,2021-12-30,33.9609,35.3348,83,0.04046,114.04,end_of_period,3
MRK,long,2021-12-27,2021-12-30,66.2621,67.1888,42,0.01399,38.92,end_of_period,3
SLB,long,2021-12-28,2021-12-30,26.9494,26.9405,106,-0.00033,-0.94,end_of_period,2
ADBE,long,2021-12-28,2021-12-30,583.1314,570.2448,4,-0.0221,-51.55,end_of_period,2
NVDA,long,2021-12-29,2021-12-30,30.1928,29.4781,94,-0.02367,-67.18,end_of_period,1
ADBE,long,2022-01-04,2022-01-05,564.182,509.745,5,-0.09649,-272.18,stop_loss,1
SLB,long,2022-01-04,2022-01-11,29.0655,32.9935,98,0.13514,384.94,max_hold,7
NVDA,long,2022-01-05,2022-01-12,28.8723,28.2755,98,-0.02067,-58.48,max_hold,7
MSFT,long,2022-01-05,2022-01-12,314.0556,308.5522,9,-0.01752,-49.53,max_hold,7
ADBE,long,2022-01-06,2022-01-13,510.255,514.2327,5,0.0078,19.89,max_hold,7
UNH,long,2022-01-07,2022-01-14,431.5286,428.7745,6,-0.00638,-16.52,max_hold,7
COST,long,2022-01-10,2022-01-18,503.4555,465.5129,5,-0.07536,-189.71,stop_loss,8
NVDA,long,2022-01-13,2022-01-18,28.3038,25.9839,101,-0.08196,-234.31,stop_loss,5
AVGO,long,2022-01-13,2022-01-18,57.9395,53.6484,49,-0.07406,-210.26,stop_loss,5
HD,long,2022-01-12,2022-01-19,346.1936,321.8345,8,-0.07036,-194.87,stop_loss,7
COST,long,2022-01-19,2022-01-19,465.9786,466.3301,6,0.00075,2.11,signal_fade,0
LLY,long,2022-01-13,2022-01-20,244.0554,236.9118,11,-0.02927,-78.58,max_hold,7
AMD,long,2022-01-14,2022-01-20,131.7458,120.0799,21,-0.08855,-244.98,stop_loss,6
NVDA,long,2022-01-19,2022-01-20,26.0099,23.4213,108,-0.09952,-279.57,stop_loss,1
AVGO,long,2022-01-19,2022-01-21,53.7021,48.9725,52,-0.08807,-245.94,stop_loss,2
HD,long,2022-01-20,2022-01-24,322.1565,318.9932,8,-0.00982,-25.31,signal_fade,4
GS,long,2022-01-18,2022-01-25,322.3661,310.0223,8,-0.03829,-98.75,max_hold,7
AMD,long,2022-01-21,2022-01-25,120.2001,114.4927,23,-0.04748,-131.27,stop_loss,4
AMD,long,2022-01-26,2022-01-27,114.6073,101.4992,24,-0.11437,-314.59,stop_loss,1
NVDA,long,2022-01-21,2022-01-28,23.4447,23.0974,117,-0.01481,-40.63,max_hold,7
COST,long,2022-01-21,2022-01-28,458.3976,467.5178,6,0.0199,54.72,max_hold,7
AVGO,long,2022-01-24,2022-01-31,49.0215,54.0441,56,0.10246,281.27,max_hold,7
BAC,long,2022-01-24,2022-01-31,39.2476,41.2715,70,0.05157,141.67,max_hold,7
MA,long,2022-01-25,2022-02-01,334.9009,379.364,8,0.13277,355.71,max_hold,7
AMD,long,2022-01-28,2022-02-04,101.6008,123.4982,27,0.21552,591.23,max_hold,7
NVDA,long,2022-01-31,2022-02-07,23.1205,24.2701,120,0.04972,137.95,max_hold,7
META,long,2022-02-07,2022-02-08,235.7486,222.1372,11,-0.05774,-149.73,stop_loss,1
TSLA,long,2022-02-02,2022-02-09,309.548,302.6386,9,-0.02232,-62.18,max_hold,7
ABBV,long,2022-02-02,2022-02-09,116.1357,122.6513,24,0.0561,156.37,max_hold,7
MRK,long,2022-02-07,2022-02-14,68.6947,67.5111,41,-0.01723,-48.53,max_hold,7
GS,short,2022-02-07,2022-02-14,326.9186,325.9923,8,0.00283,7.41,max_hold,7
META,long,2022-02-09,2022-02-16,222.3595,212.0509,12,-0.04636,-123.7,max_hold,7
GOOGL,long,2022-02-14,2022-02-22,132.1513,130.4262,21,-0.01305,-36.23,max_hold,8
JNJ,long,2022-02-15,2022-02-22,146.2161,142.9194,19,-0.02255,-62.64,max_hold,7
META,long,2022-02-17,2022-02-23,212.263,189.3021,13,-0.10817,-298.49,stop_loss,6
TSLA,long,2022-02-23,2022-02-23,276.9484,233.3466,10,-0.15744,-436.02,stop_loss,0
CRM,long,2022-02-18,2022-02-25,197.0904,204.1541,14,0.03584,98.89,max_hold,7
BAC,long,2022-02-18,2022-02-25,41.1876,39.0476,68,-0.05196,-145.52,max_hold,7
HD,long,2022-02-23,2022-03-02,284.701,293.2076,9,0.02988,76.56,max_hold,7
TSLA,long,2022-02-24,2022-03-02,233.5801,292.7769,11,0.25343,651.16,signal_fade,6
AMD,long,2022-02-24,2022-03-03,104.6123,111.944,26,0.07008,190.62,max_hold,7
V,long,2022-02-28,2022-03-04,209.1675,193.3252,13,-0.07574,-205.95,stop_loss,4
MA,long,2022-03-01,2022-03-04,349.0746,321.1764,8,-0.07992,-223.19,stop_loss,3
ADBE,long,2022-02-28,2022-03-07,462.6312,432.2938,6,-0.06558,-182.02,max_hold,7
BAC,long,2022-03-01,2022-03-07,39.0777,35.0652,72,-0.10268,-288.91,stop_loss,6
SLB,long,2022-03-02,2022-03-09,34.989,39.0594,79,0.11633,321.56,max_hold,7
AMD,long,2022-03-07,2022-03-14,108.5843,102.6087,25,-0.05503,-149.39,max_hold,7
NVDA,long,2022-03-07,2022-03-14,22.7604,21.4432,122,-0.05787,-160.7,max_hold,7
V,long,2022-03-07,2022-03-14,193.5186,195.5019,14,0.01025,27.77,max_hold,7
MA,long,2022-03-07,2022-03-14,321.4978,323.944,8,0.00761,19.57,max_hold,7
BAC,long,2022-03-08,2022-03-15,35.1002,37.9102,78,0.08006,219.18,max_hold,7
QCOM,long,2022-03-08,2022-03-15,137.0253,133.5356,20,-0.02547,-69.79,max_hold,7
LLY,short,2022-03-11,2022-03-17,255.4292,275.7194,10,-0.07944,-202.9,stop_loss,6
HD,short,2022-03-14,2022-03-21,289.3497,295.3888,9,-0.02087,-54.35,max_hold,7
AMD,long,2022-03-15,2022-03-22,102.7113,114.2329,26,0.11217,299.56,max_hold,7
DVN,long,2022-03-15,2022-03-22,41.5722,51.3621,66,0.23549,646.13,max_hold,7
TSLA,long,2022-03-15,2022-03-22,258.5526,326.4833,10,0.26273,679.31,max_hold,7
XOM,long,2022-03-15,2022-03-22,68.253,72.0949,40,0.05629,153.68,max_hold,7
UNH,long,2022-03-23,2022-03-23,464.8064,466.8656,6,0.00443,12.36,signal_fade,0
GS,short,2022-03-17,2022-03-24,303.545,303.9028,9,-0.00118,-3.22,max_hold,7
SLB,long,2022-03-18,2022-03-25,35.7873,38.6063,78,0.07877,219.88,max_hold,7
QCOM,long,2022-03-18,2022-03-25,138.7169,142.1944,20,0.02507,69.55,max_hold,7
MRK,long,2022-03-21,2022-03-28,70.0798,71.7584,40,0.02395,67.15,max_hold,7
JNJ,long,2022-03-23,2022-03-30,155.2153,158.9183,18,0.02386,66.65,max_hold,7
WMT,long,2022-03-23,2022-03-30,45.3059,47.0472,63,0.03843,109.7,max_hold,7
CVX,long,2022-03-23,2022-03-30,140.1424,137.8686,20,-0.01623,-45.48,max_hold,7
AMD,long,2022-03-23,2022-03-30,114.3471,116.2518,24,0.01666,45.71,max_hold,7
LLY,long,2022-03-30,2022-04-01,280.2916,282.1025,10,0.00646,18.11,signal_fade,2
HD,long,2022-03-28,2022-04-04,278.9564,274.4302,10,-0.01623,-45.26,max_hold,7
ADBE,long,2022-03-28,2022-04-04,433.6367,469.0853,6,0.08175,212.69,max_hold,7
BAC,long,2022-03-30,2022-04-05,39.0262,35.6665,74,-0.08609,-248.62,stop_loss,6
UNH,long,2022-04-05,2022-04-05,471.9598,479.0872,6,0.0151,42.76,signal_fade,0
COP,long,2022-03-30,2022-04-06,86.9262,84.6028,33,-0.02673,-76.67,max_hold,7
ABBV,long,2022-04-05,2022-04-06,138.8466,143.6601,20,0.03467,96.27,signal_fade,1
AMD,long,2022-04-01,2022-04-08,110.5352,98.5507,25,-0.10842,-299.61,stop_loss,7
CVX,long,2022-04-01,2022-04-08,137.424,142.1699,20,0.03453,94.92,max_hold,7
GS,long,2022-04-08,2022-04-11,282.4226,289.4282,10,0.02481,70.06,signal_fade,3
JNJ,long,2022-04-05,2022-04-12,156.3137,159.1926,18,0.01842,51.82,max_hold,7
JPM,long,2022-04-05,2022-04-12,121.222,114.6605,23,-0.05413,-150.91,max_hold,7
QCOM,long,2022-04-06,2022-04-13,129.9675,128.1567,22,-0.01393,-39.84,max_hold,7
SLB,long,2022-04-06,2022-04-13,37.1662,38.3888,77,0.03289,94.14,max_hold,7
CRM,long,2022-04-07,2022-04-14,195.8316,185.0051,14,-0.05528,-151.57,max_hold,7
COP,long,2022-04-07,2022-04-14,84.6874,88.0133,33,0.03927,109.75,max_hold,7
AMD,long,2022-04-11,2022-04-18,98.6493,93.3433,29,-0.05379,-153.87,max_hold,7
V,long,2022-04-11,2022-04-18,208.4412,206.153,13,-0.01098,-29.75,max_hold,7
MSFT,long,2022-04-18,2022-04-18,269.3623,269.5464,10,0.00068,1.84,signal_fade,0
ABBV,long,2022-04-14,2022-04-21,136.5323,135.9033,20,-0.00461,-12.58,max_hold,7
NVDA,long,2022-04-20,2022-04-21,22.4611,20.2324,127,-0.09923,-283.05,stop_loss,1
TSLA,long,2022-04-18,2022-04-25,329.8415,331.6441,8,0.00547,14.42,max_hold,7
LLY,long,2022-04-25,2022-04-25,268.8804,275.7714,10,0.02563,68.91,signal_fade,0
AMD,long,2022-04-19,2022-04-26,93.4367,84.2079,30,-0.09877,-276.86,stop_loss,7
GS,short,2022-04-19,2022-04-26,297.3369,281.1257,9,0.05452,145.9,max_hold,7
TSLA,long,2022-04-26,2022-04-26,331.9759,299.3769,8,-0.0982,-260.79,stop_loss,0
META,long,2022-04-22,2022-04-27,188.8071,201.053,15,0.06486,183.69,stop_loss,5
HD,short,2022-04-21,2022-04-28,284.0539,276.4,10,0.02695,76.54,max_hold,7
COP,long,2022-04-22,2022-04-29,83.9497,80.7809,33,-0.03775,-104.57,max_hold,7
CVX,long,2022-04-22,2022-04-29,138.7748,131.8299,20,-0.05004,-138.9,max_hold,7
DVN,long,2022-04-25,2022-05-02,46.1099,50.1034,61,0.08661,243.6,max_hold,7
COST,long,2022-04-25,2022-05-02,543.2956,505.211,5,-0.0701,-190.42,stop_loss,7
AMD,long,2022-04-27,2022-05-04,84.2921,97.6012,33,0.15789,439.2,max_hold,7
TSLA,long,2022-04-27,2022-05-04,299.6764,312.8501,9,0.04396,118.56,max_hold,7
NVDA,long,2022-04-28,2022-05-05,18.9199,18.6708,149,-0.01317,-37.12,max_hold,7
UNH,long,2022-04-28,2022-05-05,478.2155,448.3851,5,-0.06238,-149.15,max_hold,7
ABBV,long,2022-05-02,2022-05-09,126.8448,130.7101,22,0.03047,85.04,max_hold,7
CVX,long,2022-05-02,2022-05-09,131.9618,136.8059,21,0.03671,101.73,max_hold,7
COP,long,2022-05-02,2022-05-09,80.8618,84.7313,34,0.04785,131.56,max_hold,7
MSFT,short,2022-05-03,2022-05-09,273.9652,262.3894,10,0.04225,115.76,signal_recovered,6
AMZN,long,2022-05-05,2022-05-09,123.0615,111.1944,23,-0.09643,-272.94,stop_loss,4
TSLA,long,2022-05-06,2022-05-09,295.8145,272.9668,9,-0.07724,-205.63,stop_loss,3
COST,long,2022-05-03,2022-05-10,505.7164,480.3507,5,-0.05016,-126.83,max_hold,7
HD,short,2022-05-03,2022-05-10,273.9194,261.4207,10,0.04563,124.99,max_hold,7
UNH,long,2022-05-06,2022-05-10,448.8337,447.812,6,-0.00228,-6.13,signal_fade,4
NVDA,long,2022-05-09,2022-05-11,17.9893,16.1626,160,-0.10154,-292.27,stop_loss,2
TSLA,long,2022-05-10,2022-05-11,273.2399,233.5498,10,-0.14526,-396.9,stop_loss,1
ADBE,short,2022-05-05,2022-05-12,415.3422,396.6682,6,0.04496,112.04,max_hold,7
MA,long,2022-05-06,2022-05-12,338.2277,319.7582,8,-0.05461,-147.76,stop_loss,6
V,long,2022-05-06,2022-05-13,197.3049,191.252,14,-0.03068,-84.74,max_hold,7
AMZN,long,2022-05-10,2022-05-17,111.3056,111.3838,25,0.0007,1.95,max_hold,7
SLB,long,2022-05-10,2022-05-17,34.8983,39.2769,81,0.12547,354.66,max_hold,7
XOM,long,2022-05-10,2022-05-17,74.1587,80.8474,38,0.09019,254.17,max_hold,7
COP,long,2022-05-10,2022-05-17,84.8161,92.7208,33,0.0932,260.86,max_hold,7
COST,long,2022-05-13,2022-05-18,470.5165,410.2408,5,-0.12811,-301.38,stop_loss,5
TSLA,long,2022-05-12,2022-05-19,233.7835,237.8777,11,0.01751,45.04,max_hold,7
AAPL,long,2022-05-12,2022-05-19,140.0304,136.2846,20,-0.02675,-74.91,max_hold,7
MA,long,2022-05-13,2022-05-20,320.0782,330.8441,8,0.03364,86.13,max_hold,7
TSLA,long,2022-05-20,2022-05-20,238.1157,218.2308,11,-0.08351,-218.73,stop_loss,0
AMZN,long,2022-05-18,2022-05-25,111.4952,107.916,25,-0.0321,-89.48,max_hold,7
COST,long,2022-05-19,2022-05-26,410.6512,435.4346,6,0.06035,148.7,max_hold,7
WMT,long,2022-05-19,2022-05-26,38.3962,39.824,73,0.03718,104.23,max_hold,7
QCOM,long,2022-05-20,2022-05-27,120.8543,126.7484,23,0.04877,135.56,max_hold,7
CVX,long,2022-05-20,2022-05-27,143.7467,153.0247,19,0.06454,176.28,max_hold,7
TSLA,long,2022-05-23,2022-05-31,218.4492,251.5941,12,0.15173,397.74,max_hold,8
UNH,short,2022-05-25,2022-06-01,460.8749,457.1532,6,0.00808,22.33,max_hold,7
GS,short,2022-05-25,2022-06-01,280.0439,290.5043,10,-0.03735,-104.6,max_hold,7
GOOGL,long,2022-05-26,2022-06-02,104.8006,114.9849,27,0.09718,274.98,max_hold,7
ABBV,long,2022-05-31,2022-06-07,128.5661,128.6622,22,0.00075,2.11,max_hold,7
MRK,long,2022-06-01,2022-06-08,80.6353,78.4281,35,-0.02737,-77.25,max_hold,7
JNJ,long,2022-06-01,2022-06-08,159.7073,157.8199,17,-0.01182,-32.09,max_hold,7
CVX,long,2022-06-01,2022-06-08,150.4285,153.0842,19,0.01765,50.46,max_hold,7
NVDA,long,2022-06-08,2022-06-10,18.7563,15.9477,153,-0.14974,-429.72,stop_loss,2
AMZN,long,2022-06-09,2022-06-10,120.05,104.1379,23,-0.13255,-365.98,stop_loss,1
AVGO,long,2022-06-07,2022-06-13,52.1093,48.7538,55,-0.06439,-184.55,stop_loss,6
GS,long,2022-06-10,2022-06-15,269.1191,255.8959,10,-0.04914,-132.23,signal_fade,5
WMT,long,2022-06-09,2022-06-16,38.7552,38.0881,74,-0.01721,-49.36,max_hold,7
AMD,long,2022-06-13,2022-06-16,91.3056,82.1489,30,-0.10029,-274.7,stop_loss,3
DVN,long,2022-06-14,2022-06-16,59.8679,52.4314,46,-0.12422,-342.08,stop_loss,2
CVX,long,2022-06-14,2022-06-16,144.1638,131.6985,19,-0.08647,-236.84,stop_loss,2
COP,long,2022-06-14,2022-06-16,98.2418,87.3583,28,-0.11078,-304.74,stop_loss,2
BAC,long,2022-06-10,2022-06-17,30.4322,29.6887,94,-0.02443,-69.89,max_hold,7
COP,long,2022-06-17,2022-06-17,87.4457,82.65,31,-0.05484,-148.67,stop_loss,0
DVN,long,2022-06-17,2022-06-17,52.4838,49.8888,52,-0.04944,-134.94,stop_loss,0
MA,long,2022-06-17,2022-06-17,299.8872,308.4188,9,0.02845,76.78,signal_fade,0
NVDA,long,2022-06-13,2022-06-21,15.9637,16.173,176,0.01311,36.84,max_hold,8
JPM,long,2022-06-13,2022-06-21,105.6612,103.7671,26,-0.01793,-49.25,max_hold,8
UNH,short,2022-06-13,2022-06-21,439.2513,441.8067,6,-0.00582,-15.33,max_hold,8
META,long,2022-06-14,2022-06-21,164.667,156.9228,17,-0.04703,-131.65,max_hold,7
CVX,long,2022-06-17,2022-06-23,131.8303,123.4673,20,-0.06344,-167.26,stop_loss,6
COP,long,2022-06-21,2022-06-23,82.7327,77.4682,33,-0.06363,-173.73,stop_loss,2
AMD,long,2022-06-17,2022-06-24,82.2311,87.3163,33,0.06184,167.81,max_hold,7
XOM,long,2022-06-21,2022-06-28,77.4903,81.2581,35,0.04862,131.87,max_hold,7
AMD,long,2022-06-27,2022-06-28,87.4037,79.5102,31,-0.09031,-244.7,stop_loss,1
META,long,2022-06-22,2022-06-29,157.0798,160.6581,17,0.02278,60.83,max_hold,7
NVDA,long,2022-06-22,2022-06-29,16.1892,15.3108,169,-0.05426,-148.44,max_hold,7
UNH,short,2022-06-22,2022-06-29,441.3651,476.9397,6,-0.0806,-213.45,stop_loss,7
XOM,long,2022-06-29,2022-06-30,81.3394,75.8048,33,-0.06804,-182.64,stop_loss,1
COP,long,2022-06-24,2022-07-01,77.5457,77.5055,34,-0.00052,-1.37,max_hold,7
DVN,long,2022-06-24,2022-07-01,46.8076,44.6783,57,-0.04549,-121.37,max_hold,7
AMD,long,2022-06-29,2022-07-01,79.5898,71.944,34,-0.09606,-259.96,stop_loss,2
NVDA,long,2022-06-30,2022-07-07,15.3261,15.3796,176,0.00349,9.41,max_hold,7
GOOGL,long,2022-06-30,2022-07-07,109.0877,116.1613,24,0.06484,169.77,max_hold,7
XOM,long,2022-07-01,2022-07-08,75.8806,74.4327,35,-0.01908,-50.68,max_hold,7
COP,long,2022-07-05,2022-07-12,77.583,71.4421,34,-0.07915,-208.79,max_hold,7
AMD,long,2022-07-05,2022-07-12,72.016,74.9025,37,0.04008,106.8,max_hold,7
DVN,long,2022-07-05,2022-07-12,44.723,42.9052,59,-0.04065,-107.25,max_hold,7
WMT,long,2022-07-07,2022-07-14,39.7685,40.8744,67,0.02781,74.09,max_hold,7
NVDA,long,2022-07-08,2022-07-15,15.395,16.2487,175,0.05546,149.41,max_hold,7
XOM,long,2022-07-11,2022-07-18,74.5072,75.5251,36,0.01366,36.65,max_hold,7
AMZN,long,2022-07-12,2022-07-19,112.2161,118.5607,23,0.05654,145.93,max_hold,7
MA,short,2022-07-13,2022-07-19,308.7939,333.0033,8,-0.0784,-193.68,stop_loss,6
COP,long,2022-07-13,2022-07-20,71.5136,75.7706,37,0.05953,157.51,max_hold,7
DVN,long,2022-07-13,2022-07-20,42.9481,46.6688,62,0.08663,230.68,max_hold,7
AMD,long,2022-07-13,2022-07-20,74.9775,89.5552,35,0.19443,510.22,max_hold,7
JPM,long,2022-07-15,2022-07-22,99.5722,105.5598,26,0.06013,155.68,max_hold,7
NVDA,long,2022-07-18,2022-07-25,16.265,16.8338,166,0.03497,94.43,max_hold,7
JNJ,long,2022-07-19,2022-07-26,157.1934,153.7411,17,-0.02196,-58.69,max_hold,7
LLY,long,2022-07-19,2022-07-26,313.6685,318.0831,8,0.01407,35.32,max_hold,7
MRK,long,2022-07-19,2022-07-26,82.6077,80.1774,32,-0.02942,-77.77,max_hold,7
GOOGL,long,2022-07-21,2022-07-26,113.3322,108.2455,24,-0.04488,-122.08,stop_loss,5
META,long,2022-07-22,2022-07-26,171.6492,161.094,16,-0.06149,-168.88,stop_loss,4
WMT,long,2022-07-22,2022-07-26,42.1034,38.4753,65,-0.08617,-235.83,stop_loss,4
COP,long,2022-07-22,2022-07-29,77.4615,82.6754,35,0.06731,182.49,max_hold,7
COST,long,2022-07-28,2022-08-01,497.2986,519.4799,5,0.0446,110.91,signal_fade,4
NVDA,long,2022-07-26,2022-08-02,16.8507,18.1246,162,0.0756,206.38,max_hold,7
GOOGL,long,2022-07-27,2022-08-03,108.3538,116.3892,25,0.07416,200.88,max_hold,7
MSFT,long,2022-07-27,2022-08-03,252.8073,272.5145,10,0.07795,197.07,max_hold,7
MRK,long,2022-07-29,2022-08-05,79.8852,77.3424,34,-0.03183,-86.45,max_hold,7
BAC,long,2022-07-29,2022-08-05,30.2424,30.8441,90,0.01989,54.15,max_hold,7
ABBV,long,2022-07-29,2022-08-05,126.9749,120.394,21,-0.05183,-138.2,max_hold,7
HD,long,2022-07-29,2022-08-05,270.7892,281.213,10,0.03849,104.24,max_hold,7
LLY,long,2022-08-01,2022-08-05,316.9785,290.6915,8,-0.08293,-210.3,stop_loss,4
V,long,2022-08-01,2022-08-08,202.2418,205.4805,13,0.01601,42.1,max_hold,7
JPM,long,2022-08-02,2022-08-09,103.9141,107.4917,26,0.03443,93.02,max_hold,7
NVDA,long,2022-08-03,2022-08-10,18.1427,18.0718,150,-0.00391,-10.64,max_hold,7
QCOM,long,2022-08-04,2022-08-11,135.9363,135.1793,20,-0.00557,-15.14,max_hold,7
DVN,long,2022-08-04,2022-08-11,47.3016,53.6274,58,0.13373,366.9,max_hold,7
LLY,long,2022-08-08,2022-08-15,290.9823,304.5225,9,0.04653,121.86,max_hold,7
UNH,long,2022-08-08,2022-08-15,501.4206,505.8368,5,0.00881,22.08,max_hold,7
COST,long,2022-08-08,2022-08-15,519.8179,526.2307,5,0.01234,32.06,max_hold,7
COP,long,2022-08-08,2022-08-15,80.7697,88.1881,34,0.09185,252.23,max_hold,7
WMT,long,2022-08-08,2022-08-15,40.2323,44.2716,68,0.1004,274.67,max_hold,7
TSLA,long,2022-08-10,2022-08-15,297.2152,311.5108,9,0.0481,128.66,signal_fade,5
CVX,long,2022-08-09,2022-08-16,132.7325,133.1866,20,0.00342,9.08,max_hold,7
COST,long,2022-08-16,2022-08-17,526.7572,533.8315,5,0.01343,35.37,signal_fade,1
LLY,long,2022-08-17,2022-08-17,301.0208,307.2579,9,0.02072,56.13,signal_fade,0
NVDA,long,2022-08-11,2022-08-18,18.0898,18.3459,152,0.01415,38.91,max_hold,7
QCOM,long,2022-08-12,2022-08-19,135.3146,132.7132,20,-0.01922,-52.03,max_hold,7
V,long,2022-08-15,2022-08-22,204.4661,201.9606,13,-0.01225,-32.57,max_hold,7
UNH,long,2022-08-16,2022-08-23,506.3429,497.9227,5,-0.01663,-42.1,max_hold,7
CVX,long,2022-08-17,2022-08-24,133.3199,140.6519,21,0.055,153.97,max_hold,7
AMD,long,2022-08-17,2022-08-24,99.3096,93.0934,28,-0.06259,-174.05,max_hold,7
AMZN,long,2022-08-19,2022-08-26,140.5402,129.835,20,-0.07617,-214.1,max_hold,7
NVDA,long,2022-08-22,2022-08-26,17.4503,15.9677,161,-0.08496,-238.71,stop_loss,4
JPM,long,2022-08-22,2022-08-29,106.4955,104.7944,26,-0.01597,-44.23,max_hold,7
AMD,long,2022-08-25,2022-08-31,93.1866,82.3088,30,-0.11673,-326.33,stop_loss,6
MA,long,2022-08-30,2022-08-31,323.8266,316.4758,8,-0.0227,-58.81,signal_fade,1
GOOGL,long,2022-08-29,2022-09-06,109.0778,106.066,25,-0.02761,-75.3,max_hold,8
QCOM,long,2022-08-29,2022-09-06,125.998,117.0811,22,-0.07077,-196.17,stop_loss,8
AMD,long,2022-09-01,2022-09-08,82.3912,83.988,33,0.01938,52.69,max_hold,7
MRK,long,2022-09-01,2022-09-08,75.9477,77.5993,36,0.02175,59.46,max_hold,7
XOM,long,2022-09-02,2022-09-09,85.1064,86.1685,32,0.01248,33.99,max_hold,7
CVX,long,2022-09-02,2022-09-09,135.9141,139.6995,20,0.02785,75.71,max_hold,7
AMD,long,2022-09-12,2022-09-13,84.9324,77.0614,32,-0.09267,-251.87,stop_loss,1
NVDA,long,2022-09-07,2022-09-14,13.5362,12.9763,202,-0.04136,-113.1,max_hold,7
AMZN,long,2022-09-07,2022-09-14,126.1831,127.3163,21,0.00898,23.8,max_hold,7
DVN,long,2022-09-07,2022-09-14,56.4354,60.0549,48,0.06414,173.74,max_hold,7
HD,long,2022-09-13,2022-09-15,265.2969,244.193,10,-0.07955,-211.04,stop_loss,2
COST,long,2022-09-14,2022-09-15,491.1622,477.0261,5,-0.02878,-70.68,signal_fade,1
HD,long,2022-09-16,2022-09-19,244.4373,251.2996,11,0.02807,75.49,signal_fade,3
CVX,long,2022-09-13,2022-09-20,138.6368,135.8383,20,-0.02019,-55.97,max_hold,7
XOM,long,2022-09-13,2022-09-20,85.3361,82.5682,32,-0.03243,-88.57,max_hold,7
AMD,long,2022-09-14,2022-09-21,77.1385,73.8531,35,-0.04259,-114.99,max_hold,7
NVDA,long,2022-09-15,2022-09-22,12.9893,12.3831,211,-0.04667,-127.91,max_hold,7
META,long,2022-09-15,2022-09-22,148.5703,140.1189,18,-0.05688,-152.13,max_hold,7
DVN,long,2022-09-19,2022-09-23,55.0875,49.0689,49,-0.10926,-294.91,stop_loss,4
XOM,long,2022-09-21,2022-09-23,82.6509,74.9177,33,-0.09356,-255.2,stop_loss,2
SLB,long,2022-09-22,2022-09-23,34.8488,31.9356,78,-0.08359,-227.23,stop_loss,1
AMD,long,2022-09-22,2022-09-23,73.9269,67.8361,36,-0.08239,-219.27,stop_loss,1
UNH,short,2022-09-19,2022-09-26,482.6488,475.4738,5,0.01487,35.88,max_hold,7
COST,long,2022-09-26,2022-09-26,445.292,463.5815,5,0.04107,91.45,signal_fade,0
GS,long,2022-09-26,2022-09-29,272.986,269.9769,9,-0.01102,-27.08,signal_fade,3
MA,long,2022-09-28,2022-09-29,278.9311,280.3627,9,0.00513,12.88,signal_fade,1
NVDA,long,2022-09-23,2022-09-30,12.3955,12.3103,218,-0.00687,-18.57,max_hold,7
ADBE,long,2022-09-23,2022-09-30,285.7128,278.1309,9,-0.02654,-68.24,max_hold,7
COP,long,2022-09-26,2022-10-03,87.2995,99.4086,30,0.13871,363.27,max_hold,7
TSLA,long,2022-09-26,2022-10-03,271.9659,250.3947,9,-0.07932,-194.14,stop_loss,7
XOM,long,2022-09-26,2022-10-03,74.9926,82.2771,35,0.09714,254.96,max_hold,7
DVN,long,2022-09-26,2022-10-03,49.118,57.3854,54,0.16832,446.44,max_hold,7
JPM,long,2022-09-27,2022-10-04,98.286,100.9051,27,0.02665,70.71,max_hold,7
LLY,short,2022-09-28,2022-10-05,323.5351,318.431,8,0.01578,40.83,max_hold,7
AMD,long,2022-10-03,2022-10-07,64.4922,57.2813,41,-0.11181,-295.65,stop_loss,4
TSLA,long,2022-10-04,2022-10-07,250.6453,223.818,10,-0.10703,-268.27,stop_loss,3
ADBE,long,2022-10-03,2022-10-10,278.4091,285.5472,9,0.02564,64.24,max_hold,7
ABBV,long,2022-10-03,2022-10-10,118.6287,120.3765,22,0.01473,38.45,max_hold,7
MSFT,short,2022-10-05,2022-10-12,238.3894,213.2703,11,0.10537,276.31,max_hold,7
MA,short,2022-10-06,2022-10-13,296.2038,289.9152,9,0.02123,56.6,max_hold,7
JNJ,long,2022-10-07,2022-10-14,145.1825,148.2919,18,0.02142,55.97,max_hold,7
TSLA,long,2022-10-10,2022-10-14,224.042,209.935,12,-0.06297,-169.28,stop_loss,4
AMD,long,2022-10-10,2022-10-17,57.3387,59.88,47,0.04432,119.45,max_hold,7
NVDA,long,2022-10-11,2022-10-18,11.5382,11.8437,234,0.02648,71.49,max_hold,7
JPM,long,2022-10-12,2022-10-19,93.6894,107.7179,28,0.14973,392.8,max_hold,7
BAC,long,2022-10-12,2022-10-19,26.9582,30.8747,100,0.14528,391.64,max_hold,7
COST,short,2022-10-12,2022-10-19,452.9156,450.1953,5,0.00601,13.6,max_hold,7
MA,short,2022-10-14,2022-10-21,289.6254,298.4012,9,-0.0303,-78.98,max_hold,7
GS,short,2022-10-14,2022-10-21,280.4294,299.9194,9,-0.0695,-175.41,max_hold,7
V,short,2022-10-14,2022-10-21,181.3665,186.0382,15,-0.02576,-70.08,max_hold,7
ADBE,short,2022-10-14,2022-10-21,294.9724,308.5842,9,-0.04615,-122.51,max_hold,7
TSLA,long,2022-10-17,2022-10-24,210.145,209.995,13,-0.00071,-1.95,max_hold,7
AMD,long,2022-10-18,2022-10-25,59.94,59.6602,46,-0.00467,-12.87,max_hold,7
NVDA,long,2022-10-19,2022-10-26,11.8556,13.5895,232,0.14626,402.28,max_hold,7
HD,long,2022-10-21,2022-10-26,243.7923,264.8866,11,0.08653,232.04,signal_fade,5
MSFT,short,2022-10-21,2022-10-27,227.487,219.469,12,0.03525,96.22,signal_recovered,6
BAC,long,2022-10-24,2022-10-31,31.9333,33.1098,85,0.03684,100.01,max_hold,7
TSLA,long,2022-10-25,2022-11-01,210.2051,225.927,13,0.07479,204.38,max_hold,7
GOOGL,long,2022-10-27,2022-11-02,93.7361,85.5185,29,-0.08767,-238.31,stop_loss,6
NVDA,long,2022-10-27,2022-11-03,13.6031,13.9444,204,0.02509,69.63,max_hold,7
AMZN,long,2022-11-02,2022-11-03,97.3687,91.4443,28,-0.06085,-165.88,stop_loss,1
ABBV,long,2022-10-31,2022-11-07,128.0288,131.1255,21,0.02419,65.03,max_hold,7
GOOGL,long,2022-11-03,2022-11-10,85.6041,93.8108,32,0.09587,262.62,max_hold,7
DVN,long,2022-11-03,2022-11-10,57.8796,60.2773,47,0.04143,112.69,max_hold,7
AMZN,long,2022-11-04,2022-11-11,91.5357,98.7206,30,0.07849,215.55,max_hold,7
META,long,2022-11-04,2022-11-11,89.6083,109.9688,30,0.22722,610.82,max_hold,7
COP,long,2022-11-07,2022-11-14,117.4508,118.5271,23,0.00916,24.75,max_hold,7
UNH,long,2022-11-11,2022-11-15,508.9285,470.829,5,-0.07486,-190.5,stop_loss,4
V,long,2022-11-10,2022-11-16,197.8316,202.3731,14,0.02296,63.58,signal_fade,6
CVX,long,2022-11-10,2022-11-17,156.5193,156.4743,17,-0.00029,-0.77,max_hold,7
DVN,long,2022-11-11,2022-11-18,60.3376,57.8389,46,-0.04141,-114.94,max_hold,7
TSLA,long,2022-11-11,2022-11-18,186.093,175.7621,15,-0.05551,-154.96,max_hold,7
ABBV,long,2022-11-11,2022-11-18,131.8828,136.9139,21,0.03815,105.65,max_hold,7
JNJ,long,2022-11-11,2022-11-18,155.0187,158.7147,18,0.02384,66.53,max_hold,7
UNH,long,2022-11-16,2022-11-18,471.3,492.3467,6,0.04466,126.28,signal_fade,2
AMZN,long,2022-11-14,2022-11-21,98.8194,92.5737,28,-0.0632,-174.88,max_hold,7
NVDA,long,2022-11-14,2022-11-21,16.186,15.2825,175,-0.05582,-158.12,max_hold,7
COP,long,2022-11-15,2022-11-22,118.6457,113.2036,23,-0.04587,-125.17,max_hold,7
JPM,long,2022-11-18,2022-11-25,123.8486,125.1039,22,0.01014,27.62,max_hold,7
SLB,long,2022-11-18,2022-11-25,47.4254,45.2399,59,-0.04608,-128.95,max_hold,7
DVN,long,2022-11-21,2022-11-28,57.8967,57.9244,48,0.00048,1.33,max_hold,7
TSLA,long,2022-11-21,2022-11-28,175.9379,184.8975,15,0.05092,134.39,max_hold,7
AMZN,long,2022-11-22,2022-11-29,92.6663,92.4238,30,-0.00262,-7.28,max_hold,7
NVDA,long,2022-11-22,2022-11-29,15.2978,15.6544,182,0.02331,64.9,max_hold,7
COP,long,2022-11-25,2022-12-02,112.6952,110.2491,25,-0.02171,-61.15,max_hold,7
SLB,long,2022-11-28,2022-12-05,45.2851,46.7056,62,0.03137,88.07,max_hold,7
AAPL,long,2022-11-29,2022-12-06,141.9529,139.7471,19,-0.01554,-41.91,max_hold,7
XOM,long,2022-11-29,2022-12-06,98.4889,92.315,28,-0.06269,-172.87,max_hold,7
BAC,long,2022-12-02,2022-12-06,32.9891,29.7848,85,-0.09713,-272.36,stop_loss,4
COP,long,2022-12-05,2022-12-06,110.3594,103.1778,25,-0.06508,-179.54,stop_loss,1
NVDA,long,2022-11-30,2022-12-07,15.67,16.2288,179,0.03566,100.02,max_hold,7
AMZN,long,2022-11-30,2022-12-07,92.5162,89.1954,30,-0.03589,-99.63,max_hold,7
COST,long,2022-12-02,2022-12-09,477.36,461.7782,5,-0.03264,-77.91,max_hold,7
JPM,long,2022-12-02,2022-12-09,123.775,121.7297,22,-0.01652,-45.0,max_hold,7
ADBE,long,2022-12-08,2022-12-09,325.8728,334.5926,8,0.02676,69.76,signal_fade,1
GS,long,2022-12-05,2022-12-12,347.8815,343.9349,8,-0.01134,-31.57,max_hold,7
CVX,long,2022-12-06,2022-12-13,151.9135,150.8797,18,-0.00681,-18.61,max_hold,7
COP,long,2022-12-07,2022-12-14,103.281,99.0521,26,-0.04095,-109.95,max_hold,7
XOM,long,2022-12-07,2022-12-14,92.4074,93.6938,29,0.01392,37.31,max_hold,7
META,long,2022-12-07,2022-12-14,112.8261,117.2413,24,0.03913,105.96,max_hold,7
GOOGL,long,2022-12-08,2022-12-15,94.589,89.9173,29,-0.04939,-135.48,max_hold,7
QCOM,long,2022-12-12,2022-12-19,107.388,102.9732,25,-0.04111,-110.37,max_hold,7
GS,long,2022-12-15,2022-12-19,325.7615,317.6415,8,-0.02493,-64.96,signal_fade,4
TSLA,long,2022-12-15,2022-12-20,153.5167,139.2703,18,-0.0928,-256.44,stop_loss,5
JPM,long,2022-12-14,2022-12-21,123.1215,120.5345,22,-0.02101,-56.92,max_hold,7
JNJ,long,2022-12-14,2022-12-21,161.3033,159.5088,17,-0.01112,-30.51,max_hold,7
WMT,long,2022-12-14,2022-12-21,47.1058,46.3165,59,-0.01676,-46.57,max_hold,7
XOM,long,2022-12-15,2022-12-22,93.7875,95.1348,29,0.01437,39.07,max_hold,7
NVDA,long,2022-12-16,2022-12-22,16.835,15.1547,164,-0.09981,-275.57,stop_loss,6
TSLA,long,2022-12-21,2022-12-22,139.4097,126.3068,19,-0.09399,-248.95,stop_loss,1
QCOM,long,2022-12-20,2022-12-27,103.0762,100.6346,26,-0.02369,-63.48,max_hold,7
TSLA,long,2022-12-23,2022-12-27,126.4332,110.2948,21,-0.12764,-338.91,stop_loss,4
JNJ,long,2022-12-22,2022-12-29,159.6684,160.1585,17,0.00307,8.33,max_hold,7
MSFT,long,2022-12-23,2022-12-29,229.6891,231.5004,11,0.00789,19.92,signal_fade,6
TSLA,long,2022-12-28,2022-12-30,110.4052,123.1184,24,0.11515,305.12,end_of_period,2
QCOM,long,2022-12-28,2022-12-30,100.7353,101.6236,26,0.00882,23.1,end_of_period,2
JNJ,long,2022-12-30,2022-12-30,160.3188,159.4005,16,-0.00573,-14.69,end_of_period,0
ABBV,long,2022-12-30,2022-12-30,143.0744,142.3852,18,-0.00482,-12.41,end_of_period,0
TSLA,long,2023-01-04,2023-01-11,109.1646,122.4987,24,0.12215,320.02,max_hold,7
ABBV,long,2023-01-04,2023-01-11,143.2244,137.8597,18,-0.03746,-96.56,max_hold,7
JNJ,long,2023-01-04,2023-01-11,161.5833,157.2439,16,-0.02686,-69.43,max_hold,7
NVDA,long,2023-01-04,2023-01-11,14.542,16.0563,186,0.10413,281.66,max_hold,7
MRK,long,2023-01-04,2023-01-11,101.0764,99.7168,26,-0.01345,-35.35,max_hold,7
JPM,long,2023-01-04,2023-01-11,125.1555,129.668,21,0.03606,94.76,max_hold,7
MSFT,long,2023-01-05,2023-01-11,221.0214,228.6335,12,0.03444,91.35,signal_fade,6
ABBV,long,2023-01-12,2023-01-19,137.9976,132.9056,19,-0.0369,-96.75,max_hold,7
JNJ,long,2023-01-12,2023-01-19,157.4012,153.4901,17,-0.02485,-66.49,max_hold,7
NVDA,long,2023-01-12,2023-01-19,16.0723,16.9648,170,0.05553,151.72,max_hold,7
MRK,long,2023-01-13,2023-01-20,100.0685,98.8268,27,-0.01241,-33.53,max_hold,7
CVX,long,2023-01-13,2023-01-20,153.2811,156.6904,17,0.02224,57.96,max_hold,7
ABBV,long,2023-01-20,2023-01-27,133.0386,129.7393,20,-0.0248,-65.99,max_hold,7
NVDA,long,2023-01-20,2023-01-27,16.9818,19.8958,161,0.1716,469.16,max_hold,7
JNJ,long,2023-01-20,2023-01-27,153.6437,151.532,17,-0.01374,-35.9,max_hold,7
META,long,2023-01-26,2023-01-27,143.2145,148.0353,19,0.03366,91.6,signal_fade,1
MRK,long,2023-01-23,2023-01-30,98.9257,95.3836,27,-0.03581,-95.63,max_hold,7
JPM,long,2023-01-23,2023-01-30,125.2733,129.5568,21,0.03419,89.95,max_hold,7
HD,long,2023-01-24,2023-01-31,288.0248,294.3752,9,0.02205,57.15,max_hold,7
MA,long,2023-01-24,2023-01-31,382.7838,361.3887,7,-0.05589,-149.77,max_hold,7
AMD,long,2023-01-27,2023-02-03,73.7368,84.5877,37,0.14716,401.48,max_hold,7
LLY,long,2023-01-30,2023-02-06,335.2783,326.889,8,-0.02502,-67.11,max_hold,7
ABBV,long,2023-01-30,2023-02-06,129.8691,128.5919,21,-0.00983,-26.82,max_hold,7
NVDA,long,2023-01-30,2023-02-06,19.9157,21.3239,138,0.07071,194.33,max_hold,7
META,long,2023-01-31,2023-02-06,146.7354,183.8725,18,0.25309,668.47,signal_fade,6
JNJ,long,2023-01-31,2023-02-07,146.0563,147.3541,18,0.00889,23.36,max_hold,7
CVX,long,2023-02-01,2023-02-08,150.0093,147.1962,18,-0.01875,-50.64,max_hold,7
MA,long,2023-02-01,2023-02-08,361.7503,366.0266,7,0.01182,29.93,max_hold,7
JPM,long,2023-02-01,2023-02-08,128.1381,132.5577,21,0.03449,92.81,max_hold,7
UNH,long,2023-02-08,2023-02-08,444.3255,453.3664,6,0.02035,54.25,signal_fade,0
XOM,long,2023-02-02,2023-02-09,102.2643,103.6387,27,0.01344,37.11,max_hold,7
LLY,long,2023-02-07,2023-02-09,327.216,333.912,8,0.02046,53.57,signal_fade,2
COP,long,2023-02-06,2023-02-13,97.0262,99.5399,29,0.02591,72.9,max_hold,7
NVDA,long,2023-02-07,2023-02-14,21.3453,22.4878,131,0.05352,149.67,max_hold,7
MRK,long,2023-02-07,2023-02-14,93.3193,97.5682,30,0.04553,127.47,max_hold,7
AMZN,long,2023-02-08,2023-02-15,102.091,99.1604,27,-0.02871,-79.13,max_hold,7
QCOM,long,2023-02-09,2023-02-16,123.8857,119.704,22,-0.03375,-92.0,max_hold,7
HD,long,2023-02-10,2023-02-17,286.864,278.9985,9,-0.02742,-70.79,max_hold,7
LLY,long,2023-02-17,2023-02-21,315.6731,320.7835,8,0.01619,40.88,signal_fade,4
GOOGL,long,2023-02-15,2023-02-22,93.7063,91.0665,30,-0.02817,-79.19,max_hold,7
COP,long,2023-02-16,2023-02-23,99.5317,93.415,28,-0.06145,-171.27,max_hold,7
ADBE,long,2023-02-16,2023-02-23,366.223,327.9559,7,-0.10449,-267.87,max_hold,7
JPM,long,2023-02-16,2023-02-23,132.4956,128.8437,21,-0.02756,-76.69,max_hold,7
AMZN,long,2023-02-17,2023-02-24,97.8489,94.2329,29,-0.03696,-104.87,max_hold,7
MA,long,2023-02-21,2023-02-27,350.1589,347.8969,8,-0.00646,-18.1,signal_fade,6
XOM,long,2023-02-21,2023-02-28,99.4262,97.9823,28,-0.01452,-40.43,max_hold,7
HD,long,2023-02-22,2023-02-28,271.9655,266.5529,10,-0.0199,-54.13,signal_fade,6
NVDA,long,2023-02-23,2023-03-02,23.3997,23.2567,119,-0.00611,-17.02,max_hold,7
GOOGL,long,2023-02-24,2023-03-03,88.6982,93.147,31,0.05016,137.91,max_hold,7
JPM,long,2023-02-24,2023-03-03,128.9726,132.8541,21,0.0301,81.51,max_hold,7
QCOM,long,2023-02-27,2023-03-06,117.0479,113.9066,23,-0.02684,-72.25,max_hold,7
LLY,long,2023-03-01,2023-03-06,302.8274,311.3077,9,0.028,76.32,signal_fade,5
COST,long,2023-03-01,2023-03-07,461.4813,462.8408,6,0.00295,8.16,signal_fade,6
GS,long,2023-03-01,2023-03-08,323.3829,322.884,8,-0.00154,-3.99,max_hold,7
ABBV,long,2023-03-01,2023-03-08,136.0033,133.4749,20,-0.01859,-50.57,max_hold,7
MRK,long,2023-03-01,2023-03-08,95.3531,98.2604,29,0.03049,84.31,max_hold,7
TSLA,long,2023-03-03,2023-03-09,194.8974,175.0424,14,-0.10187,-277.97,stop_loss,6
JPM,long,2023-03-06,2023-03-09,132.987,119.4427,21,-0.10185,-284.43,stop_loss,3
META,long,2023-03-09,2023-03-13,184.8202,185.8541,15,0.00559,15.51,signal_fade,4
QCOM,long,2023-03-07,2023-03-14,114.0206,107.1827,24,-0.05997,-164.11,max_hold,7
ABBV,long,2023-03-09,2023-03-16,133.6084,138.5534,20,0.03701,98.9,max_hold,7
JPM,long,2023-03-10,2023-03-17,119.5622,117.6181,23,-0.01626,-44.72,max_hold,7
TSLA,long,2023-03-10,2023-03-17,175.2176,177.991,15,0.01583,41.6,max_hold,7
GS,long,2023-03-13,2023-03-20,295.8752,293.6839,9,-0.00741,-19.72,max_hold,7
XOM,long,2023-03-14,2023-03-21,95.4244,95.7324,29,0.00323,8.93,max_hold,7
COP,long,2023-03-16,2023-03-23,82.593,84.7972,33,0.02669,72.74,max_hold,7
CVX,long,2023-03-16,2023-03-23,131.1207,132.682,21,0.01191,32.79,max_hold,7
ABBV,long,2023-03-17,2023-03-24,138.692,141.2661,20,0.01856,51.48,max_hold,7
JPM,long,2023-03-20,2023-03-27,117.7358,119.2112,23,0.01253,33.93,max_hold,7
MRK,long,2023-03-20,2023-03-27,94.983,96.5084,29,0.01606,44.24,max_hold,7
TSLA,long,2023-03-20,2023-03-27,178.169,191.904,15,0.07709,206.02,max_hold,7
JNJ,long,2023-03-22,2023-03-29,139.9653,139.58,20,-0.00275,-7.71,max_hold,7
ABBV,long,2023-03-30,2023-04-06,140.6774,143.8277,19,0.02239,59.85,max_hold,7
AMD,long,2023-03-30,2023-04-06,98.049,91.2743,28,-0.06909,-189.69,max_hold,7
V,long,2023-03-31,2023-04-10,218.2372,221.3342,12,0.01419,37.16,max_hold,10
CRM,long,2023-04-04,2023-04-11,194.8776,186.9702,14,-0.04058,-110.7,max_hold,7
QCOM,long,2023-04-04,2023-04-11,116.3013,115.7015,24,-0.00516,-14.4,max_hold,7
JPM,long,2023-04-05,2023-04-12,118.4822,119.9134,23,0.01208,32.92,max_hold,7
AMD,long,2023-04-10,2023-04-17,91.3657,91.5642,30,0.00217,5.96,max_hold,7
AMZN,long,2023-04-12,2023-04-19,100.4502,103.4782,27,0.03014,81.76,max_hold,7
AVGO,long,2023-04-12,2023-04-19,60.2209,60.2105,46,-0.00017,-0.47,max_hold,7
COST,long,2023-04-14,2023-04-21,475.956,484.9766,5,0.01895,45.1,max_hold,7
ABBV,long,2023-04-18,2023-04-25,144.6581,146.0215,19,0.00942,25.9,max_hold,7
AMD,long,2023-04-18,2023-04-25,91.6558,86.4667,30,-0.05661,-155.67,stop_loss,7
UNH,long,2023-04-18,2023-04-25,472.3548,455.206,5,-0.0363,-85.74,max_hold,7
JNJ,long,2023-04-19,2023-04-26,147.3707,148.0504,18,0.00461,12.24,max_hold,7
QCOM,long,2023-04-20,2023-04-27,109.189,107.0432,25,-0.01965,-53.65,max_hold,7
META,long,2023-04-20,2023-04-27,211.7275,236.8109,13,0.11847,326.08,max_hold,7
TSLA,long,2023-04-26,2023-05-03,160.3701,162.6287,17,0.01408,38.39,max_hold,7
COP,long,2023-04-27,2023-05-04,90.7277,91.2415,30,0.00566,15.42,max_hold,7
CVX,long,2023-04-27,2023-05-04,145.3278,138.9628,19,-0.0438,-120.93,max_hold,7
UNH,long,2023-04-27,2023-05-04,452.2197,462.8791,6,0.02357,63.96,max_hold,7
ABBV,long,2023-04-28,2023-05-05,132.9507,132.9793,21,0.00022,0.6,max_hold,7
WMT,long,2023-04-28,2023-05-05,48.6495,48.779,57,0.00266,7.38,max_hold,7
HD,long,2023-04-28,2023-05-05,270.455,265.7977,10,-0.01722,-46.57,max_hold,7
XOM,long,2023-05-02,2023-05-09,102.2347,98.3677,27,-0.03782,-104.41,max_hold,7
AMZN,long,2023-05-02,2023-05-09,101.5207,108.0459,27,0.06427,176.18,max_hold,7
JNJ,long,2023-05-03,2023-05-10,150.6094,147.078,18,-0.02345,-63.57,max_hold,7
AMD,long,2023-05-04,2023-05-11,81.6108,96.7816,34,0.18589,515.81,max_hold,7
QCOM,long,2023-05-05,2023-05-12,100.7361,96.497,27,-0.04208,-114.46,max_hold,7
GS,long,2023-05-05,2023-05-12,300.8638,296.2729,9,-0.01526,-41.32,max_hold,7
CVX,long,2023-05-05,2023-05-12,139.1018,137.157,20,-0.01398,-38.9,max_hold,7
HD,long,2023-05-09,2023-05-12,263.4582,266.6438,10,0.01209,31.86,signal_fade,3
WMT,long,2023-05-08,2023-05-15,48.8278,48.6436,57,-0.00377,-10.5,max_hold,7
ABBV,long,2023-05-09,2023-05-16,132.4475,128.3747,21,-0.03075,-85.53,max_hold,7
ADBE,long,2023-05-10,2023-05-17,348.4241,356.8215,8,0.0241,67.18,max_hold,7
JNJ,long,2023-05-11,2023-05-18,147.2251,144.1333,19,-0.021,-58.74,max_hold,7
JPM,long,2023-05-11,2023-05-18,126.1443,130.4896,22,0.03445,95.6,max_hold,7
XOM,long,2023-05-12,2023-05-19,95.3885,95.6951,29,0.00321,8.89,max_hold,7
WMT,long,2023-05-16,2023-05-23,48.6922,47.889,57,-0.0165,-45.78,max_hold,7
MRK,long,2023-05-16,2023-05-23,105.0051,103.2978,26,-0.01626,-44.39,max_hold,7
UNH,long,2023-05-19,2023-05-24,449.7625,447.4861,6,-0.00506,-13.66,signal_fade,5
COST,long,2023-05-18,2023-05-25,475.8049,466.3508,5,-0.01987,-47.27,max_hold,7
JNJ,long,2023-05-19,2023-05-26,144.2775,140.9903,19,-0.02278,-62.46,max_hold,7
V,long,2023-05-19,2023-05-26,228.833,219.8216,12,-0.03938,-108.14,max_hold,7
LLY,long,2023-05-24,2023-05-31,415.2671,420.9867,6,0.01377,34.32,max_hold,7
MA,long,2023-05-24,2023-05-31,363.1043,360.571,7,-0.00698,-17.73,max_hold,7
JPM,long,2023-05-25,2023-06-01,125.9762,130.2749,22,0.03412,94.57,max_hold,7
MRK,long,2023-05-26,2023-06-02,101.4892,102.293,27,0.00792,21.7,max_hold,7
V,long,2023-05-30,2023-06-06,220.0416,221.7657,12,0.00784,20.69,max_hold,7
ABBV,long,2023-05-30,2023-06-06,121.7374,121.0861,23,-0.00535,-14.98,max_hold,7
XOM,long,2023-06-01,2023-06-08,92.0892,98.064,30,0.06488,179.24,max_hold,7
MA,long,2023-06-01,2023-06-08,360.9318,363.8119,7,0.00798,20.16,max_hold,7
HD,long,2023-06-01,2023-06-08,263.3891,278.8087,10,0.05854,154.2,max_hold,7
CVX,long,2023-06-01,2023-06-08,133.4099,140.306,20,0.05169,137.92,max_hold,7
GOOGL,long,2023-06-01,2023-06-08,121.8014,121.1149,22,-0.00564,-15.1,max_hold,7
COP,long,2023-06-01,2023-06-08,90.3965,95.0858,30,0.05188,140.68,max_hold,7
JNJ,long,2023-06-02,2023-06-09,141.8188,146.5119,19,0.03309,89.17,max_hold,7
JPM,long,2023-06-05,2023-06-12,130.9191,131.1337,21,0.00164,4.51,max_hold,7
AVGO,long,2023-06-07,2023-06-14,75.818,84.8132,37,0.11864,332.82,max_hold,7
CRM,long,2023-06-07,2023-06-14,211.3313,204.3113,13,-0.03322,-91.26,max_hold,7
MSFT,long,2023-06-09,2023-06-15,317.6367,343.0279,8,0.07994,203.13,signal_fade,6
MA,long,2023-06-09,2023-06-16,364.1759,368.2802,7,0.01127,28.73,max_hold,7
V,long,2023-06-09,2023-06-16,218.7018,221.7657,12,0.01401,36.77,max_hold,7
JNJ,long,2023-06-12,2023-06-20,146.6585,149.7901,19,0.02135,59.5,max_hold,8
MRK,long,2023-06-13,2023-06-20,98.3992,100.3428,29,0.01975,56.36,max_hold,7
LLY,long,2023-06-13,2023-06-20,434.532,444.6939,6,0.02339,60.97,max_hold,7
JPM,long,2023-06-13,2023-06-20,131.2649,133.3927,21,0.01621,44.68,max_hold,7
XOM,long,2023-06-14,2023-06-21,97.248,92.9827,29,-0.04386,-123.69,max_hold,7
AMD,long,2023-06-16,2023-06-21,125.8829,112.1839,22,-0.10882,-301.38,stop_loss,5
GOOGL,long,2023-06-15,2023-06-22,122.1187,120.253,23,-0.01528,-42.91,max_hold,7
COP,long,2023-06-15,2023-06-22,93.4106,90.7233,30,-0.02877,-80.62,max_hold,7
UNH,long,2023-06-21,2023-06-23,441.5988,449.8028,6,0.01858,49.22,signal_fade,2
AMZN,long,2023-06-20,2023-06-27,125.0325,128.8755,22,0.03074,84.55,max_hold,7
CVX,long,2023-06-20,2023-06-27,137.6864,135.1616,20,-0.01834,-50.5,max_hold,7
JNJ,long,2023-06-21,2023-06-28,149.94,148.9294,19,-0.00674,-19.2,max_hold,7
V,long,2023-06-21,2023-06-28,221.127,223.5144,12,0.0108,28.65,max_hold,7
AMD,long,2023-06-22,2023-06-29,112.2961,112.9735,25,0.00603,16.93,max_hold,7
JPM,long,2023-06-22,2023-06-29,132.9748,134.9796,21,0.01508,42.1,max_hold,7
GS,long,2023-06-23,2023-06-30,295.2276,300.3828,9,0.01746,46.4,max_hold,7
COP,long,2023-06-23,2023-06-30,90.8141,94.8451,31,0.04439,124.96,max_hold,7
GOOGL,long,2023-06-26,2023-07-03,119.7585,118.1329,23,-0.01357,-37.39,max_hold,7
ABBV,long,2023-06-28,2023-07-05,119.1408,123.4019,23,0.03577,98.01,max_hold,7
TSLA,long,2023-06-28,2023-07-05,249.8248,277.951,11,0.11258,309.39,max_hold,7
CVX,long,2023-06-28,2023-07-05,135.2969,136.712,21,0.01046,29.72,max_hold,7
JNJ,long,2023-06-29,2023-07-06,149.0784,146.9423,19,-0.01433,-40.58,max_hold,7
WMT,long,2023-06-29,2023-07-06,49.8736,50.243,57,0.00741,21.05,max_hold,7
META,long,2023-06-30,2023-07-07,282.4223,292.8307,10,0.03685,104.08,max_hold,7
JPM,long,2023-06-30,2023-07-07,135.1146,135.8125,21,0.00517,14.66,max_hold,7
COP,long,2023-07-03,2023-07-10,94.94,95.8031,30,0.00909,25.89,max_hold,7
MRK,long,2023-07-03,2023-07-10,104.4204,99.7687,27,-0.04455,-125.6,max_hold,7
ADBE,long,2023-07-05,2023-07-12,481.2305,509.3652,6,0.05846,168.81,max_hold,7
AMD,long,2023-07-06,2023-07-13,112.126,116.1119,25,0.03555,99.65,max_hold,7
JNJ,long,2023-07-07,2023-07-14,147.0893,146.283,19,-0.00548,-15.32,max_hold,7
XOM,long,2023-07-07,2023-07-14,92.2431,91.0659,31,-0.01276,-36.49,max_hold,7
LLY,long,2023-07-10,2023-07-17,443.6306,437.3069,6,-0.01425,-37.94,max_hold,7
GOOGL,long,2023-07-10,2023-07-17,117.3189,123.4431,24,0.0522,146.98,max_hold,7
JPM,long,2023-07-10,2023-07-17,135.9484,144.1587,21,0.06039,172.42,max_hold,7
TSLA,long,2023-07-13,2023-07-17,274.7273,290.0049,10,0.05561,152.78,signal_fade,4
MRK,long,2023-07-11,2023-07-18,99.8685,96.7432,28,-0.03129,-87.51,max_hold,7
WMT,long,2023-07-11,2023-07-18,49.9576,49.9173,57,-0.00081,-2.29,max_hold,7
CVX,long,2023-07-14,2023-07-21,138.4447,141.3542,20,0.02102,58.19,max_hold,7
JNJ,long,2023-07-17,2023-07-24,146.4294,156.081,19,0.06591,183.38,max_hold,7
XOM,long,2023-07-17,2023-07-24,91.157,94.9899,31,0.04205,118.82,max_hold,7
LLY,long,2023-07-18,2023-07-25,437.7444,445.1832,6,0.01699,44.63,max_hold,7
QCOM,long,2023-07-18,2023-07-25,114.6624,115.3719,25,0.00619,17.74,max_hold,7
GOOGL,long,2023-07-18,2023-07-25,123.5666,128.8623,23,0.04286,121.8,max_hold,7
MRK,long,2023-07-19,2023-07-26,96.84,97.7274,30,0.00916,26.62,max_hold,7
AMD,long,2023-07-20,2023-07-27,115.0175,113.3233,25,-0.01473,-42.35,max_hold,7
DVN,long,2023-07-20,2023-07-27,46.2587,47.4495,63,0.02574,75.02,max_hold,7
WMT,long,2023-07-21,2023-07-28,50.9679,51.5812,57,0.01203,34.96,max_hold,7
CVX,long,2023-07-24,2023-07-31,141.4956,144.1465,20,0.01874,53.02,max_hold,7
TSLA,long,2023-07-26,2023-08-02,263.3816,251.914,11,-0.04354,-126.14,max_hold,7
ADBE,long,2023-07-26,2023-08-02,520.7502,522.7385,5,0.00382,9.94,max_hold,7
MSFT,long,2023-07-28,2023-08-04,326.1205,320.6195,9,-0.01687,-49.51,max_hold,7
UNH,long,2023-07-31,2023-08-04,473.6629,475.767,6,0.00444,12.62,signal_fade,4
CVX,long,2023-08-01,2023-08-08,144.2908,141.6977,20,-0.01797,-51.86,max_hold,7
TSLA,long,2023-08-03,2023-08-10,252.166,241.6491,11,-0.04171,-115.69,max_hold,7
AMD,long,2023-08-03,2023-08-10,109.0045,108.7956,26,-0.00192,-5.43,max_hold,7
AAPL,long,2023-08-07,2023-08-14,179.7018,176.5568,16,-0.0175,-50.32,max_hold,7
WMT,long,2023-08-08,2023-08-15,51.9653,51.7387,56,-0.00436,-12.69,max_hold,7
CVX,long,2023-08-09,2023-08-16,141.8395,141.5654,20,-0.00193,-5.48,max_hold,7
AVGO,long,2023-08-11,2023-08-18,80.4865,80.4108,36,-0.00094,-2.72,max_hold,7
AMD,long,2023-08-11,2023-08-18,108.9044,106.1469,26,-0.02532,-71.7,max_hold,7
JPM,long,2023-08-14,2023-08-21,144.5193,140.2864,20,-0.02929,-84.66,max_hold,7
QCOM,long,2023-08-15,2023-08-22,106.2446,102.3925,27,-0.03626,-104.0,max_hold,7
GS,long,2023-08-16,2023-08-23,308.2655,300.1406,9,-0.02636,-73.12,max_hold,7
WMT,long,2023-08-16,2023-08-23,51.7904,51.1724,56,-0.01193,-34.61,max_hold,7
CVX,long,2023-08-17,2023-08-24,141.7071,141.4676,20,-0.00169,-4.79,max_hold,7
UNH,long,2023-08-18,2023-08-24,465.9223,460.8846,6,-0.01081,-30.23,signal_fade,6
COST,long,2023-08-18,2023-08-25,525.7114,515.6724,5,-0.0191,-50.2,max_hold,7
TSLA,long,2023-08-21,2023-08-25,221.6608,242.4587,13,0.09383,270.37,signal_fade,4
META,long,2023-08-21,2023-08-28,281.123,285.9248,10,0.01708,48.02,max_hold,7
JPM,long,2023-08-22,2023-08-29,140.4267,139.6848,20,-0.00528,-14.84,max_hold,7
AMD,long,2023-08-23,2023-08-30,105.7028,106.1369,27,0.00411,11.72,max_hold,7
ABBV,long,2023-08-24,2023-08-31,133.4707,133.7366,21,0.00199,5.58,max_hold,7
COP,long,2023-08-24,2023-08-31,105.6636,109.9658,27,0.04072,116.16,max_hold,7
JNJ,long,2023-08-24,2023-08-31,150.3525,148.8854,19,-0.00976,-27.87,max_hold,7
COST,long,2023-08-28,2023-08-31,516.1883,532.0952,5,0.03082,79.53,signal_fade,3
CVX,long,2023-08-25,2023-09-01,141.6091,146.9904,20,0.038,107.63,max_hold,7
SLB,long,2023-08-28,2023-09-05,52.4952,56.1031,55,0.06873,198.43,max_hold,8
GOOGL,long,2023-08-28,2023-09-05,130.2209,134.7571,22,0.03483,99.8,max_hold,8
AMZN,long,2023-08-29,2023-09-05,133.4467,136.2518,21,0.02102,58.91,max_hold,7
LLY,long,2023-08-31,2023-09-07,536.9018,561.1821,5,0.04522,121.4,max_hold,7
AMD,long,2023-08-31,2023-09-07,106.2431,106.9665,27,0.00681,19.53,max_hold,7
MRK,long,2023-09-01,2023-09-08,100.0236,99.632,29,-0.00392,-11.36,max_hold,7
JPM,long,2023-09-01,2023-09-08,137.4443,136.0475,21,-0.01016,-29.33,max_hold,7
ABBV,long,2023-09-01,2023-09-08,133.8704,135.0979,22,0.00917,27.01,max_hold,7
CVX,long,2023-09-05,2023-09-12,147.1375,148.8847,20,0.01187,34.94,max_hold,7
AMZN,long,2023-09-07,2023-09-14,133.9669,142.6187,22,0.06458,190.34,max_hold,7
AVGO,long,2023-09-08,2023-09-15,82.5121,81.2322,35,-0.01551,-44.79,max_hold,7
MRK,long,2023-09-11,2023-09-18,99.7317,98.7698,29,-0.00964,-27.89,max_hold,7
AAPL,long,2023-09-14,2023-09-18,171.912,175.2145,17,0.01921,56.14,signal_fade,4
ADBE,long,2023-09-15,2023-09-19,532.376,541.4192,5,0.01699,45.22,signal_fade,4
ABBV,long,2023-09-13,2023-09-20,135.7418,139.4723,21,0.02748,78.34,max_hold,7
COP,long,2023-09-14,2023-09-21,113.2864,109.8925,26,-0.02996,-88.24,max_hold,7
HD,long,2023-09-18,2023-09-22,298.7683,283.8799,9,-0.04983,-134.0,signal_fade,4
AMD,long,2023-09-18,2023-09-25,100.8704,96.4518,29,-0.04381,-128.14,max_hold,7
LLY,long,2023-09-19,2023-09-26,561.0466,539.1792,5,-0.03898,-109.34,max_hold,7
AVGO,long,2023-09-19,2023-09-26,81.6426,79.4141,36,-0.02729,-80.22,max_hold,7
MSFT,long,2023-09-21,2023-09-27,312.6971,304.2926,9,-0.02688,-75.64,signal_fade,6
COP,long,2023-09-22,2023-09-29,110.0025,110.7388,26,0.00669,19.14,max_hold,7
WMT,long,2023-09-25,2023-10-02,52.597,51.6772,56,-0.01749,-51.51,max_hold,7
GOOGL,long,2023-09-26,2023-10-03,128.6937,131.5571,22,0.02225,62.99,max_hold,7
JNJ,long,2023-09-26,2023-10-03,147.5479,143.4897,20,-0.0275,-81.16,max_hold,7
AMZN,long,2023-09-27,2023-10-04,125.8229,126.6466,23,0.00655,18.95,max_hold,7
TSLA,long,2023-09-28,2023-10-05,240.14,253.853,12,0.0571,164.56,max_hold,7
MRK,long,2023-09-28,2023-10-05,96.0399,95.1732,30,-0.00902,-26.0,max_hold,7
JPM,long,2023-09-28,2023-10-05,137.6231,135.3093,21,-0.01681,-48.59,max_hold,7
ABBV,long,2023-09-29,2023-10-06,138.5035,134.5625,21,-0.02845,-82.76,max_hold,7
COP,long,2023-10-02,2023-10-09,110.8496,111.669,26,0.00739,21.3,max_hold,7
CVX,long,2023-10-02,2023-10-09,149.8616,148.3155,19,-0.01032,-29.37,max_hold,7
WMT,long,2023-10-03,2023-10-10,51.7289,51.2144,56,-0.00995,-28.81,max_hold,7
HD,long,2023-10-09,2023-10-10,270.9034,279.4331,10,0.03149,85.3,signal_fade,1
GS,long,2023-10-04,2023-10-11,286.6774,295.1276,10,0.02948,84.5,max_hold,7
LLY,long,2023-10-04,2023-10-11,515.8387,593.6668,5,0.15088,389.14,max_hold,7
XOM,long,2023-10-05,2023-10-12,100.1895,98.4759,29,-0.0171,-49.69,max_hold,7
ABBV,long,2023-10-09,2023-10-16,134.6971,135.0477,21,0.0026,7.36,max_hold,7
CVX,long,2023-10-10,2023-10-17,148.4639,149.8274,19,0.00918,25.91,max_hold,7
COST,long,2023-10-10,2023-10-17,539.2243,552.1543,5,0.02398,64.65,max_hold,7
GOOGL,long,2023-10-11,2023-10-18,137.4307,137.214,21,-0.00158,-4.55,max_hold,7
TSLA,long,2023-10-18,2023-10-19,252.8263,216.9015,11,-0.14209,-395.17,stop_loss,1
XOM,long,2023-10-13,2023-10-20,98.5744,100.846,30,0.02304,68.15,max_hold,7
QCOM,long,2023-10-16,2023-10-23,102.9847,103.0798,28,0.00092,2.66,max_hold,7
ABBV,long,2023-10-17,2023-10-24,135.1828,133.9294,22,-0.00927,-27.58,max_hold,7
JPM,long,2023-10-18,2023-10-25,138.9324,132.3268,21,-0.04755,-138.72,max_hold,7
AMD,long,2023-10-24,2023-10-26,101.0205,95.7521,29,-0.05215,-152.78,stop_loss,2
TSLA,long,2023-10-20,2023-10-27,217.1185,209.1754,13,-0.03658,-103.26,max_hold,7
AVGO,long,2023-10-20,2023-10-27,84.8924,81.5312,34,-0.03959,-114.28,max_hold,7
CVX,long,2023-10-24,2023-10-27,143.2293,129.5415,20,-0.09557,-273.76,stop_loss,3
COST,long,2023-10-23,2023-10-30,533.658,531.2197,5,-0.00457,-12.19,max_hold,7
MA,long,2023-10-27,2023-10-31,361.3172,372.9522,8,0.0322,93.08,signal_fade,4
ABBV,long,2023-10-25,2023-11-01,134.0634,129.5296,21,-0.03382,-95.21,max_hold,7
GOOGL,long,2023-10-27,2023-11-03,121.8609,127.8518,23,0.04916,137.79,max_hold,7
LLY,long,2023-10-27,2023-11-03,552.5959,559.976,5,0.01336,36.9,max_hold,7
COP,long,2023-10-27,2023-11-03,108.508,110.7388,26,0.02056,58.0,max_hold,7
JPM,long,2023-10-30,2023-11-06,129.3126,135.8773,22,0.05077,144.42,max_hold,7
ADBE,long,2023-10-30,2023-11-06,516.368,568.5256,5,0.10101,260.79,max_hold,7
JNJ,long,2023-10-30,2023-11-06,134.8806,140.1323,21,0.03894,110.29,max_hold,7
XOM,long,2023-10-30,2023-11-06,96.4849,95.2307,30,-0.013,-37.62,max_hold,7
TSLA,long,2023-10-31,2023-11-07,196.2181,223.0384,14,0.13669,375.49,max_hold,7
MRK,long,2023-11-02,2023-11-09,94.3591,94.3566,31,-3e-05,-0.08,max_hold,7
AMZN,long,2023-11-06,2023-11-10,138.8294,142.009,21,0.0229,66.77,signal_fade,4
COP,long,2023-11-06,2023-11-13,110.8496,107.3725,26,-0.03137,-90.4,max_hold,7
LLY,long,2023-11-06,2023-11-13,560.5362,597.475,5,0.0659,184.69,max_hold,7
WMT,long,2023-11-06,2023-11-13,53.287,54.4214,55,0.02129,62.39,max_hold,7
ABBV,long,2023-11-07,2023-11-14,129.8519,126.7247,22,-0.02408,-68.8,max_hold,7
XOM,long,2023-11-07,2023-11-14,95.326,95.6324,31,0.00321,9.5,max_hold,7
QCOM,long,2023-11-07,2023-11-14,113.1425,120.6402,26,0.06627,194.94,max_hold,7
WMT,long,2023-11-15,2023-11-16,54.5439,50.4669,54,-0.07475,-220.16,stop_loss,1
ADBE,long,2023-11-16,2023-11-16,595.7477,601.769,5,0.01011,30.11,signal_fade,0
ADBE,long,2023-11-20,2023-11-20,605.6127,610.3247,4,0.00778,18.85,signal_fade,0
JPM,long,2023-11-14,2023-11-21,139.0177,145.2508,21,0.04484,130.9,max_hold,7
ABBV,long,2023-11-15,2023-11-22,126.8515,128.3288,23,0.01165,33.98,max_hold,7
UNH,long,2023-11-15,2023-11-22,510.5316,514.6301,5,0.00803,20.49,max_hold,7
GS,long,2023-11-22,2023-11-22,316.8545,318.2851,9,0.00452,12.88,signal_fade,0
MRK,long,2023-11-16,2023-11-24,93.5234,93.5033,32,-0.00021,-0.64,max_hold,8
COP,long,2023-11-17,2023-11-24,104.515,106.4284,28,0.01831,53.58,max_hold,7
TSLA,long,2023-11-17,2023-11-24,232.116,236.7716,12,0.02006,55.87,max_hold,7
XOM,long,2023-11-17,2023-11-24,94.8994,95.7612,31,0.00908,26.72,max_hold,7
COST,long,2023-11-21,2023-11-28,561.5168,573.6783,5,0.02166,60.81,max_hold,7
AMD,long,2023-11-22,2023-11-29,120.06,123.5482,24,0.02905,83.72,max_hold,7
AVGO,long,2023-11-22,2023-11-29,95.4484,91.2149,31,-0.04435,-131.24,max_hold,7
UNH,long,2023-11-24,2023-12-01,515.145,519.5412,5,0.00853,21.98,max_hold,7
LLY,long,2023-11-28,2023-12-05,582.1233,580.3037,5,-0.00313,-9.1,max_hold,7
MRK,long,2023-11-28,2023-12-05,93.0458,97.4853,32,0.04771,142.06,max_hold,7
BAC,long,2023-11-28,2023-12-05,27.6358,29.0065,108,0.0496,148.04,max_hold,7
META,long,2023-11-28,2023-12-05,330.6629,318.968,9,-0.03537,-105.25,max_hold,7
AVGO,long,2023-11-30,2023-12-07,91.3061,89.9392,32,-0.01497,-43.74,max_hold,7
GOOGL,long,2023-11-30,2023-12-07,133.9299,132.954,22,-0.00729,-21.47,max_hold,7
META,long,2023-12-06,2023-12-13,319.2872,330.7783,9,0.03599,103.42,max_hold,7
XOM,long,2023-12-06,2023-12-13,92.0817,91.8516,32,-0.0025,-7.36,max_hold,7
LLY,long,2023-12-06,2023-12-13,580.8843,583.9974,5,0.00536,15.57,max_hold,7
COP,long,2023-12-07,2023-12-14,103.1437,105.8452,29,0.02619,78.34,max_hold,7
GOOGL,long,2023-12-08,2023-12-15,133.087,131.3986,22,-0.01269,-37.15,max_hold,7
JNJ,long,2023-12-08,2023-12-15,144.6439,144.3041,20,-0.00235,-6.8,max_hold,7
CVX,long,2023-12-08,2023-12-15,129.0963,135.5455,23,0.04996,148.33,max_hold,7
CRM,long,2023-12-11,2023-12-18,245.8713,260.8248,12,0.06082,179.44,max_hold,7
MRK,long,2023-12-12,2023-12-19,95.9572,99.0137,31,0.03185,94.75,max_hold,7
TSLA,long,2023-12-14,2023-12-19,241.3406,256.2818,12,0.06191,179.29,signal_fade,5
UNH,long,2023-12-14,2023-12-21,516.3047,492.6478,5,-0.04582,-118.28,max_hold,7
XOM,long,2023-12-14,2023-12-21,91.9435,94.1146,32,0.02361,69.47,max_hold,7
V,long,2023-12-15,2023-12-22,249.889,253.5823,12,0.01478,44.32,max_hold,7
LLY,long,2023-12-18,2023-12-26,566.8524,560.4213,5,-0.01135,-32.16,max_hold,8
ADBE,long,2023-12-18,2023-12-26,591.8158,598.3007,5,0.01096,32.42,max_hold,8
AAPL,long,2023-12-19,2023-12-26,194.0614,190.2403,15,-0.01969,-57.32,max_hold,7
JNJ,long,2023-12-20,2023-12-27,145.6862,145.0385,20,-0.00445,-12.95,max_hold,7
GOOGL,long,2023-12-20,2023-12-27,137.8174,139.4729,22,0.01201,36.42,max_hold,7
UNH,long,2023-12-22,2023-12-29,493.1407,498.8926,6,0.01166,34.51,max_hold,7
ADBE,long,2023-12-27,2023-12-29,598.8993,596.3017,5,-0.00434,-12.99,end_of_period,2
JNJ,long,2023-12-28,2023-12-29,145.1837,145.7265,20,0.00374,10.86,end_of_period,1
CVX,long,2023-12-29,2023-12-29,134.9615,134.0447,22,-0.00679,-20.17,end_of_period,0
AAPL,long,2023-12-29,2023-12-29,191.8256,190.2799,15,-0.00806,-23.19,end_of_period,0
AAPL,long,2024-01-03,2024-01-10,182.2492,184.3599,16,0.01158,33.77,max_hold,7
ADBE,long,2024-01-03,2024-01-10,574.8673,591.704,5,0.02929,84.18,max_hold,7
CRM,long,2024-01-03,2024-01-10,249.3135,263.3106,12,0.05614,167.97,max_hold,7
CVX,long,2024-01-03,2024-01-10,134.3858,130.8096,22,-0.02661,-78.68,max_hold,7
JNJ,long,2024-01-03,2024-01-10,149.502,150.682,20,0.00789,23.6,max_hold,7
V,long,2024-01-04,2024-01-11,253.3844,260.0561,12,0.02633,80.06,max_hold,7
COP,long,2024-01-09,2024-01-16,106.0901,98.9679,28,-0.06713,-199.42,max_hold,7
COST,long,2024-01-09,2024-01-16,650.1468,670.8092,4,0.03178,82.65,max_hold,7
MA,long,2024-01-09,2024-01-16,413.8358,419.7158,7,0.01421,41.16,max_hold,7
XOM,long,2024-01-10,2024-01-17,91.8975,89.23,33,-0.02903,-88.03,max_hold,7
QCOM,long,2024-01-11,2024-01-18,132.0553,139.7628,23,0.05837,177.27,max_hold,7
JNJ,long,2024-01-11,2024-01-18,150.8328,149.8267,20,-0.00667,-20.12,max_hold,7
CVX,long,2024-01-11,2024-01-18,130.9404,127.3677,23,-0.02729,-82.17,max_hold,7
JPM,long,2024-01-11,2024-01-18,162.4277,159.617,18,-0.0173,-50.59,max_hold,7
TSLA,long,2024-01-11,2024-01-18,230.6853,209.885,13,-0.09017,-270.4,stop_loss,7
V,long,2024-01-12,2024-01-19,260.3163,267.0299,11,0.02579,73.85,max_hold,7
COP,long,2024-01-17,2024-01-24,99.0669,101.6336,30,0.02591,77.0,max_hold,7
BAC,long,2024-01-17,2024-01-24,29.9222,31.2965,101,0.04593,138.8,max_hold,7
TSLA,long,2024-01-19,2024-01-25,210.095,185.4073,14,-0.11751,-345.63,stop_loss,6
JNJ,long,2024-01-19,2024-01-26,149.9766,147.837,20,-0.01427,-42.79,max_hold,7
UNH,long,2024-01-19,2024-01-26,488.5117,476.7563,6,-0.02406,-70.53,max_hold,7
CVX,long,2024-01-19,2024-01-26,127.4951,133.9818,23,0.05088,149.2,max_hold,7
AMZN,long,2024-01-22,2024-01-29,156.9684,160.6196,19,0.02326,69.37,max_hold,7
GOOGL,long,2024-01-23,2024-01-29,144.68,151.3812,21,0.04632,140.73,signal_fade,6
JPM,long,2024-01-23,2024-01-30,161.7983,167.8574,18,0.03745,109.06,max_hold,7
HD,long,2024-01-25,2024-02-01,331.2409,332.402,9,0.00351,10.45,max_hold,7
WMT,long,2024-01-25,2024-02-01,52.477,54.617,58,0.04078,124.12,max_hold,7
TSLA,long,2024-01-26,2024-02-02,185.5927,184.1679,16,-0.00768,-22.8,max_hold,7
COST,long,2024-01-26,2024-02-02,671.0659,701.5498,4,0.04543,121.94,max_hold,7
JNJ,long,2024-01-29,2024-02-05,147.9849,144.8805,20,-0.02098,-62.09,max_hold,7
QCOM,long,2024-01-30,2024-02-06,140.6057,137.7697,21,-0.02017,-59.56,max_hold,7
ABBV,long,2024-01-30,2024-02-06,152.12,161.0275,20,0.05856,178.15,max_hold,7
AMD,long,2024-01-31,2024-02-07,165.8229,170.2448,18,0.02667,79.6,max_hold,7
UNH,long,2024-01-31,2024-02-07,478.5612,493.3586,6,0.03092,88.78,max_hold,7
XOM,long,2024-02-02,2024-02-09,95.5347,93.9766,32,-0.01631,-49.86,max_hold,7
GOOGL,long,2024-02-05,2024-02-12,141.6355,143.5744,21,0.01369,40.72,max_hold,7
HD,long,2024-02-05,2024-02-12,332.2462,336.4282,9,0.01259,37.64,max_hold,7
CVX,long,2024-02-06,2024-02-13,137.1834,135.9499,22,-0.00899,-27.14,max_hold,7
JNJ,long,2024-02-06,2024-02-13,145.0254,145.3639,21,0.00233,7.11,max_hold,7
AVGO,long,2024-02-07,2024-02-14,120.2868,124.6412,25,0.0362,108.86,max_hold,7
QCOM,long,2024-02-08,2024-02-15,139.5131,149.453,22,0.07125,218.68,max_hold,7
GS,long,2024-02-08,2024-02-15,365.9705,362.9905,8,-0.00814,-23.84,max_hold,7
V,long,2024-02-09,2024-02-16,270.5105,269.8176,11,-0.00256,-7.62,max_hold,7
ADBE,long,2024-02-13,2024-02-16,596.9984,531.2342,5,-0.11016,-328.82,stop_loss,3
XOM,long,2024-02-12,2024-02-20,94.0706,95.6484,32,0.01677,50.49,max_hold,8
MRK,long,2024-02-12,2024-02-20,115.6346,117.7739,26,0.0185,55.62,max_hold,8
JPM,long,2024-02-13,2024-02-20,167.1862,171.4299,18,0.02538,76.39,max_hold,7
JNJ,long,2024-02-14,2024-02-21,145.5094,148.9314,21,0.02352,71.86,max_hold,7
HD,long,2024-02-15,2024-02-22,337.1688,349.2014,9,0.03569,108.29,max_hold,7
AAPL,long,2024-02-15,2024-02-22,181.818,183.0811,16,0.00695,20.21,max_hold,7
GOOGL,long,2024-02-16,2024-02-23,141.8041,140.8203,21,-0.00694,-20.66,max_hold,7
CVX,long,2024-02-16,2024-02-23,141.2902,140.395,21,-0.00634,-18.8,max_hold,7
LLY,long,2024-02-21,2024-02-23,727.0383,759.002,4,0.04396,127.85,signal_fade,2
ADBE,long,2024-02-20,2024-02-27,531.7658,551.724,5,0.03753,99.79,max_hold,7
MA,long,2024-02-21,2024-02-28,447.6162,471.5243,6,0.05341,143.45,max_hold,7
JNJ,long,2024-02-22,2024-02-29,149.0804,151.6013,20,0.01691,50.42,max_hold,7
GS,long,2024-02-23,2024-03-01,369.7629,370.876,8,0.00301,8.9,max_hold,7
CVX,long,2024-02-26,2024-03-04,140.5354,135.2076,22,-0.03791,-117.21,max_hold,7
NVDA,long,2024-02-26,2024-03-04,79.5984,85.0801,39,0.06887,213.79,max_hold,7
GOOGL,long,2024-02-27,2024-03-05,136.8753,131.884,22,-0.03647,-109.81,max_hold,7
LLY,long,2024-02-27,2024-03-05,743.6067,771.7848,4,0.03789,112.71,max_hold,7
UNH,long,2024-02-29,2024-03-07,472.8604,455.0612,6,-0.03764,-106.8,max_hold,7
JNJ,long,2024-03-01,2024-03-08,151.753,149.4092,20,-0.01544,-46.88,max_hold,7
V,long,2024-03-01,2024-03-08,278.5766,274.6131,11,-0.01423,-43.6,max_hold,7
MSFT,long,2024-03-01,2024-03-08,404.3797,396.5987,7,-0.01924,-54.47,max_hold,7
XOM,long,2024-03-01,2024-03-08,98.2535,100.5042,31,0.02291,69.77,max_hold,7
COP,long,2024-03-05,2024-03-12,103.7768,108.8843,29,0.04922,148.12,max_hold,7
CVX,long,2024-03-05,2024-03-12,135.3429,139.214,22,0.0286,85.16,max_hold,7
AAPL,long,2024-03-05,2024-03-12,169.1487,170.9687,18,0.01076,32.76,max_hold,7
GOOGL,long,2024-03-06,2024-03-13,132.0159,139.8791,23,0.05956,180.85,max_hold,7
MRK,long,2024-03-06,2024-03-13,113.6364,112.8293,27,-0.0071,-21.79,max_hold,7
TSLA,long,2024-03-11,2024-03-14,175.5377,163.0784,17,-0.07098,-211.81,stop_loss,3
MA,long,2024-03-08,2024-03-15,461.2329,472.1556,6,0.02368,65.54,max_hold,7
JNJ,long,2024-03-11,2024-03-18,149.5587,146.7674,20,-0.01866,-55.83,max_hold,7
LLY,long,2024-03-11,2024-03-18,740.9569,746.3469,4,0.00727,21.56,max_hold,7
COST,long,2024-03-11,2024-03-18,711.3135,722.4292,4,0.01563,44.46,max_hold,7
AVGO,long,2024-03-13,2024-03-20,125.0515,129.9023,25,0.03879,121.27,max_hold,7
CVX,long,2024-03-13,2024-03-20,139.3532,140.7675,22,0.01015,31.11,max_hold,7
V,long,2024-03-13,2024-03-20,280.0128,284.951,11,0.01764,54.32,max_hold,7
QCOM,long,2024-03-14,2024-03-21,161.9449,161.7354,19,-0.00129,-3.98,max_hold,7
GS,long,2024-03-14,2024-03-21,376.6132,395.2856,8,0.04958,149.38,max_hold,7
AMD,long,2024-03-15,2024-03-22,184.9224,172.8135,16,-0.06548,-193.74,max_hold,7
JNJ,long,2024-03-19,2024-03-26,146.9143,146.1304,21,-0.00534,-16.46,max_hold,7
MRK,long,2024-03-19,2024-03-26,113.0539,123.571,27,0.09303,283.96,max_hold,7
ABBV,long,2024-03-19,2024-03-26,165.0606,166.3855,18,0.00803,23.85,max_hold,7
SLB,long,2024-03-20,2024-03-27,50.9185,52.0895,61,0.023,71.43,max_hold,7
ADBE,long,2024-03-21,2024-03-28,517.8588,504.7375,6,-0.02534,-78.73,max_hold,7
DVN,long,2024-03-21,2024-03-28,45.593,47.6922,68,0.04604,142.75,max_hold,7
V,long,2024-03-21,2024-03-28,285.2361,275.5073,10,-0.03411,-97.29,max_hold,7
AMD,long,2024-03-25,2024-04-01,172.9864,179.3803,18,0.03696,115.09,max_hold,7
QCOM,long,2024-03-25,2024-04-01,160.3026,162.613,19,0.01441,43.9,max_hold,7
CVX,long,2024-03-26,2024-04-02,142.336,145.4461,21,0.02185,65.31,max_hold,7
ABBV,long,2024-03-27,2024-04-03,166.552,164.3959,18,-0.01295,-38.81,max_hold,7
COST,long,2024-03-28,2024-04-04,725.1877,697.0085,4,-0.03886,-112.72,max_hold,7
META,long,2024-04-01,2024-04-08,483.713,517.9741,6,0.07083,205.57,max_hold,7
HD,long,2024-04-02,2024-04-09,344.4778,332.2091,9,-0.03562,-110.42,max_hold,7
LLY,long,2024-04-02,2024-04-09,743.7742,739.3011,4,-0.00601,-17.89,max_hold,7
UNH,long,2024-04-03,2024-04-10,439.9653,428.4804,7,-0.0261,-80.39,max_hold,7
NVDA,long,2024-04-03,2024-04-10,88.3753,87.2254,35,-0.01301,-40.25,max_hold,7
CVX,long,2024-04-04,2024-04-11,146.2282,147.4356,21,0.00826,25.36,max_hold,7
ABBV,long,2024-04-04,2024-04-11,164.5604,153.6019,19,-0.06659,-208.21,max_hold,7
CRM,long,2024-04-05,2024-04-12,289.0694,278.3523,10,-0.03707,-107.17,max_hold,7
UNH,long,2024-04-12,2024-04-15,419.3383,453.577,7,0.08165,239.67,signal_fade,3
MA,long,2024-04-10,2024-04-17,464.9074,454.8905,6,-0.02155,-60.1,max_hold,7
JNJ,long,2024-04-10,2024-04-17,142.0943,135.8163,22,-0.04418,-138.12,max_hold,7
HD,long,2024-04-11,2024-04-18,331.7571,316.008,9,-0.04747,-141.74,max_hold,7
CVX,long,2024-04-12,2024-04-19,147.5831,145.3098,21,-0.0154,-47.74,max_hold,7
GS,long,2024-04-12,2024-04-19,375.095,388.1697,8,0.03486,104.6,max_hold,7
MRK,long,2024-04-12,2024-04-19,118.2672,117.8421,26,-0.00359,-11.05,max_hold,7
NVDA,long,2024-04-15,2024-04-19,88.9885,77.9301,35,-0.12427,-387.05,stop_loss,4
JPM,long,2024-04-15,2024-04-22,176.9666,183.1426,17,0.0349,104.99,max_hold,7
CRM,long,2024-04-15,2024-04-22,278.6308,270.4919,11,-0.02921,-89.53,max_hold,7
WMT,long,2024-04-17,2024-04-24,58.8707,58.7141,52,-0.00266,-8.14,max_hold,7
AVGO,long,2024-04-18,2024-04-25,126.0853,128.1107,24,0.01606,48.61,max_hold,7
UNH,short,2024-04-18,2024-04-25,462.4817,468.5345,6,-0.01309,-36.32,max_hold,7
META,long,2024-04-23,2024-04-25,487.734,437.8623,6,-0.10225,-299.23,stop_loss,2
NVDA,long,2024-04-22,2024-04-29,78.0081,87.0457,39,0.11586,352.47,max_hold,7
XOM,long,2024-04-23,2024-04-30,111.5249,109.8165,27,-0.01532,-46.13,max_hold,7
AMZN,long,2024-04-26,2024-05-03,177.8889,186.1869,17,0.04665,141.07,max_hold,7
META,long,2024-04-26,2024-05-03,438.3004,451.8672,7,0.03095,94.97,max_hold,7
LLY,long,2024-04-26,2024-05-03,712.6568,726.2722,4,0.01911,54.46,max_hold,7
COP,long,2024-04-29,2024-05-06,121.0777,115.2794,25,-0.04789,-144.96,max_hold,7
CVX,long,2024-04-29,2024-05-06,150.8751,147.4538,20,-0.02268,-68.43,max_hold,7
MRK,long,2024-04-29,2024-05-06,122.624,118.2048,25,-0.03604,-110.48,max_hold,7
NVDA,long,2024-04-30,2024-05-07,87.1328,89.2838,35,0.02469,75.28,max_hold,7
XOM,long,2024-05-01,2024-05-08,109.9264,107.8854,28,-0.01857,-57.15,max_hold,7
MRK,long,2024-05-07,2024-05-14,118.3231,119.8602,26,0.01299,39.97,max_hold,7
COP,long,2024-05-07,2024-05-14,115.3947,113.2076,27,-0.01895,-59.05,max_hold,7
CVX,long,2024-05-07,2024-05-14,147.6013,148.1988,21,0.00405,12.55,max_hold,7
NVDA,long,2024-05-09,2024-05-16,90.4178,94.1589,34,0.04138,127.2,max_hold,7
XOM,long,2024-05-09,2024-05-16,107.9933,110.7272,28,0.02532,76.55,max_hold,7
JNJ,long,2024-05-10,2024-05-17,140.6596,144.5824,22,0.02789,86.3,max_hold,7
MRK,long,2024-05-15,2024-05-22,119.9801,121.7388,25,0.01466,43.97,max_hold,7
CVX,long,2024-05-15,2024-05-22,148.347,144.9143,21,-0.02314,-72.09,max_hold,7
GOOGL,long,2024-05-15,2024-05-22,169.2149,175.4259,18,0.03671,111.8,max_hold,7
AMZN,long,2024-05-16,2024-05-23,185.6928,181.5592,16,-0.02226,-66.14,max_hold,7
COP,long,2024-05-16,2024-05-23,113.0204,111.0686,27,-0.01727,-52.7,max_hold,7
V,long,2024-05-17,2024-05-24,275.9879,269.9822,11,-0.02176,-66.06,max_hold,7
JNJ,long,2024-05-20,2024-05-28,144.7271,135.8187,21,-0.06155,-187.08,max_hold,8
JPM,long,2024-05-21,2024-05-28,188.9562,189.7255,16,0.00407,12.31,max_hold,7
XOM,long,2024-05-22,2024-05-29,110.051,106.0192,28,-0.03664,-112.89,max_hold,7
GS,long,2024-05-23,2024-05-30,443.2603,431.6109,7,-0.02628,-81.55,max_hold,7
CVX,long,2024-05-23,2024-05-30,145.0593,145.5658,21,0.00349,10.64,max_hold,7
AVGO,long,2024-05-23,2024-05-30,139.8322,133.1334,22,-0.04791,-147.37,max_hold,7
MRK,long,2024-05-23,2024-05-30,121.8606,116.3727,25,-0.04503,-137.2,max_hold,7
CRM,long,2024-05-29,2024-05-30,263.9183,215.5573,11,-0.18324,-531.97,stop_loss,1
HD,long,2024-05-24,2024-05-31,308.4611,317.1971,10,0.02832,87.36,max_hold,7
AMZN,long,2024-05-24,2024-05-31,181.7408,177.6111,17,-0.02272,-70.2,max_hold,7
COP,long,2024-05-28,2024-06-04,110.6539,105.1301,28,-0.04992,-154.67,max_hold,7
ABBV,long,2024-05-29,2024-06-05,144.8173,154.5734,21,0.06737,204.88,max_hold,7
UNH,long,2024-05-30,2024-06-06,459.3162,477.6178,6,0.03985,109.81,max_hold,7
CRM,long,2024-05-31,2024-06-07,215.773,237.8695,14,0.10241,309.35,max_hold,7
MRK,long,2024-05-31,2024-06-07,116.4891,121.4878,26,0.04291,129.97,max_hold,7
AVGO,long,2024-05-31,2024-06-07,133.2666,137.8706,22,0.03455,101.29,max_hold,7
MSFT,long,2024-06-03,2024-06-10,409.3052,418.6873,7,0.02292,65.67,max_hold,7
CVX,long,2024-06-04,2024-06-11,143.0385,144.5197,21,0.01036,31.11,max_hold,7
XOM,long,2024-06-04,2024-06-11,105.8723,106.0473,29,0.00165,5.07,max_hold,7
COP,long,2024-06-05,2024-06-12,105.2353,105.0738,29,-0.00153,-4.68,max_hold,7
JPM,long,2024-06-06,2024-06-13,189.2056,183.4493,16,-0.03042,-92.1,max_hold,7
JNJ,long,2024-06-06,2024-06-13,137.5427,137.0653,22,-0.00347,-10.5,max_hold,7
UNH,long,2024-06-10,2024-06-17,467.5821,468.8194,6,0.00265,7.42,max_hold,7
TSLA,long,2024-06-11,2024-06-18,174.007,184.5877,17,0.06081,179.87,max_hold,7
BAC,long,2024-06-12,2024-06-20,38.0387,38.0484,81,0.00026,0.79,max_hold,8
GS,long,2024-06-12,2024-06-20,437.6527,440.1709,7,0.00575,17.63,max_hold,8
XOM,long,2024-06-12,2024-06-20,106.1534,104.7369,29,-0.01334,-41.08,max_hold,8
QCOM,long,2024-06-12,2024-06-20,203.7401,202.8277,15,-0.00448,-13.69,max_hold,8
CRM,long,2024-06-13,2024-06-20,231.933,236.6693,13,0.02042,61.57,max_hold,7
CVX,long,2024-06-13,2024-06-20,141.2472,143.8865,21,0.01869,55.43,max_hold,7
V,long,2024-06-14,2024-06-21,266.1822,271.0553,11,0.01831,53.6,max_hold,7
NVDA,long,2024-06-21,2024-06-24,126.9743,120.9401,24,-0.04752,-144.82,stop_loss,3
MRK,long,2024-06-18,2024-06-25,120.1266,124.7874,25,0.0388,116.52,max_hold,7
UNH,long,2024-06-18,2024-06-25,469.2884,462.8864,6,-0.01364,-38.41,max_hold,7
AMD,long,2024-06-20,2024-06-27,155.8979,160.1499,19,0.02727,80.79,max_hold,7
AVGO,long,2024-06-21,2024-06-28,165.992,157.7724,18,-0.04952,-147.95,max_hold,7
GS,long,2024-06-24,2024-07-01,433.474,442.8868,7,0.02171,65.89,max_hold,7
NVDA,long,2024-06-25,2024-07-02,121.0611,121.3991,25,0.00279,8.45,max_hold,7
BAC,long,2024-06-26,2024-07-03,37.4366,39.0796,83,0.04389,136.37,max_hold,7
JNJ,long,2024-06-26,2024-07-03,138.2044,137.6602,22,-0.00394,-11.97,max_hold,7
MA,long,2024-06-27,2024-07-05,443.5492,443.8072,7,0.00058,1.81,max_hold,8
QCOM,long,2024-06-28,2024-07-05,187.9203,198.4984,16,0.05629,169.25,max_hold,7
MRK,long,2024-06-28,2024-07-05,121.316,118.6313,25,-0.02213,-67.12,max_hold,7
HD,long,2024-06-28,2024-07-05,324.8421,319.3171,9,-0.01701,-49.72,max_hold,7
AVGO,long,2024-07-01,2024-07-08,157.9302,172.3273,19,0.09116,273.54,max_hold,7
V,long,2024-07-02,2024-07-09,259.4217,255.1062,12,-0.01663,-51.79,max_hold,7
CVX,long,2024-07-02,2024-07-09,144.8388,139.9407,21,-0.03382,-102.86,max_hold,7
NVDA,long,2024-07-03,2024-07-10,121.5206,135.4589,25,0.1147,348.46,max_hold,7
LLY,long,2024-07-05,2024-07-12,886.4979,942.5577,3,0.06324,168.18,max_hold,7
COST,long,2024-07-05,2024-07-12,855.726,837.3691,3,-0.02145,-55.07,max_hold,7
JNJ,long,2024-07-08,2024-07-15,138.3935,141.3621,22,0.02145,65.31,max_hold,7
HD,long,2024-07-08,2024-07-15,319.6366,342.3047,9,0.07092,204.01,max_hold,7
MRK,long,2024-07-08,2024-07-15,118.75,119.6323,26,0.00743,22.94,max_hold,7
XOM,long,2024-07-09,2024-07-16,104.1015,109.2671,30,0.04962,154.97,max_hold,7
CVX,long,2024-07-10,2024-07-17,140.0807,147.9517,22,0.05619,173.16,max_hold,7
MSFT,long,2024-07-10,2024-07-17,454.3108,437.2462,6,-0.03756,-102.39,max_hold,7
META,long,2024-07-15,2024-07-17,495.5528,471.5967,6,-0.04834,-143.74,stop_loss,2
V,long,2024-07-11,2024-07-18,258.3278,266.1328,12,0.03021,93.66,max_hold,7
MA,long,2024-07-11,2024-07-18,427.7974,446.3838,7,0.04345,130.1,max_hold,7
COST,long,2024-07-15,2024-07-18,838.2069,827.1351,3,-0.01321,-33.22,signal_fade,3
AMZN,long,2024-07-16,2024-07-23,195.6878,183.1084,16,-0.06428,-201.27,max_hold,7
JNJ,long,2024-07-16,2024-07-23,141.5036,144.2613,22,0.01949,60.67,max_hold,7
MRK,long,2024-07-17,2024-07-24,117.5044,117.9109,27,0.00346,10.97,max_hold,7
META,long,2024-07-18,2024-07-25,472.0686,460.8741,6,-0.02371,-67.17,max_hold,7
NVDA,long,2024-07-18,2024-07-25,121.7103,115.9408,26,-0.0474,-150.01,stop_loss,7
LLY,long,2024-07-18,2024-07-25,894.9837,800.2868,3,-0.10581,-284.09,stop_loss,7
QCOM,long,2024-07-24,2024-07-25,181.5348,171.4592,17,-0.0555,-171.29,stop_loss,1
LLY,long,2024-07-26,2024-07-29,801.0875,803.5496,3,0.00307,7.39,signal_fade,3
CVX,long,2024-07-23,2024-07-30,143.6172,148.3738,22,0.03312,104.65,max_hold,7
JNJ,long,2024-07-24,2024-07-30,144.4057,150.9569,21,0.04537,137.58,signal_fade,6
V,long,2024-07-25,2024-07-30,251.6856,260.4423,12,0.03479,105.08,signal_fade,5
MRK,long,2024-07-29,2024-07-30,117.7947,108.527,26,-0.07868,-240.96,stop_loss,1
QCOM,long,2024-07-26,2024-08-01,171.6307,153.7491,18,-0.10419,-321.87,stop_loss,6
MSFT,long,2024-07-26,2024-08-02,411.9353,382.957,7,-0.07035,-202.85,max_hold,7
AMD,long,2024-07-26,2024-08-02,140.3902,122.0989,22,-0.13029,-402.41,max_hold,7
CVX,long,2024-08-01,2024-08-05,145.785,132.5904,21,-0.09051,-277.09,stop_loss,4
MRK,long,2024-07-31,2024-08-07,108.6356,105.6455,28,-0.02752,-83.72,max_hold,7
WMT,long,2024-08-01,2024-08-08,67.6778,66.5702,46,-0.01637,-50.95,max_hold,7
XOM,long,2024-08-01,2024-08-08,110.8849,110.3435,28,-0.00488,-15.16,max_hold,7
CRM,long,2024-08-05,2024-08-08,229.1379,245.0483,13,0.06944,206.84,signal_fade,3
NVDA,long,2024-08-02,2024-08-09,103.6411,106.092,29,0.02365,71.08,max_hold,7
COP,long,2024-08-02,2024-08-09,101.1596,102.4793,30,0.01305,39.59,max_hold,7
TSLA,long,2024-08-05,2024-08-12,185.3126,198.3708,16,0.07047,208.93,max_hold,7
JPM,long,2024-08-05,2024-08-12,187.158,200.1519,16,0.06943,207.9,max_hold,7
GS,long,2024-08-05,2024-08-12,429.9582,470.5054,7,0.09431,283.83,max_hold,7
HD,long,2024-08-06,2024-08-13,331.8842,332.313,9,0.00129,3.86,max_hold,7
NVDA,long,2024-08-12,2024-08-19,106.1981,128.1246,29,0.20647,635.87,max_hold,7
UNH,long,2024-08-12,2024-08-19,537.7724,553.9828,5,0.03014,81.05,max_hold,7
JNJ,long,2024-08-13,2024-08-20,151.505,151.4763,20,-0.00019,-0.57,max_hold,7
GS,long,2024-08-13,2024-08-20,470.9761,479.3438,6,0.01777,50.21,max_hold,7
XOM,long,2024-08-13,2024-08-20,110.8193,108.5145,28,-0.0208,-64.53,max_hold,7
TSLA,long,2024-08-13,2024-08-20,198.5692,222.5587,15,0.12081,359.84,max_hold,7
HD,long,2024-08-14,2024-08-21,332.6454,353.1806,9,0.06173,184.82,max_hold,7
XOM,long,2024-08-21,2024-08-28,108.6231,110.5808,29,0.01802,56.77,max_hold,7
JNJ,long,2024-08-21,2024-08-28,151.6278,156.651,21,0.03313,105.49,max_hold,7
UNH,long,2024-08-22,2024-08-29,553.9633,563.68,5,0.01754,48.58,max_hold,7
AMD,long,2024-08-30,2024-09-03,147.5938,140.4397,21,-0.04847,-150.23,stop_loss,4
JNJ,long,2024-08-30,2024-09-06,156.322,156.8508,20,0.00338,10.58,max_hold,7
LLY,long,2024-09-06,2024-09-09,906.8366,902.3272,3,-0.00497,-13.53,signal_fade,3
CRM,long,2024-09-03,2024-09-10,249.1598,241.2155,12,-0.03188,-95.33,max_hold,7
COP,long,2024-09-03,2024-09-10,105.8451,98.0853,30,-0.07331,-232.8,stop_loss,7
META,long,2024-09-03,2024-09-10,516.4331,503.3774,6,-0.02528,-78.33,max_hold,7
CVX,long,2024-09-03,2024-09-10,135.193,128.247,23,-0.05138,-159.76,max_hold,7
GS,long,2024-09-04,2024-09-11,470.2934,454.9574,6,-0.03261,-92.02,max_hold,7
NVDA,long,2024-09-04,2024-09-11,105.2892,116.5994,30,0.10742,339.31,max_hold,7
XOM,long,2024-09-04,2024-09-11,108.8875,103.6931,29,-0.0477,-150.64,max_hold,7
ABBV,long,2024-09-06,2024-09-13,182.5501,184.5828,17,0.01113,34.56,max_hold,7
JPM,long,2024-09-11,2024-09-18,197.9602,202.1271,15,0.02105,62.5,max_hold,7
COP,long,2024-09-11,2024-09-18,98.1834,104.4164,32,0.06348,199.46,max_hold,7
AAPL,long,2024-09-11,2024-09-18,219.9221,223.2043,14,0.01492,45.95,max_hold,7
GOOGL,long,2024-09-11,2024-09-18,149.0447,162.5916,21,0.09089,284.48,max_hold,7
CVX,long,2024-09-11,2024-09-18,128.3753,135.2992,24,0.05393,166.17,max_hold,7
GS,long,2024-09-12,2024-09-19,455.4126,482.8456,6,0.06024,164.6,max_hold,7
UNH,long,2024-09-12,2024-09-19,562.8381,548.1332,5,-0.02613,-73.52,max_hold,7
XOM,long,2024-09-12,2024-09-19,103.7968,108.9391,30,0.04954,154.27,max_hold,7
ADBE,long,2024-09-16,2024-09-19,537.6687,526.1768,5,-0.02137,-57.46,signal_fade,3
JNJ,long,2024-09-13,2024-09-20,156.9125,156.4322,20,-0.00306,-9.61,max_hold,7
JPM,long,2024-09-19,2024-09-26,202.3293,202.9653,15,0.00314,9.54,max_hold,7
LLY,long,2024-09-20,2024-09-27,911.0162,853.3765,3,-0.06327,-172.92,max_hold,7
UNH,long,2024-09-20,2024-09-27,548.6816,559.4467,5,0.01962,53.83,max_hold,7
MA,long,2024-09-20,2024-09-27,484.8865,486.5091,6,0.00335,9.74,max_hold,7
JNJ,long,2024-09-23,2024-09-30,156.5887,154.5576,20,-0.01297,-40.62,max_hold,7
V,long,2024-09-25,2024-10-02,270.7547,272.9306,11,0.00804,23.93,max_hold,7
COP,long,2024-09-26,2024-10-03,97.4267,107.3174,32,0.10152,316.5,max_hold,7
CVX,long,2024-09-27,2024-10-04,132.8059,140.579,24,0.05853,186.55,max_hold,7
LLY,long,2024-09-30,2024-10-07,854.2303,891.3604,3,0.04347,111.39,max_hold,7
AMZN,long,2024-09-30,2024-10-07,187.2336,181.829,17,-0.02887,-91.88,max_hold,7
JNJ,long,2024-10-01,2024-10-08,154.7123,152.1693,20,-0.01644,-50.86,max_hold,7
NVDA,long,2024-10-02,2024-10-09,116.3165,131.6383,27,0.13173,413.69,max_hold,7
MSFT,long,2024-10-03,2024-10-10,412.1152,410.2345,7,-0.00456,-13.17,max_hold,7
V,long,2024-10-03,2024-10-10,273.2036,272.3091,11,-0.00327,-9.84,max_hold,7
COST,long,2024-10-03,2024-10-10,866.7374,885.7344,3,0.02192,56.99,max_hold,7
MRK,long,2024-10-03,2024-10-10,105.4216,102.7544,30,-0.0253,-80.02,max_hold,7
TSLA,long,2024-10-10,2024-10-11,241.9309,220.0199,13,-0.09057,-284.84,stop_loss,1
MA,long,2024-10-07,2024-10-14,492.4918,500.8658,6,0.017,50.24,max_hold,7
GS,long,2024-10-07,2024-10-14,477.9561,520.1168,6,0.08821,252.96,max_hold,7
AAPL,long,2024-10-08,2024-10-15,222.7424,229.7618,14,0.03151,98.27,max_hold,7
WMT,long,2024-10-08,2024-10-15,78.4192,80.2201,41,0.02297,73.84,max_hold,7
UNH,long,2024-10-09,2024-10-16,558.7205,537.4716,5,-0.03803,-106.24,max_hold,7
ABBV,long,2024-10-11,2024-10-18,183.9937,179.3013,17,-0.0255,-79.77,max_hold,7
JNJ,long,2024-10-11,2024-10-18,154.4741,157.0982,21,0.01699,55.11,max_hold,7
V,long,2024-10-11,2024-10-18,272.5816,285.6859,11,0.04807,144.15,max_hold,7
TSLA,long,2024-10-14,2024-10-21,220.2401,217.2013,14,-0.0138,-42.54,max_hold,7
ADBE,long,2024-10-14,2024-10-21,502.0509,496.1818,6,-0.01169,-35.21,max_hold,7
COP,long,2024-10-15,2024-10-22,100.2644,98.8318,32,-0.01429,-45.84,max_hold,7
CVX,long,2024-10-15,2024-10-22,138.2118,139.5212,23,0.00947,30.12,max_hold,7
AMD,long,2024-10-16,2024-10-23,158.149,154.6626,20,-0.02205,-69.73,max_hold,7
COST,long,2024-10-17,2024-10-24,883.7065,886.8732,3,0.00358,9.5,max_hold,7
WMT,long,2024-10-17,2024-10-24,80.0443,81.8633,40,0.02272,72.76,max_hold,7
ABBV,long,2024-10-22,2024-10-24,177.2076,180.2229,18,0.01702,54.28,signal_fade,2
XOM,long,2024-10-21,2024-10-28,114.2615,111.8829,28,-0.02082,-66.6,max_hold,7
UNH,long,2024-10-22,2024-10-29,544.9866,538.114,5,-0.01261,-34.36,max_hold,7
GOOGL,long,2024-10-22,2024-10-29,162.0285,179.4456,20,0.10749,348.34,max_hold,7
JNJ,long,2024-10-22,2024-10-29,154.6075,151.722,21,-0.01866,-60.59,max_hold,7
HD,long,2024-10-23,2024-10-30,383.5038,373.4985,8,-0.02609,-80.04,max_hold,7
TSLA,long,2024-10-24,2024-10-31,244.8023,251.914,13,0.02905,92.45,max_hold,7
LLY,long,2024-10-25,2024-10-31,889.0211,817.3271,3,-0.08064,-215.08,stop_loss,6
AVGO,long,2024-10-25,2024-11-01,171.6226,166.6183,19,-0.02916,-95.08,max_hold,7
CVX,long,2024-10-25,2024-11-01,140.6175,143.2885,23,0.019,61.43,max_hold,7
COST,long,2024-10-30,2024-11-06,878.5722,890.9963,3,0.01414,37.27,max_hold,7
XOM,long,2024-10-30,2024-11-06,111.1259,114.4493,29,0.02991,96.38,max_hold,7
JNJ,long,2024-10-30,2024-11-06,151.8738,150.7896,21,-0.00714,-22.77,max_hold,7
NVDA,long,2024-10-30,2024-11-06,139.392,146.0885,23,0.04804,154.02,max_hold,7
HD,long,2024-10-31,2024-11-07,373.8722,386.4108,8,0.03354,100.31,max_hold,7
AAPL,long,2024-11-04,2024-11-11,219.4554,223.0129,14,0.01621,49.8,max_hold,7
LLY,long,2024-11-04,2024-11-11,795.4187,819.4988,4,0.03027,96.32,max_hold,7
AMD,long,2024-11-04,2024-11-11,141.7708,146.9265,22,0.03637,113.42,max_hold,7
CVX,long,2024-11-04,2024-11-11,143.4319,145.9609,22,0.01763,55.64,max_hold,7
META,long,2024-11-07,2024-11-14,573.8767,567.6683,5,-0.01082,-31.04,max_hold,7
JPM,long,2024-11-08,2024-11-15,232.254,240.1844,14,0.03415,111.03,max_hold,7
GS,long,2024-11-08,2024-11-15,566.6518,574.0881,5,0.01312,37.18,max_hold,7
MA,long,2024-11-08,2024-11-15,515.9631,513.7139,6,-0.00436,-13.5,max_hold,7
WMT,long,2024-11-08,2024-11-15,83.0089,83.4573,39,0.0054,17.49,max_hold,7
JNJ,long,2024-11-08,2024-11-15,149.5403,145.1945,22,-0.02906,-95.61,max_hold,7
ABBV,long,2024-11-12,2024-11-19,167.4018,158.5882,19,-0.05265,-167.46,max_hold,7
CVX,long,2024-11-12,2024-11-19,146.1069,149.8964,22,0.02594,83.37,max_hold,7
AAPL,long,2024-11-12,2024-11-19,223.236,226.4988,14,0.01462,45.68,max_hold,7
XOM,long,2024-11-12,2024-11-19,114.4032,113.3635,28,-0.00909,-29.11,max_hold,7
LLY,long,2024-11-19,2024-11-20,708.9564,737.7223,4,0.04058,115.06,signal_fade,1
AVGO,long,2024-11-15,2024-11-22,165.9869,162.7993,19,-0.0192,-60.57,max_hold,7
META,long,2024-11-18,2024-11-25,554.1304,562.4807,5,0.01507,41.75,max_hold,7
MRK,long,2024-11-18,2024-11-25,91.0348,95.5777,36,0.0499,163.54,max_hold,7
NVDA,long,2024-11-21,2024-11-25,149.1916,137.4164,22,-0.07893,-259.05,stop_loss,4
UNH,long,2024-11-20,2024-11-27,559.2484,583.7038,5,0.04373,122.28,max_hold,7
XOM,long,2024-11-22,2024-11-29,116.0003,112.2981,28,-0.03192,-103.66,max_hold,7
GOOGL,long,2024-11-25,2024-12-02,165.1204,170.3184,19,0.03148,98.76,max_hold,7
COP,long,2024-11-26,2024-12-03,101.5556,100.807,32,-0.00737,-23.95,max_hold,7
NVDA,long,2024-11-26,2024-12-03,137.5539,141.7076,23,0.0302,95.53,max_hold,7
CRM,long,2024-11-26,2024-12-03,337.8254,361.9916,9,0.07153,217.5,max_hold,7
CRM,long,2024-12-04,2024-12-06,362.3538,356.9487,9,-0.01492,-48.65,signal_fade,2
TSLA,long,2024-12-04,2024-12-06,353.1765,397.4112,9,0.12525,398.11,signal_fade,2
JPM,long,2024-12-02,2024-12-09,242.1618,236.4328,13,-0.02366,-74.48,max_hold,7
UNH,long,2024-12-09,2024-12-09,531.8068,540.8998,6,0.0171,54.56,signal_fade,0
GS,long,2024-12-03,2024-12-10,591.3472,572.4793,5,-0.03191,-94.34,max_hold,7
XOM,long,2024-12-03,2024-12-10,113.0484,106.5428,29,-0.05755,-188.66,max_hold,7
NVDA,long,2024-12-04,2024-12-11,141.8493,136.8071,23,-0.03555,-115.97,max_hold,7
MRK,long,2024-12-05,2024-12-12,95.6827,95.248,34,-0.00454,-14.78,max_hold,7
V,long,2024-12-05,2024-12-12,306.6783,312.1537,10,0.01785,54.75,max_hold,7
JNJ,long,2024-12-05,2024-12-12,144.0193,139.7125,22,-0.0299,-94.75,max_hold,7
COP,long,2024-12-05,2024-12-12,100.0887,96.154,33,-0.03931,-129.85,max_hold,7
UNH,long,2024-12-12,2024-12-17,512.0856,470.0919,6,-0.08201,-251.96,stop_loss,5
XOM,long,2024-12-11,2024-12-18,106.6494,102.1575,30,-0.04212,-134.76,max_hold,7
AMD,long,2024-12-11,2024-12-18,128.5843,122.0989,25,-0.05044,-162.13,max_hold,7
NVDA,long,2024-12-13,2024-12-18,138.8022,131.4977,23,-0.05262,-168.0,stop_loss,5
ADBE,long,2024-12-16,2024-12-23,467.4236,446.2768,7,-0.04524,-148.03,max_hold,7
META,long,2024-12-23,2024-12-23,586.9934,599.4556,5,0.02123,62.31,signal_fade,0
MRK,long,2024-12-17,2024-12-24,94.9376,94.0737,34,-0.0091,-29.37,max_hold,7
HD,long,2024-12-17,2024-12-24,394.609,377.4076,8,-0.04359,-137.61,max_hold,7
CVX,long,2024-12-17,2024-12-24,138.871,134.6733,23,-0.03023,-96.55,max_hold,7
COP,long,2024-12-17,2024-12-24,94.0785,92.4239,34,-0.01759,-56.26,max_hold,7
JPM,long,2024-12-17,2024-12-24,231.5845,234.048,14,0.01064,34.49,max_hold,7
UNH,long,2024-12-18,2024-12-26,470.5622,490.2939,6,0.04193,118.39,max_hold,8
GS,long,2024-12-19,2024-12-26,545.2016,559.7515,5,0.02669,72.75,max_hold,7
CRM,long,2024-12-19,2024-12-26,337.9339,336.2624,9,-0.00495,-15.04,max_hold,7
WMT,long,2024-12-24,2024-12-30,89.2043,89.3123,36,0.00121,3.89,end_of_period,6
MA,long,2024-12-24,2024-12-30,524.818,520.6084,6,-0.00802,-25.26,end_of_period,6
HD,long,2024-12-26,2024-12-30,377.7852,374.4366,8,-0.00886,-26.79,end_of_period,4
CRM,long,2024-12-27,2024-12-30,336.5988,331.7077,9,-0.01453,-44.02,end_of_period,3
ADBE,long,2024-12-27,2024-12-30,447.1034,445.5771,7,-0.00341,-10.68,end_of_period,3
CRM,long,2025-01-03,2025-01-10,328.4397,310.8216,9,-0.05364,-158.56,max_hold,7
ADBE,long,2025-01-03,2025-01-10,429.6647,404.0679,7,-0.05957,-179.18,max_hold,7
TSLA,long,2025-01-03,2025-01-10,381.6708,383.0184,8,0.00353,10.78,max_hold,7
AVGO,long,2025-01-13,2025-01-21,217.3283,243.5209,14,0.12052,366.7,max_hold,8
TSLA,long,2025-01-13,2025-01-21,383.4016,416.6016,8,0.08659,265.6,max_hold,8
AAPL,long,2025-01-14,2025-01-21,233.3763,218.2855,13,-0.06466,-196.18,max_hold,7
NVDA,long,2025-01-24,2025-01-27,148.2228,121.5675,21,-0.17983,-559.76,stop_loss,3
COP,long,2025-01-22,2025-01-29,99.3267,97.0579,32,-0.02284,-72.6,max_hold,7
AAPL,long,2025-01-22,2025-01-29,218.5038,237.0362,14,0.08481,259.45,max_hold,7
MRK,long,2025-01-22,2025-01-29,91.1933,94.3775,35,0.03492,111.45,max_hold,7
TSLA,long,2025-01-22,2025-01-29,417.0184,410.5746,7,-0.01545,-45.11,max_hold,7
XOM,long,2025-01-22,2025-01-29,105.8876,103.9173,30,-0.01861,-59.11,max_hold,7
DVN,long,2025-01-22,2025-01-29,35.2958,33.9639,92,-0.03774,-122.54,max_hold,7
JNJ,long,2025-01-23,2025-01-30,139.6411,146.3883,23,0.04832,155.19,max_hold,7
BAC,long,2025-01-23,2025-01-30,44.5455,45.1291,72,0.0131,42.02,max_hold,7
WMT,long,2025-01-23,2025-01-30,91.7609,97.6253,35,0.06391,205.25,max_hold,7
AVGO,long,2025-01-28,2025-02-04,205.4933,230.8786,15,0.12353,380.78,max_hold,7
TSLA,long,2025-01-30,2025-02-05,410.9854,372.8435,7,-0.09281,-266.99,stop_loss,6
NVDA,long,2025-02-03,2025-02-10,114.6362,132.3161,28,0.15423,495.04,max_hold,7
SLB,long,2025-02-03,2025-02-10,38.488,39.8267,84,0.03478,112.45,max_hold,7
COP,long,2025-02-04,2025-02-11,93.0593,96.1064,34,0.03274,103.6,max_hold,7
TSLA,long,2025-02-06,2025-02-11,373.2165,329.775,8,-0.1164,-347.53,stop_loss,5
MRK,long,2025-02-06,2025-02-13,84.9687,80.1464,38,-0.05675,-183.25,max_hold,7
AMD,long,2025-02-06,2025-02-13,110.9855,112.5937,29,0.01449,46.64,max_hold,7
CVX,long,2025-02-07,2025-02-14,143.0746,147.2276,22,0.02903,91.37,max_hold,7
JNJ,long,2025-02-07,2025-02-14,147.4085,149.0297,22,0.011,35.67,max_hold,7
GS,long,2025-02-11,2025-02-18,628.0733,649.079,5,0.03344,105.03,max_hold,7
CRM,long,2025-02-11,2025-02-18,320.4488,325.7798,10,0.01664,53.31,max_hold,7
TSLA,long,2025-02-12,2025-02-19,330.105,361.3293,9,0.09459,281.02,max_hold,7
COP,long,2025-02-13,2025-02-20,93.1736,96.9342,35,0.04036,131.62,max_hold,7
HD,long,2025-02-13,2025-02-20,393.3674,381.1382,8,-0.03109,-97.83,max_hold,7
AMZN,long,2025-02-14,2025-02-21,229.3146,217.3413,14,-0.05221,-167.63,max_hold,7
UNH,long,2025-02-19,2025-02-21,482.9904,449.1585,6,-0.07005,-202.99,stop_loss,2
MRK,long,2025-02-18,2025-02-25,77.1,86.6781,42,0.12423,402.28,max_hold,7
TSLA,long,2025-02-21,2025-02-25,353.6167,303.5581,9,-0.14156,-450.53,stop_loss,4
META,long,2025-02-20,2025-02-27,694.1974,654.476,4,-0.05722,-158.89,max_hold,7
TSLA,long,2025-02-26,2025-02-27,303.8618,279.3603,10,-0.08063,-245.02,stop_loss,1
WMT,long,2025-02-21,2025-02-28,95.2848,96.6194,34,0.01401,45.38,max_hold,7
UNH,long,2025-02-24,2025-03-03,449.6079,452.1133,7,0.00557,17.54,max_hold,7
HD,long,2025-02-24,2025-03-03,371.5966,371.2829,8,-0.00084,-2.51,max_hold,7
JPM,long,2025-02-24,2025-03-03,258.9604,248.7526,12,-0.03942,-122.49,max_hold,7
AVGO,long,2025-02-26,2025-03-03,204.4066,186.7438,15,-0.08641,-264.94,stop_loss,5
LLY,short,2025-02-27,2025-03-06,906.9739,897.6398,3,0.01029,28.0,max_hold,7
CRM,long,2025-02-28,2025-03-07,292.698,273.6436,11,-0.0651,-209.6,max_hold,7
TSLA,long,2025-02-28,2025-03-07,279.6397,252.4137,11,-0.09736,-299.49,max_hold,7
WMT,long,2025-03-05,2025-03-10,93.7449,86.0779,34,-0.08179,-260.68,stop_loss,5
TSLA,long,2025-03-10,2025-03-10,252.6663,225.1973,12,-0.10872,-329.63,stop_loss,0
AVGO,long,2025-03-04,2025-03-11,186.9306,193.6522,17,0.03596,114.27,max_hold,7
COP,long,2025-03-04,2025-03-11,87.4385,91.3033,37,0.0442,143.0,max_hold,7
DVN,long,2025-03-06,2025-03-13,32.2095,32.5139,100,0.00945,30.44,max_hold,7
GS,long,2025-03-07,2025-03-13,554.4728,520.5959,5,-0.0611,-169.38,stop_loss,6
NVDA,long,2025-03-11,2025-03-14,106.8839,122.5069,29,0.14617,453.07,signal_fade,3
V,long,2025-03-10,2025-03-17,336.885,331.9448,9,-0.01466,-44.46,max_hold,7
TSLA,long,2025-03-11,2025-03-18,225.4227,231.4942,14,0.02693,85.0,max_hold,7
JPM,long,2025-03-11,2025-03-18,226.0502,229.7122,14,0.0162,51.27,max_hold,7
WMT,long,2025-03-11,2025-03-18,86.164,84.7565,36,-0.01634,-50.67,max_hold,7
AAPL,long,2025-03-13,2025-03-20,214.9224,210.3428,14,-0.02131,-64.11,max_hold,7
HD,long,2025-03-14,2025-03-21,339.6287,343.1306,9,0.01031,31.52,max_hold,7
GS,long,2025-03-14,2025-03-21,521.1168,560.5772,6,0.07572,236.76,max_hold,7
COST,long,2025-03-14,2025-03-21,886.1069,913.2028,3,0.03058,81.29,max_hold,7
TSLA,long,2025-03-19,2025-03-24,231.7258,283.4582,13,0.22325,672.52,signal_fade,5
META,long,2025-03-19,2025-03-25,582.2145,622.0586,5,0.06844,199.22,signal_fade,6
ABBV,long,2025-03-20,2025-03-27,204.5027,194.4387,15,-0.04921,-150.96,max_hold,7
MRK,long,2025-03-26,2025-04-02,84.5812,84.9659,38,0.00455,14.62,max_hold,7
AVGO,long,2025-03-28,2025-04-03,170.3638,146.6735,19,-0.13906,-450.12,stop_loss,6
AMD,long,2025-03-31,2025-04-04,100.2901,80.6397,32,-0.19594,-628.81,stop_loss,4
NVDA,long,2025-04-01,2025-04-04,108.4223,87.2939,30,-0.19487,-633.85,stop_loss,3
DVN,long,2025-04-04,2025-04-04,30.9874,27.1255,103,-0.12463,-397.77,stop_loss,0
COP,long,2025-04-04,2025-04-07,88.4372,83.6004,36,-0.05469,-174.12,stop_loss,3
AMZN,long,2025-04-04,2025-04-11,167.2336,186.7466,19,0.11668,370.75,max_hold,7
GS,long,2025-04-04,2025-04-11,475.2596,497.2077,6,0.04618,131.69,max_hold,7
AMD,long,2025-04-07,2025-04-14,80.7203,94.6127,39,0.1721,541.8,max_hold,7
NVDA,long,2025-04-07,2025-04-14,87.3813,110.7593,36,0.26754,841.61,max_hold,7
CVX,long,2025-04-07,2025-04-14,131.6166,127.3054,23,-0.03276,-99.16,max_hold,7
JPM,long,2025-04-07,2025-04-14,201.9455,231.4801,15,0.14625,443.02,max_hold,7
BAC,long,2025-04-07,2025-04-14,34.041,36.759,92,0.07985,250.06,max_hold,7
SLB,long,2025-04-07,2025-04-14,31.9087,32.6487,98,0.02319,72.51,max_hold,7
LLY,long,2025-04-07,2025-04-14,691.9557,748.3535,4,0.0815,225.59,max_hold,7
COP,long,2025-04-08,2025-04-15,83.684,82.8618,38,-0.00983,-31.25,max_hold,7
XOM,long,2025-04-15,2025-04-22,99.5716,104.4341,33,0.04883,160.46,max_hold,7
COP,long,2025-04-16,2025-04-23,82.9447,87.0538,39,0.04954,160.26,max_hold,7
META,long,2025-04-16,2025-04-23,506.7123,516.3796,6,0.01908,58.0,max_hold,7
SLB,long,2025-04-16,2025-04-23,32.8359,33.1118,100,0.0084,27.59,max_hold,7
MRK,long,2025-04-16,2025-04-23,75.2163,74.9592,43,-0.00342,-11.06,max_hold,7
AMD,long,2025-04-17,2025-04-24,88.8844,93.2334,36,0.04893,156.56,max_hold,7
UNH,long,2025-04-22,2025-04-29,410.8542,395.3554,7,-0.03772,-108.49,max_hold,7
NVDA,long,2025-04-22,2025-04-29,98.6911,104.2716,33,0.05655,184.16,max_hold,7
COP,long,2025-04-28,2025-05-05,87.9763,84.9146,37,-0.0348,-113.28,max_hold,7
XOM,long,2025-04-28,2025-05-05,104.4809,99.712,31,-0.04564,-147.84,max_hold,7
UNH,long,2025-04-30,2025-05-07,395.751,376.9616,8,-0.04748,-150.31,max_hold,7
COP,long,2025-05-06,2025-05-13,84.9995,89.2217,38,0.04967,160.44,max_hold,7
DVN,long,2025-05-06,2025-05-13,29.9512,32.9395,110,0.09977,328.71,max_hold,7
XOM,long,2025-05-06,2025-05-13,99.8117,104.4821,33,0.04679,154.12,max_hold,7
UNH,long,2025-05-08,2025-05-13,377.3388,310.7034,8,-0.17659,-533.08,stop_loss,5
MRK,long,2025-05-07,2025-05-14,76.3187,70.6405,43,-0.0744,-244.16,stop_loss,7
QCOM,long,2025-05-07,2025-05-14,136.7297,147.6174,24,0.07963,261.3,max_hold,7
LLY,long,2025-05-08,2025-05-15,758.4516,734.4346,4,-0.03167,-96.07,max_hold,7
UNH,long,2025-05-14,2025-05-15,311.0142,269.9529,10,-0.13202,-410.61,stop_loss,1
WMT,long,2025-05-12,2025-05-19,96.9086,97.6939,34,0.0081,26.7,max_hold,7
COST,long,2025-05-15,2025-05-22,987.587,1005.832,3,0.01847,54.73,max_hold,7
JNJ,long,2025-05-15,2025-05-22,143.2364,147.9275,22,0.03275,103.2,max_hold,7
COP,long,2025-05-15,2025-05-22,87.2945,82.2706,37,-0.05755,-185.88,max_hold,7
DVN,long,2025-05-15,2025-05-22,32.1494,29.6601,102,-0.07743,-253.91,max_hold,7
UNH,long,2025-05-16,2025-05-23,270.2229,289.4872,12,0.07129,231.17,max_hold,7
XOM,long,2025-05-19,2025-05-27,104.2991,101.0178,31,-0.03146,-101.72,max_hold,8
TSLA,long,2025-05-20,2025-05-27,348.0439,364.6576,9,0.04773,149.52,max_hold,7
LLY,long,2025-05-21,2025-05-28,742.1734,713.8208,4,-0.0382,-113.41,max_hold,7
CRM,long,2025-05-22,2025-05-29,279.8254,265.2765,11,-0.05199,-160.04,max_hold,7
COP,long,2025-05-23,2025-05-30,82.3529,84.2151,39,0.02261,72.63,max_hold,7
WMT,long,2025-05-23,2025-05-30,94.5968,97.9715,34,0.03567,114.74,max_hold,7
DVN,long,2025-05-23,2025-05-30,29.6898,30.1631,109,0.01594,51.6,max_hold,7
UNH,long,2025-05-27,2025-06-03,289.7768,293.3921,11,0.01248,39.77,max_hold,7
TSLA,long,2025-05-29,2025-06-04,365.4727,322.3287,8,-0.11805,-345.15,stop_loss,6
TSLA,long,2025-06-05,2025-06-05,322.6512,298.6806,10,-0.07429,-239.71,stop_loss,0
CRM,long,2025-06-03,2025-06-10,259.5195,265.6921,12,0.02378,74.07,max_hold,7
COP,long,2025-06-05,2025-06-12,84.096,93.3864,38,0.11047,353.04,max_hold,7
TSLA,long,2025-06-06,2025-06-13,298.9794,331.1244,10,0.10752,321.45,max_hold,7
AVGO,long,2025-06-09,2025-06-16,242.8177,248.4154,13,0.02305,72.77,max_hold,7
WMT,long,2025-06-09,2025-06-16,96.6407,93.1244,33,-0.03639,-116.04,max_hold,7
V,long,2025-06-17,2025-06-24,350.8951,347.5297,9,-0.00959,-30.29,max_hold,7
TSLA,long,2025-06-18,2025-06-25,317.4687,324.4477,10,0.02198,69.79,max_hold,7
JNJ,long,2025-06-18,2025-06-25,148.9252,148.9031,22,-0.00015,-0.49,max_hold,7
MRK,long,2025-06-18,2025-06-25,75.5628,77.2185,43,0.02191,71.2,max_hold,7
MA,long,2025-06-20,2025-06-27,534.0439,548.9811,6,0.02797,89.62,max_hold,7
COP,long,2025-06-24,2025-07-01,87.3886,90.0875,37,0.03088,99.86,max_hold,7
SLB,long,2025-06-24,2025-07-01,32.4016,34.8015,101,0.07407,242.39,max_hold,7
TSLA,long,2025-06-27,2025-07-01,324.6723,312.4737,10,-0.03757,-121.99,stop_loss,4
XOM,long,2025-06-25,2025-07-02,104.8227,107.3817,31,0.02441,79.33,max_hold,7
MRK,long,2025-06-27,2025-07-07,76.5406,78.2824,43,0.02276,74.9,max_hold,10
AMD,long,2025-07-01,2025-07-08,138.8394,138.6207,23,-0.00158,-5.03,max_hold,7
MSFT,long,2025-07-02,2025-07-09,486.3503,498.8141,6,0.02563,74.78,max_hold,7
TSLA,long,2025-07-02,2025-07-09,312.7863,299.9,10,-0.0412,-128.86,max_hold,7
LLY,long,2025-07-03,2025-07-10,775.3653,780.436,4,0.00654,20.28,max_hold,7
META,long,2025-07-09,2025-07-16,720.7192,701.7379,4,-0.02634,-75.93,max_hold,7
JPM,long,2025-07-10,2025-07-17,279.078,285.2223,11,0.02202,67.59,max_hold,7
TSLA,long,2025-07-10,2025-07-17,300.2,321.4992,11,0.07095,234.29,max_hold,7
BAC,long,2025-07-10,2025-07-17,45.9231,45.9848,72,0.00134,4.44,max_hold,7
WMT,long,2025-07-11,2025-07-18,94.2693,94.4229,35,0.00163,5.38,max_hold,7
MSFT,long,2025-07-11,2025-07-18,494.7672,502.4434,6,0.01551,46.06,max_hold,7
GS,long,2025-07-16,2025-07-23,694.8661,704.3908,4,0.01371,38.1,max_hold,7
COP,long,2025-07-16,2025-07-23,89.49,91.3258,37,0.02051,67.92,max_hold,7
SLB,long,2025-07-16,2025-07-23,34.0864,33.994,97,-0.00271,-8.97,max_hold,7
XOM,long,2025-07-18,2025-07-25,107.7315,107.5173,30,-0.00199,-6.43,max_hold,7
MRK,long,2025-07-21,2025-07-28,77.6056,77.2282,42,-0.00486,-15.85,max_hold,7
HD,long,2025-07-21,2025-07-28,351.5534,367.0525,9,0.04409,139.49,max_hold,7
UNH,long,2025-07-25,2025-07-29,273.8075,257.7642,12,-0.05859,-192.52,stop_loss,4
MSFT,long,2025-07-23,2025-07-30,502.9857,550.5548,6,0.09457,285.41,max_hold,7
AMD,long,2025-07-23,2025-07-30,156.3982,181.929,21,0.16324,536.15,max_hold,7
LLY,long,2025-08-01,2025-08-07,741.9449,650.0739,4,-0.12382,-367.48,stop_loss,6
TSLA,long,2025-08-06,2025-08-13,308.044,335.5921,10,0.08943,275.48,max_hold,7
UNH,long,2025-08-07,2025-08-14,240.1126,293.6935,14,0.22315,750.13,max_hold,7
LLY,long,2025-08-11,2025-08-18,625.3112,702.836,5,0.12398,387.62,max_hold,7
CRM,long,2025-08-12,2025-08-19,231.16,243.5161,14,0.05345,172.99,max_hold,7
AMD,long,2025-08-12,2025-08-19,173.4067,164.018,19,-0.05414,-178.39,max_hold,7
XOM,long,2025-08-13,2025-08-20,102.7769,105.9954,32,0.03132,102.99,max_hold,7
MRK,long,2025-08-13,2025-08-20,78.1768,82.093,43,0.05009,168.4,max_hold,7
WMT,long,2025-08-14,2025-08-21,100.4309,97.4353,33,-0.02983,-98.86,max_hold,7
MSFT,long,2025-08-14,2025-08-21,518.6783,500.826,6,-0.03442,-107.11,max_hold,7
WMT,long,2025-08-22,2025-08-29,97.5327,96.6007,35,-0.00956,-32.62,max_hold,7
AVGO,long,2025-08-26,2025-09-02,292.3551,299.9411,11,0.02595,83.45,max_hold,7
META,long,2025-08-27,2025-09-03,750.2173,745.7515,4,-0.00595,-17.86,max_hold,7
AMD,long,2025-09-02,2025-09-09,158.4992,163.4582,21,0.03129,104.14,max_hold,7
COP,long,2025-09-04,2025-09-11,92.3178,92.4303,37,0.00122,4.17,max_hold,7
NVDA,long,2025-09-05,2025-09-12,167.8904,175.3585,20,0.04448,149.36,max_hold,7
CVX,long,2025-09-08,2025-09-15,149.4421,153.5025,22,0.02717,89.33,max_hold,7
XOM,long,2025-09-08,2025-09-15,107.3835,110.4339,31,0.02841,94.56,max_hold,7
MA,long,2025-09-10,2025-09-17,579.7844,593.0848,5,0.02294,66.5,max_hold,7
COP,long,2025-09-12,2025-09-19,92.5228,89.2505,37,-0.03537,-121.08,max_hold,7
SLB,long,2025-09-16,2025-09-23,34.261,34.1385,100,-0.00358,-12.25,max_hold,7
JNJ,long,2025-09-18,2025-09-25,173.6465,175.4375,19,0.01031,34.03,max_hold,7
AVGO,long,2025-09-19,2025-09-26,342.3142,333.9605,10,-0.0244,-83.54,max_hold,7
XOM,long,2025-09-22,2025-09-29,110.0453,110.8152,31,0.007,23.87,max_hold,7
WMT,long,2025-09-22,2025-09-29,101.8887,102.3334,33,0.00436,14.67,max_hold,7
META,long,2025-09-22,2025-09-29,780.2117,739.9544,4,-0.0516,-161.03,max_hold,7
COP,long,2025-09-22,2025-09-29,89.3398,92.284,38,0.03296,111.88,max_hold,7
MA,long,2025-09-23,2025-09-30,583.0911,562.8376,5,-0.03473,-101.27,max_hold,7
TSLA,long,2025-09-26,2025-10-03,428.5141,440.5296,8,0.02804,96.12,max_hold,7
AVGO,long,2025-09-29,2025-10-06,334.2946,334.9842,10,0.00206,6.9,max_hold,7
GOOGL,long,2025-09-30,2025-10-07,242.457,244.3594,14,0.00785,26.63,max_hold,7
GS,long,2025-10-01,2025-10-08,782.5149,767.1839,4,-0.01959,-61.32,max_hold,7
XOM,long,2025-10-01,2025-10-08,110.153,111.871,31,0.0156,53.26,max_hold,7
JPM,long,2025-10-02,2025-10-09,305.7039,302.5868,11,-0.0102,-34.29,max_hold,7
COP,long,2025-10-03,2025-10-10,91.4488,86.1877,37,-0.05753,-194.66,max_hold,7
SLB,long,2025-10-03,2025-10-10,33.7407,31.4612,101,-0.06756,-230.23,stop_loss,7
TSLA,long,2025-10-06,2025-10-13,440.9704,426.5766,7,-0.03264,-100.76,max_hold,7
META,long,2025-10-08,2025-10-15,711.9551,715.3308,4,0.00474,13.5,max_hold,7
MRK,long,2025-10-09,2025-10-16,85.0205,81.3412,40,-0.04328,-147.17,max_hold,7
COP,long,2025-10-13,2025-10-20,86.2739,85.105,39,-0.01355,-45.59,max_hold,7
TSLA,long,2025-10-15,2025-10-22,435.1174,419.79,7,-0.03523,-107.29,max_hold,7
AAPL,long,2025-10-16,2025-10-23,247.6734,260.3229,13,0.05107,164.44,max_hold,7
JPM,long,2025-10-20,2025-10-27,295.7944,301.7948,11,0.02029,66.0,max_hold,7
AVGO,long,2025-10-22,2025-10-29,345.5372,384.0545,9,0.11147,346.66,max_hold,7
TSLA,long,2025-10-27,2025-11-03,440.2,454.2328,7,0.03188,98.23,max_hold,7
QCOM,long,2025-10-27,2025-11-03,166.4874,174.7182,20,0.04944,164.62,max_hold,7
WMT,long,2025-10-28,2025-11-04,103.4899,101.0815,33,-0.02327,-79.48,max_hold,7
MA,long,2025-11-04,2025-11-04,543.3511,550.9477,6,0.01398,45.58,signal_fade,0
MRK,long,2025-10-29,2025-11-05,85.0107,82.5133,40,-0.02938,-99.9,max_hold,7
ABBV,long,2025-10-30,2025-11-06,223.4963,215.6616,15,-0.03505,-117.52,max_hold,7
UNH,long,2025-10-31,2025-11-07,337.692,313.4529,10,-0.07178,-242.39,max_hold,7
AVGO,long,2025-11-04,2025-11-11,356.7002,355.8667,9,-0.00234,-7.5,max_hold,7
AMD,long,2025-11-05,2025-11-12,243.3616,251.774,14,0.03457,117.77,max_hold,7
META,long,2025-11-07,2025-11-14,615.1982,607.1564,5,-0.01307,-40.21,max_hold,7
NVDA,long,2025-11-12,2025-11-18,195.5684,184.4623,17,-0.05679,-188.8,stop_loss,6
TSLA,long,2025-11-13,2025-11-20,423.3416,402.1188,8,-0.05013,-169.78,max_hold,7
AMZN,long,2025-11-17,2025-11-24,233.3666,226.2668,14,-0.03042,-99.4,max_hold,7
JPM,long,2025-11-17,2025-11-24,301.2445,297.0331,11,-0.01398,-46.33,max_hold,7
LLY,short,2025-11-19,2025-11-25,1025.6449,1098.8224,3,-0.07135,-219.53,stop_loss,6
NVDA,long,2025-11-19,2025-11-26,184.6469,178.6926,18,-0.03225,-107.18,max_hold,7
AMD,long,2025-11-21,2025-11-28,208.9144,213.7731,16,0.02326,77.74,max_hold,7
XOM,long,2025-11-26,2025-12-03,112.9427,115.8771,29,0.02598,85.1,max_hold,7
COP,long,2025-11-26,2025-12-03,85.1922,90.2164,39,0.05898,195.94,max_hold,7
LLY,long,2025-12-04,2025-12-11,1029.6524,1004.8459,3,-0.02409,-74.42,max_hold,7
AVGO,long,2025-12-05,2025-12-12,384.2099,359.6933,8,-0.06381,-196.13,max_hold,7
MRK,long,2025-12-10,2025-12-17,95.8632,97.7876,35,0.02008,67.36,max_hold,7
GOOGL,long,2025-12-15,2025-12-22,311.0708,309.0729,10,-0.00642,-19.98,max_hold,7
AMD,long,2025-12-17,2025-12-24,210.145,215.3223,16,0.02464,82.84,max_hold,7
AVGO,long,2025-12-17,2025-12-24,344.8507,349.5967,9,0.01376,42.71,max_hold,7
DVN,long,2025-12-22,2025-12-29,35.9336,36.026,94,0.00257,8.69,max_hold,7
COP,long,2025-12-22,2025-12-29,91.7553,91.8999,36,0.00158,5.2,max_hold,7
WMT,long,2025-12-22,2025-12-29,113.6166,111.3924,29,-0.01958,-64.5,max_hold,7
SLB,long,2025-12-22,2025-12-29,38.0442,37.5614,89,-0.01269,-42.97,max_hold,7
JNJ,long,2025-12-23,2025-12-30,202.8711,204.5366,16,0.00821,26.65,max_hold,7
TSLA,long,2025-12-24,2025-12-30,488.7243,454.2028,6,-0.07064,-207.13,stop_loss,6
TSLA,long,2026-01-05,2026-01-12,448.214,449.9749,7,0.00393,12.33,max_hold,7
ADBE,long,2026-01-05,2026-01-12,330.275,322.3287,10,-0.02406,-79.46,max_hold,7
CRM,long,2026-01-05,2026-01-12,252.4622,256.2274,13,0.01491,48.95,max_hold,7
LLY,long,2026-01-06,2026-01-13,1041.0993,1077.5527,3,0.03501,109.36,max_hold,7
ABBV,long,2026-01-06,2026-01-13,216.3105,217.3235,15,0.00468,15.19,max_hold,7
JNJ,long,2026-01-09,2026-01-16,203.7518,214.5999,16,0.05324,173.57,max_hold,7
AAPL,long,2026-01-13,2026-01-20,258.3693,248.1147,13,-0.03969,-133.31,max_hold,7
QCOM,long,2026-01-13,2026-01-20,165.3869,154.6837,20,-0.06472,-214.06,stop_loss,7
CRM,long,2026-01-14,2026-01-20,238.0881,218.9259,14,-0.08048,-268.27,stop_loss,6
LLY,long,2026-01-16,2026-01-20,1021.4761,1039.8096,3,0.01795,55.0,signal_fade,4
JPM,long,2026-01-14,2026-01-21,306.7841,303.1561,11,-0.01183,-39.91,max_hold,7
MA,long,2026-01-14,2026-01-21,543.8377,528.7464,6,-0.02775,-90.55,max_hold,7
V,long,2026-01-14,2026-01-21,327.4688,324.9516,10,-0.00769,-25.17,max_hold,7
ABBV,long,2026-01-16,2026-01-23,213.9429,217.1985,15,0.01522,48.83,max_hold,7
CRM,long,2026-01-21,2026-01-28,219.145,215.4653,15,-0.01679,-55.2,max_hold,7
ADBE,long,2026-01-21,2026-01-28,290.9154,291.5342,11,0.00213,6.81,max_hold,7
TSLA,long,2026-01-21,2026-01-28,421.8708,437.5811,7,0.03724,109.97,max_hold,7
MA,long,2026-01-22,2026-01-29,529.2754,539.8118,6,0.01991,63.22,max_hold,7
LLY,long,2026-01-29,2026-01-29,1022.4033,1029.2907,3,0.00674,20.66,signal_fade,0
JPM,long,2026-01-23,2026-01-30,300.6125,302.7583,11,0.00714,23.6,max_hold,7
GS,long,2026-01-26,2026-02-02,910.048,939.9145,3,0.03282,89.6,max_hold,7
V,long,2026-02-02,2026-02-02,323.6527,330.1177,10,0.01998,64.65,signal_fade,0
CRM,long,2026-01-30,2026-02-03,213.1823,192.2352,15,-0.09826,-314.21,stop_loss,4
UNH,long,2026-01-28,2026-02-04,280.0724,270.493,12,-0.0342,-114.95,max_hold,7
QCOM,long,2026-01-29,2026-02-05,151.6294,135.4286,22,-0.10684,-356.42,stop_loss,7
TSLA,long,2026-01-30,2026-02-06,425.5627,409.705,7,-0.03726,-111.0,max_hold,7
GS,long,2026-02-06,2026-02-06,899.6039,919.6215,3,0.02225,60.05,signal_fade,0
CRM,long,2026-02-04,2026-02-11,192.4275,184.926,17,-0.03898,-127.52,max_hold,7
UNH,long,2026-02-05,2026-02-12,270.7637,281.676,12,0.0403,130.95,max_hold,7
QCOM,long,2026-02-06,2026-02-13,135.5641,139.5152,24,0.02915,94.82,max_hold,7
MSFT,long,2026-02-09,2026-02-17,403.2566,396.1667,8,-0.01758,-56.72,max_hold,8
CRM,long,2026-02-12,2026-02-19,185.1111,184.2896,18,-0.00444,-14.79,max_hold,7
AMZN,long,2026-02-17,2026-02-24,198.2291,210.3548,16,0.06117,194.01,max_hold,7
MA,long,2026-02-17,2026-02-24,514.3736,501.7064,6,-0.02463,-76.0,max_hold,7
V,long,2026-02-17,2026-02-24,313.9164,307.7577,10,-0.01962,-61.59,max_hold,7
AMD,long,2026-02-18,2026-02-25,198.5092,208.6956,16,0.05131,162.98,max_hold,7
MSFT,long,2026-02-20,2026-02-27,395.4515,391.8149,8,-0.0092,-29.09,max_hold,7
V,long,2026-02-25,2026-02-27,308.0656,314.6899,10,0.0215,66.24,signal_fade,2
WMT,long,2026-02-23,2026-03-02,123.0937,125.9574,27,0.02326,77.32,max_hold,7
MA,long,2026-02-25,2026-03-03,502.2084,522.9991,6,0.0414,124.74,signal_fade,6
JPM,long,2026-02-25,2026-03-04,297.268,296.3146,11,-0.00321,-10.49,max_hold,7
GS,long,2026-03-02,2026-03-04,836.7324,857.7985,4,0.02518,84.26,signal_fade,2
TSLA,long,2026-03-04,2026-03-05,398.0489,397.891,8,-0.0004,-1.26,signal_fade,1
NVDA,long,2026-03-02,2026-03-09,174.8842,182.0867,19,0.04118,136.85,max_hold,7
LLY,long,2026-03-06,2026-03-09,973.8112,1003.7691,3,0.03076,89.87,signal_fade,3
AMD,long,2026-03-04,2026-03-11,192.2161,202.7286,17,0.05469,178.71,max_hold,7
HD,long,2026-03-04,2026-03-11,361.2404,343.2921,9,-0.04969,-161.53,max_hold,7
GS,long,2026-03-06,2026-03-13,812.8257,788.1305,4,-0.03038,-98.78,max_hold,7
AAPL,long,2026-03-06,2026-03-13,258.5211,251.752,13,-0.02618,-88.0,max_hold,7
WMT,long,2026-03-06,2026-03-13,122.0773,126.1963,27,0.03374,111.21,max_hold,7
MRK,long,2026-03-06,2026-03-13,113.5539,114.4592,29,0.00797,26.25,max_hold,7
GS,long,2026-03-16,2026-03-16,788.9191,802.3607,4,0.01704,53.77,signal_fade,0
HD,long,2026-03-12,2026-03-19,343.6356,325.1473,9,-0.0538,-166.39,max_hold,7
MA,long,2026-03-13,2026-03-20,495.956,504.9292,6,0.01809,53.84,max_hold,7
META,long,2026-03-16,2026-03-23,631.7305,598.246,5,-0.053,-167.42,max_hold,7
AAPL,long,2026-03-16,2026-03-23,252.0039,249.9945,13,-0.00797,-26.12,max_hold,7
LLY,long,2026-03-18,2026-03-25,923.8721,910.3567,3,-0.01463,-40.55,max_hold,7
ABBV,long,2026-03-19,2026-03-26,206.7589,209.5756,16,0.01362,45.07,max_hold,7
ADBE,long,2026-03-19,2026-03-26,247.0835,239.6701,13,-0.03,-96.37,max_hold,7
HD,long,2026-03-20,2026-03-27,325.4726,323.1334,10,-0.00719,-23.39,max_hold,7
WMT,long,2026-03-23,2026-03-30,120.3106,123.1333,27,0.02346,76.21,max_hold,7
MSFT,long,2026-03-24,2026-03-31,381.7244,372.4965,8,-0.02417,-73.82,max_hold,7
UNH,long,2026-03-24,2026-03-31,267.4767,272.5164,12,0.01884,60.48,max_hold,7
META,long,2026-03-27,2026-03-31,539.8696,579.3031,6,0.07304,236.6,signal_fade,4
GOOGL,long,2026-03-25,2026-04-01,293.4115,290.3712,11,-0.01036,-33.44,max_hold,7
LLY,long,2026-03-30,2026-04-01,887.3967,942.9043,3,0.06255,166.52,signal_fade,2
XOM,long,2026-04-02,2026-04-09,163.4627,152.925,20,-0.06447,-210.76,max_hold,7
CVX,long,2026-04-02,2026-04-09,200.7723,187.8942,16,-0.06414,-206.05,max_hold,7
TSLA,long,2026-04-06,2026-04-13,362.7713,357.4912,9,-0.01455,-47.52,max_hold,7
JNJ,long,2026-04-07,2026-04-14,239.5229,238.4487,14,-0.00448,-15.04,max_hold,7
COP,long,2026-04-09,2026-04-16,125.4211,115.4141,26,-0.07979,-260.18,max_hold,7
XOM,long,2026-04-10,2026-04-17,153.078,146.3132,21,-0.04419,-142.06,max_hold,7
CVX,long,2026-04-10,2026-04-17,188.0822,182.734,17,-0.02844,-90.92,max_hold,7
CRM,long,2026-04-10,2026-04-17,170.9045,181.9392,19,0.06457,209.66,max_hold,7
GS,long,2026-04-17,2026-04-17,911.9387,919.1672,3,0.00793,21.69,signal_fade,0
TSLA,long,2026-04-14,2026-04-21,357.8488,387.3762,9,0.08251,265.75,max_hold,7
MRK,long,2026-04-15,2026-04-22,119.0041,112.5043,28,-0.05462,-182.0,max_hold,7
JNJ,long,2026-04-15,2026-04-22,238.6873,225.8376,13,-0.05383,-167.05,max_hold,7
WMT,long,2026-04-16,2026-04-23,124.1552,131.6228,26,0.06015,194.16,max_hold,7
COP,long,2026-04-17,2026-04-24,115.5296,121.2478,29,0.0495,165.83,max_hold,7
META,long,2026-04-24,2026-04-24,660.0384,670.0435,5,0.01516,50.03,signal_fade,0
XOM,long,2026-04-20,2026-04-27,146.4596,150.4332,22,0.02713,87.42,max_hold,7
CVX,long,2026-04-20,2026-04-27,182.9169,186.4779,18,0.01947,64.1,max_hold,7
MRK,long,2026-04-23,2026-04-30,112.6168,111.4722,29,-0.01016,-33.19,max_hold,7
JNJ,long,2026-04-23,2026-04-30,226.0635,227.6363,14,0.00696,22.02,max_hold,7
AMD,long,2026-04-29,2026-05-01,326.7433,360.1298,10,0.10218,333.87,signal_fade,2
ABBV,long,2026-04-27,2026-05-04,198.099,208.8655,16,0.05435,172.26,max_hold,7
AVGO,long,2026-04-29,2026-05-06,403.0638,420.9429,8,0.04436,143.03,max_hold,7
MSFT,long,2026-04-30,2026-05-07,410.1271,416.2797,8,0.015,49.22,max_hold,7
HD,long,2026-04-30,2026-05-07,320.0009,320.1176,10,0.00036,1.17,max_hold,7
MRK,long,2026-05-01,2026-05-08,111.5837,111.2936,30,-0.0026,-8.7,max_hold,7
META,long,2026-05-04,2026-05-11,607.6808,593.9721,5,-0.02256,-68.54,max_hold,7
MA,long,2026-05-04,2026-05-11,495.2475,500.3597,6,0.01032,30.67,max_hold,7
GS,long,2026-05-05,2026-05-12,906.1911,937.2385,3,0.03426,93.14,max_hold,7
JNJ,long,2026-05-05,2026-05-12,224.2132,224.4165,15,0.00091,3.05,max_hold,7
JPM,long,2026-05-06,2026-05-13,311.6057,302.0989,10,-0.03051,-95.07,max_hold,7
COP,long,2026-05-06,2026-05-13,117.1484,117.0714,28,-0.00066,-2.15,max_hold,7
AVGO,long,2026-05-07,2026-05-14,421.364,431.91,8,0.02503,84.37,max_hold,7
SLB,long,2026-05-08,2026-05-15,52.9291,54.8349,64,0.03601,121.97,max_hold,7
DVN,long,2026-05-08,2026-05-15,45.698,48.6395,74,0.06437,217.68,max_hold,7
WMT,long,2026-05-11,2026-05-18,130.2451,132.8735,26,0.02018,68.34,max_hold,7
AMZN,long,2026-05-12,2026-05-19,266.8433,259.92,12,-0.02595,-83.08,max_hold,7
MSFT,long,2026-05-12,2026-05-19,413.791,413.0683,8,-0.00175,-5.78,max_hold,7
HD,long,2026-05-13,2026-05-20,305.4726,303.9272,11,-0.00506,-17.0,max_hold,7
AMD,long,2026-05-20,2026-05-20,428.254,441.769,7,0.03156,94.6,signal_fade,0
QCOM,long,2026-05-15,2026-05-22,201.0084,239.7143,16,0.19256,619.29,max_hold,7
MA,long,2026-05-15,2026-05-22,493.7467,495.752,6,0.00406,12.03,max_hold,7
JPM,long,2026-05-15,2026-05-22,300.3601,308.3357,11,0.02655,87.73,max_hold,7
AMZN,long,2026-05-20,2026-05-27,260.18,272.1339,13,0.04594,155.4,max_hold,7
GOOGL,long,2026-05-21,2026-05-28,385.6625,384.8175,8,-0.00219,-6.76,max_hold,7
WMT,long,2026-05-22,2026-05-29,121.4007,114.6726,28,-0.05542,-188.38,max_hold,7
NVDA,long,2026-05-26,2026-06-02,216.3961,221.3512,15,0.0229,74.33,max_hold,7
COP,long,2026-05-27,2026-06-03,115.2676,117.921,29,0.02302,76.95,max_hold,7
CVX,long,2026-05-27,2026-06-03,181.9409,188.9055,18,0.03828,125.36,max_hold,7
COST,long,2026-05-27,2026-06-03,1004.3619,986.4665,3,-0.01782,-53.69,max_hold,7
QCOM,long,2026-05-28,2026-06-04,235.2491,237.5312,14,0.0097,31.95,max_hold,7
XOM,long,2026-05-28,2026-06-04,149.4147,151.934,23,0.01686,57.94,max_hold,7
JPM,long,2026-05-29,2026-06-05,296.5482,313.0934,11,0.05579,182.0,max_hold,7
ADBE,long,2026-05-29,2026-06-05,245.3526,248.9355,14,0.0146,50.16,max_hold,7
QCOM,long,2026-06-05,2026-06-05,237.7688,220.9195,14,-0.07086,-235.89,stop_loss,0
WMT,long,2026-06-01,2026-06-08,114.7874,120.3198,30,0.0482,165.97,max_hold,7
AMD,long,2026-06-08,2026-06-08,485.2425,502.4986,7,0.03556,120.79,signal_fade,0
MRK,long,2026-06-02,2026-06-09,113.7393,118.8653,30,0.04507,153.78,max_hold,7
MA,long,2026-06-04,2026-06-09,479.7998,497.2213,7,0.03631,121.95,signal_fade,5
GOOGL,long,2026-06-03,2026-06-10,361.9948,355.752,9,-0.01725,-56.18,max_hold,7
TSLA,long,2026-06-08,2026-06-15,396.5282,403.9079,8,0.01861,59.04,max_hold,7
QCOM,long,2026-06-10,2026-06-17,199.5597,220.5997,17,0.10543,357.68,max_hold,7
MA,short,2026-06-10,2026-06-17,497.2213,495.0174,7,0.00443,15.43,max_hold,7
AVGO,long,2026-06-11,2026-06-18,372.417,413.4532,9,0.11019,369.33,max_hold,7
ADBE,long,2026-06-16,2026-06-23,205.4827,195.7921,17,-0.04716,-164.74,max_hold,7
MRK,long,2026-06-16,2026-06-23,115.9379,120.8396,30,0.04228,147.05,max_hold,7
SLB,long,2026-06-18,2026-06-24,50.125,46.5567,70,-0.07119,-249.78,stop_loss,6
MSFT,long,2026-06-18,2026-06-25,378.0089,356.9714,9,-0.05565,-189.34,max_hold,7
CRM,long,2026-06-22,2026-06-29,150.2351,155.0125,23,0.0318,109.88,max_hold,7
CVX,long,2026-06-22,2026-06-29,174.167,169.6151,20,-0.02614,-91.04,max_hold,7
ABBV,long,2026-06-22,2026-06-29,222.051,254.8725,15,0.14781,492.32,max_hold,7
COP,long,2026-06-22,2026-06-29,109.5848,104.4577,32,-0.04679,-164.06,max_hold,7
GS,long,2026-06-29,2026-06-29,1029.7045,1018.7803,3,-0.01061,-32.77,signal_fade,0
TSLA,long,2026-06-24,2026-06-30,380.27,420.3897,9,0.1055,361.08,end_of_period,6
MSFT,long,2026-06-26,2026-06-30,357.3286,372.8335,9,0.04339,139.54,end_of_period,4
QCOM,long,2026-06-30,2026-06-30,189.0845,184.6976,18,-0.0232,-78.96,end_of_period,0
