symbol,side,entry_date,exit_date,entry_price,exit_price,qty,pnl_pct,pnl_dollar,exit_reason,hold_days
META,long,2021-01-07,2021-01-14,263.7171,245.6191,9,-0.06863,-162.88,stop_loss,7
DVN,long,2021-01-05,2021-01-15,12.4925,15.2305,200,0.21917,547.6,max_hold,10
NVDA,long,2021-01-05,2021-01-15,13.0536,12.9575,191,-0.00737,-18.37,max_hold,10
COP,long,2021-01-05,2021-01-15,33.121,37.1252,75,0.1209,300.32,max_hold,10
SLB,long,2021-01-05,2021-01-15,19.7492,22.3754,126,0.13298,330.91,max_hold,10
MA,long,2021-01-13,2021-01-15,339.3567,317.0828,7,-0.06564,-155.92,stop_loss,2
WMT,long,2021-01-06,2021-01-19,45.0301,44.52,55,-0.01133,-28.05,max_hold,13
CRM,long,2021-01-07,2021-01-19,213.4458,218.1057,11,0.02183,51.26,max_hold,12
UNH,short,2021-01-07,2021-01-19,325.905,320.1713,7,0.01759,40.14,max_hold,12
COST,long,2021-01-08,2021-01-19,347.5005,334.2053,7,-0.03826,-93.07,max_hold,11
META,long,2021-01-15,2021-01-21,245.8649,269.5073,10,0.09616,236.42,signal_fade,6
DVN,long,2021-01-20,2021-01-21,15.4364,13.5619,164,-0.12143,-307.41,stop_loss,1
JPM,short,2021-01-15,2021-01-25,120.3481,116.3661,21,0.03309,83.62,max_hold,10
SLB,long,2021-01-22,2021-01-27,21.0735,19.6406,121,-0.06799,-173.37,stop_loss,5
AMD,long,2021-01-19,2021-01-29,89.6048,86.7866,28,-0.03145,-78.91,max_hold,10
DVN,long,2021-01-22,2021-01-29,13.5755,12.8,188,-0.05712,-145.79,stop_loss,7
NVDA,long,2021-01-20,2021-02-01,13.0656,13.3382,194,0.02087,52.89,max_hold,12
V,long,2021-01-20,2021-02-01,195.09,192.8023,13,-0.01173,-29.74,max_hold,12
COST,long,2021-01-20,2021-02-01,334.5397,331.725,7,-0.00841,-19.7,max_hold,12
BAC,long,2021-01-22,2021-02-01,27.507,26.796,92,-0.02585,-65.41,max_hold,10
MRK,long,2021-01-22,2021-02-01,64.9372,62.3862,39,-0.03929,-99.49,max_hold,10
GS,long,2021-01-26,2021-02-05,249.8343,259.3155,10,0.03795,94.81,max_hold,10
UNH,long,2021-01-26,2021-02-05,318.9247,297.245,7,-0.06798,-151.76,stop_loss,10
SLB,long,2021-01-28,2021-02-08,19.6603,22.8638,127,0.16294,406.84,max_hold,11
MSFT,short,2021-01-28,2021-02-08,224.9623,231.1705,11,-0.0276,-68.29,max_hold,11
JNJ,short,2021-01-28,2021-02-08,144.2546,141.8234,17,0.01685,41.33,max_hold,11
DVN,long,2021-02-01,2021-02-11,12.8128,14.5524,194,0.13577,337.48,max_hold,10
COP,long,2021-02-01,2021-02-11,33.2774,38.2628,74,0.14981,368.92,max_hold,10
BAC,long,2021-02-02,2021-02-12,26.8228,29.7753,93,0.11007,274.58,max_hold,10
MRK,long,2021-02-02,2021-02-12,62.4486,60.4454,40,-0.03208,-80.13,max_hold,10
NVDA,long,2021-02-03,2021-02-16,13.588,15.1025,185,0.11146,280.18,max_hold,13
AMD,long,2021-02-04,2021-02-16,88.2641,90.5147,28,0.0255,63.02,max_hold,12
TSLA,long,2021-02-04,2021-02-16,285.1425,259.5668,8,-0.08969,-204.61,max_hold,12
UNH,long,2021-02-08,2021-02-18,297.5424,298.8265,8,0.00432,10.27,max_hold,10
SLB,long,2021-02-10,2021-02-22,23.3221,24.7641,110,0.06183,158.61,max_hold,12
ABBV,long,2021-02-10,2021-02-22,86.8478,87.5715,29,0.00833,20.99,max_hold,12
DVN,long,2021-02-12,2021-02-22,14.5669,16.2972,177,0.11878,306.25,max_hold,10
TSLA,long,2021-02-17,2021-02-22,259.8265,220.5997,9,-0.15097,-353.04,stop_loss,5
QCOM,long,2021-02-17,2021-02-25,129.6821,121.5032,19,-0.06307,-155.4,stop_loss,8
AAPL,long,2021-02-17,2021-02-25,127.7831,119.2326,20,-0.06691,-171.01,stop_loss,8
ADBE,short,2021-02-17,2021-02-25,495.1623,463.0314,5,0.06489,160.65,signal_recovered,8
MRK,long,2021-02-16,2021-02-26,60.5058,58.7131,42,-0.02963,-75.3,max_hold,10
WMT,long,2021-02-22,2021-03-03,42.749,39.643,60,-0.07266,-186.36,stop_loss,9
JPM,short,2021-02-22,2021-03-04,128.6148,134.3097,20,-0.04428,-113.9,max_hold,10
AMD,long,2021-02-26,2021-03-04,83.6118,78.9605,30,-0.05563,-139.54,stop_loss,6
TSLA,long,2021-02-23,2021-03-05,220.8204,200.0832,11,-0.09391,-228.11,stop_loss,10
DVN,long,2021-02-23,2021-03-05,16.3135,19.6191,158,0.20263,522.28,max_hold,10
HD,long,2021-02-25,2021-03-08,226.8502,229.2234,11,0.01046,26.11,max_hold,11
COST,long,2021-02-25,2021-03-08,322.3932,296.4736,8,-0.0804,-207.36,stop_loss,11
AVGO,long,2021-02-26,2021-03-08,41.9259,39.0316,61,-0.06903,-176.55,stop_loss,10
NVDA,long,2021-03-05,2021-03-08,12.5058,12.0796,203,-0.03408,-86.52,stop_loss,3
COST,long,2021-03-09,2021-03-17,296.7703,308.4928,8,0.0395,93.78,signal_fade,8
TSLA,long,2021-03-08,2021-03-18,200.2834,215.4256,12,0.0756,181.71,max_hold,10
AMD,long,2021-03-09,2021-03-19,76.7684,79.95,33,0.04144,104.99,max_hold,10
NVDA,long,2021-03-09,2021-03-19,12.0917,12.8589,210,0.06344,161.1,max_hold,10
DVN,long,2021-03-11,2021-03-22,18.4566,16.7371,139,-0.09316,-239.0,max_hold,11
JNJ,long,2021-03-12,2021-03-22,137.5938,138.2589,18,0.00483,11.97,max_hold,10
WMT,long,2021-03-12,2021-03-22,41.1289,41.0071,62,-0.00296,-7.55,max_hold,10
LLY,long,2021-03-17,2021-03-25,180.2803,174.7084,14,-0.03091,-78.01,signal_fade,8
SLB,long,2021-03-17,2021-03-29,24.8514,24.4251,104,-0.01715,-44.33,max_hold,12
MRK,long,2021-03-18,2021-03-29,62.5681,63.1042,41,0.00857,21.98,max_hold,11
GOOGL,long,2021-03-19,2021-03-29,100.6448,101.6959,25,0.01044,26.28,max_hold,10
COP,long,2021-03-19,2021-03-29,44.2651,44.1462,57,-0.00269,-6.78,max_hold,10
NVDA,long,2021-03-22,2021-04-01,12.8717,13.8096,198,0.07286,185.7,max_hold,10
AMD,long,2021-03-22,2021-04-01,80.03,81.6991,31,0.02086,51.74,max_hold,10
DVN,long,2021-03-23,2021-04-05,16.7539,17.5547,152,0.0478,121.73,max_hold,13
GS,long,2021-03-29,2021-04-08,282.988,294.7511,9,0.04157,105.87,max_hold,10
TSLA,long,2021-03-30,2021-04-09,200.6836,228.4524,12,0.13837,333.23,max_hold,10
SLB,long,2021-03-30,2021-04-09,24.4495,23.9702,104,-0.01961,-49.86,max_hold,10
V,long,2021-03-31,2021-04-12,204.5548,212.4743,12,0.03872,95.03,max_hold,12
JNJ,long,2021-04-01,2021-04-12,140.4618,135.3679,18,-0.03627,-91.69,max_hold,11
XOM,long,2021-04-01,2021-04-12,46.2122,45.33,55,-0.01909,-48.53,max_hold,11
MA,long,2021-04-01,2021-04-12,346.5688,368.0117,7,0.06187,150.1,max_hold,11
TSLA,long,2021-04-12,2021-04-13,228.6809,256.7715,11,0.12284,309.0,signal_fade,1
NVDA,long,2021-04-05,2021-04-15,13.8234,15.986,188,0.15644,406.56,max_hold,10
UNH,long,2021-04-05,2021-04-15,337.5074,359.3368,7,0.06468,152.81,max_hold,10
CVX,long,2021-04-06,2021-04-16,83.9288,83.0567,31,-0.01039,-27.03,max_hold,10
DVN,long,2021-04-12,2021-04-22,17.2557,16.3283,151,-0.05374,-140.03,max_hold,10
AMD,long,2021-04-13,2021-04-23,79.7098,83.3083,32,0.04514,115.15,max_hold,10
SLB,long,2021-04-13,2021-04-23,23.4316,23.0691,111,-0.01547,-40.23,max_hold,10
QCOM,long,2021-04-15,2021-04-26,121.5252,123.8229,21,0.01891,48.25,max_hold,11
BAC,long,2021-04-16,2021-04-26,34.6515,34.9339,76,0.00815,21.46,max_hold,10
AVGO,long,2021-04-16,2021-04-26,43.424,42.7685,61,-0.0151,-39.99,max_hold,10
COP,long,2021-04-19,2021-04-29,42.6038,43.2998,62,0.01634,43.15,max_hold,10
JPM,long,2021-04-21,2021-05-03,130.3129,134.6574,20,0.03334,86.89,max_hold,12
DVN,long,2021-04-23,2021-05-03,16.3447,18.3106,159,0.12028,312.58,max_hold,10
UNH,long,2021-04-28,2021-05-03,360.8468,369.8819,7,0.02504,63.25,signal_fade,5
SLB,long,2021-04-26,2021-05-06,23.0922,27.0211,114,0.17014,447.89,max_hold,10
NVDA,long,2021-04-26,2021-05-06,15.1368,14.7464,174,-0.02579,-67.91,max_hold,10
COST,long,2021-04-27,2021-05-07,348.234,365.032,7,0.04824,117.59,max_hold,10
TSLA,long,2021-04-29,2021-05-10,233.2866,199.6468,11,-0.1442,-370.04,stop_loss,11
MSFT,long,2021-04-29,2021-05-10,244.7216,234.0361,10,-0.04366,-106.86,max_hold,11
MRK,long,2021-04-30,2021-05-10,59.5879,62.9667,44,0.0567,148.67,max_hold,10
MA,long,2021-04-30,2021-05-10,372.0727,350.4878,7,-0.05801,-151.09,max_hold,10
AMD,long,2021-05-07,2021-05-13,78.7894,73.983,34,-0.061,-163.42,stop_loss,6
DVN,long,2021-05-04,2021-05-14,18.3289,20.1308,146,0.09831,263.08,max_hold,10
DVN,long,2021-05-18,2021-05-19,21.1238,19.4135,126,-0.08096,-215.49,stop_loss,1
TSLA,long,2021-05-11,2021-05-21,199.8465,193.7697,13,-0.03041,-79.0,max_hold,10
QCOM,long,2021-05-11,2021-05-21,111.9194,117.235,23,0.04749,122.26,max_hold,10
HD,long,2021-05-13,2021-05-24,280.3415,277.0148,9,-0.01187,-29.94,max_hold,11
AVGO,long,2021-05-18,2021-05-28,40.1199,42.9256,66,0.06993,185.18,max_hold,10
CVX,long,2021-05-20,2021-06-01,83.9946,87.281,31,0.03913,101.88,max_hold,12
DVN,long,2021-05-20,2021-06-01,19.4329,23.4011,136,0.2042,539.67,max_hold,12
AMZN,long,2021-05-24,2021-06-03,160.8554,160.5197,16,-0.00209,-5.37,max_hold,10
TSLA,long,2021-05-24,2021-06-03,193.9636,193.14,13,-0.00425,-10.71,max_hold,10
XOM,long,2021-05-26,2021-06-07,48.4922,51.1466,55,0.05474,145.99,max_hold,12
MRK,long,2021-05-26,2021-06-07,62.8029,61.8515,42,-0.01515,-39.96,max_hold,12
ADBE,long,2021-06-04,2021-06-07,498.9794,510.8944,5,0.02388,59.58,signal_fade,3
HD,long,2021-06-07,2021-06-17,274.8501,264.0996,9,-0.03911,-96.75,max_hold,10
DVN,long,2021-06-10,2021-06-17,23.5944,20.9517,114,-0.11201,-301.27,stop_loss,7
MRK,long,2021-06-08,2021-06-18,61.9134,65.7524,43,0.06201,165.08,max_hold,10
BAC,long,2021-06-11,2021-06-18,37.0104,34.5946,73,-0.06527,-176.36,stop_loss,7
GS,long,2021-06-11,2021-06-18,333.0035,312.4731,8,-0.06165,-164.24,stop_loss,7
SLB,long,2021-06-15,2021-06-18,30.5364,28.4369,88,-0.06875,-184.75,stop_loss,3
JPM,long,2021-06-15,2021-06-25,138.1692,135.3885,19,-0.02013,-52.83,max_hold,10
WMT,long,2021-06-15,2021-06-25,44.066,43.1467,61,-0.02086,-56.07,max_hold,10
AVGO,long,2021-06-16,2021-06-28,42.5013,42.9823,63,0.01132,30.3,max_hold,12
DVN,long,2021-06-18,2021-06-28,20.9726,22.2938,127,0.063,167.79,max_hold,10
SLB,long,2021-06-21,2021-07-01,28.4654,29.3774,93,0.03204,84.81,max_hold,10
CVX,long,2021-06-21,2021-07-01,84.8339,86.0517,31,0.01435,37.75,max_hold,10
BAC,long,2021-06-21,2021-07-01,34.6292,36.5843,76,0.05646,148.59,max_hold,10
AMZN,short,2021-06-21,2021-07-01,173.7341,172.6683,15,0.00613,15.99,max_hold,10
LLY,long,2021-06-28,2021-07-08,218.556,226.1271,12,0.03464,90.85,max_hold,10
DVN,long,2021-06-29,2021-07-09,22.3161,21.9193,120,-0.01778,-47.62,max_hold,10
WMT,long,2021-06-30,2021-07-12,43.6655,43.7562,61,0.00208,5.54,max_hold,12
MSFT,short,2021-06-30,2021-07-12,259.6504,266.4681,10,-0.02626,-68.18,max_hold,12
SLB,long,2021-07-02,2021-07-12,29.4068,27.6936,91,-0.05826,-155.9,max_hold,10
BAC,long,2021-07-02,2021-07-12,36.6209,35.7972,73,-0.02249,-60.13,max_hold,10
SLB,long,2021-07-13,2021-07-15,27.7213,26.0903,97,-0.05883,-158.2,stop_loss,2
DVN,long,2021-07-12,2021-07-16,21.9412,19.1881,122,-0.12547,-335.87,stop_loss,4
NVDA,long,2021-07-15,2021-07-16,19.7533,17.8446,135,-0.09663,-257.68,stop_loss,1
XOM,long,2021-07-07,2021-07-19,50.9313,46.1566,52,-0.09375,-248.28,stop_loss,12
AAPL,short,2021-07-07,2021-07-19,139.8459,139.9078,19,-0.00044,-1.18,max_hold,12
GS,long,2021-07-08,2021-07-19,318.8129,311.9241,8,-0.02161,-55.11,max_hold,11
TSLA,long,2021-07-08,2021-07-19,209.5614,217.2213,12,0.03655,91.92,max_hold,11
JPM,long,2021-07-09,2021-07-19,135.7285,129.8077,19,-0.04362,-112.5,max_hold,10
AMZN,short,2021-07-09,2021-07-19,186.0329,178.4552,14,0.04073,106.09,max_hold,10
BAC,long,2021-07-13,2021-07-19,35.8331,32.596,75,-0.09034,-242.78,stop_loss,6
SLB,long,2021-07-16,2021-07-19,26.1164,23.9139,101,-0.08434,-222.46,stop_loss,3
COST,short,2021-07-12,2021-07-22,392.0668,396.4875,6,-0.01128,-26.52,max_hold,10
MA,short,2021-07-15,2021-07-26,379.2149,379.4581,7,-0.00064,-1.7,max_hold,11
V,short,2021-07-16,2021-07-26,240.6951,240.1649,11,0.0022,5.83,max_hold,10
DVN,long,2021-07-19,2021-07-29,19.2073,20.7176,136,0.07863,205.39,max_hold,10
NVDA,long,2021-07-19,2021-07-29,17.8624,19.3414,147,0.0828,217.41,max_hold,10
AVGO,long,2021-07-19,2021-07-29,42.2155,43.8549,62,0.03883,101.64,max_hold,10
COP,long,2021-07-20,2021-07-30,44.7854,47.6359,58,0.06365,165.33,max_hold,10
SLB,long,2021-07-20,2021-07-30,23.9378,25.8396,109,0.07944,207.29,max_hold,10
BAC,long,2021-07-20,2021-07-30,32.6286,33.9579,80,0.04074,106.34,max_hold,10
JPM,long,2021-07-20,2021-07-30,129.9376,134.6892,20,0.03657,95.03,max_hold,10
GS,long,2021-07-20,2021-07-30,312.2362,333.0868,8,0.06678,166.81,max_hold,10
TSLA,long,2021-07-22,2021-07-30,218.9227,233.2167,12,0.06529,171.53,signal_fade,8
MRK,long,2021-07-27,2021-08-06,66.0579,64.8631,40,-0.01809,-47.79,max_hold,10
LLY,short,2021-07-29,2021-08-09,235.9761,254.5843,11,-0.07886,-204.69,stop_loss,11
DVN,long,2021-07-30,2021-08-09,20.7383,20.9595,129,0.01066,28.53,max_hold,10
XOM,long,2021-08-02,2021-08-12,47.9094,48.1469,55,0.00496,13.06,max_hold,10
SLB,long,2021-08-02,2021-08-12,25.8654,25.553,103,-0.01208,-32.18,max_hold,10
BAC,long,2021-08-02,2021-08-12,33.9918,37.221,78,0.095,251.87,max_hold,10
V,long,2021-08-04,2021-08-16,228.4164,226.5709,11,-0.00808,-20.3,max_hold,12
MA,long,2021-08-04,2021-08-16,357.3522,351.863,7,-0.01536,-38.42,max_hold,12
AMZN,long,2021-08-06,2021-08-16,168.8344,163.7931,15,-0.02986,-75.62,max_hold,10
COST,short,2021-08-06,2021-08-16,420.02,430.0603,6,-0.0239,-60.24,max_hold,10
GS,short,2021-08-09,2021-08-19,351.1681,346.999,7,0.01187,29.18,max_hold,10
SLB,long,2021-08-13,2021-08-19,25.5785,23.3765,104,-0.08609,-229.01,stop_loss,6
DVN,long,2021-08-10,2021-08-20,20.9804,20.8502,127,-0.00621,-16.54,max_hold,10
LLY,short,2021-08-10,2021-08-20,254.3298,260.7203,10,-0.02513,-63.9,max_hold,10
NVDA,long,2021-08-11,2021-08-23,19.9839,21.6672,133,0.08423,223.88,max_hold,12
CVX,long,2021-08-13,2021-08-23,83.31,80.4462,32,-0.03438,-91.64,max_hold,10
TSLA,long,2021-08-17,2021-08-27,224.3321,238.1209,11,0.06147,151.68,max_hold,10
V,long,2021-08-17,2021-08-27,226.7976,224.3437,11,-0.01082,-26.99,max_hold,10
MA,long,2021-08-17,2021-08-27,352.215,344.8646,7,-0.02087,-51.45,max_hold,10
AMZN,long,2021-08-18,2021-08-30,162.1806,171.1544,16,0.05533,143.58,max_hold,12
COP,long,2021-08-20,2021-08-30,43.7529,46.9787,60,0.07373,193.55,max_hold,10
BAC,long,2021-08-20,2021-08-30,35.4878,36.8496,74,0.03837,100.77,max_hold,10
XOM,long,2021-08-23,2021-09-02,45.5923,46.5344,58,0.02067,54.65,max_hold,10
UNH,short,2021-08-23,2021-09-02,394.1986,386.6838,6,0.01906,45.09,max_hold,10
CRM,short,2021-08-24,2021-09-03,257.337,262.1382,10,-0.01866,-48.01,max_hold,10
AMD,long,2021-08-25,2021-09-07,108.1841,108.8256,24,0.00593,15.4,max_hold,13
DVN,long,2021-08-25,2021-09-07,22.3786,22.8245,120,0.01992,53.5,max_hold,13
LLY,long,2021-08-25,2021-09-07,251.6052,243.5293,10,-0.0321,-80.76,max_hold,13
MA,long,2021-08-31,2021-09-08,343.3999,340.8891,7,-0.00731,-17.58,signal_fade,8
MRK,long,2021-08-30,2021-09-09,65.3132,63.264,41,-0.03138,-84.02,max_hold,10
SLB,long,2021-08-31,2021-09-10,25.1788,24.5329,107,-0.02565,-69.11,max_hold,10
META,short,2021-08-31,2021-09-10,376.4542,378.5466,7,-0.00556,-14.65,max_hold,10
BAC,long,2021-09-02,2021-09-13,36.5772,36.5584,73,-0.00051,-1.37,max_hold,11
ABBV,long,2021-09-02,2021-09-13,95.2326,90.479,28,-0.04992,-133.1,max_hold,11
LLY,long,2021-09-08,2021-09-14,243.773,223.4234,10,-0.08348,-203.5,stop_loss,6
COP,long,2021-09-07,2021-09-17,47.1438,48.4449,57,0.0276,74.17,max_hold,10
XOM,long,2021-09-08,2021-09-20,46.3021,45.9013,57,-0.00866,-22.85,max_hold,12
WMT,long,2021-09-08,2021-09-20,46.1469,44.7674,58,-0.02989,-80.01,max_hold,12
DVN,long,2021-09-13,2021-09-23,22.8026,25.7255,116,0.12818,339.06,max_hold,10
MSFT,short,2021-09-13,2021-09-23,285.9613,286.9017,9,-0.00329,-8.46,max_hold,10
AMD,long,2021-09-14,2021-09-24,105.5728,105.0175,25,-0.00526,-13.88,max_hold,10
LLY,long,2021-09-15,2021-09-27,223.6469,216.5461,11,-0.03175,-78.11,max_hold,12
ABBV,long,2021-09-15,2021-09-27,89.3953,90.1689,29,0.00865,22.44,max_hold,12
LLY,long,2021-09-28,2021-09-30,216.7627,220.9556,12,0.01934,50.31,signal_fade,2
BAC,long,2021-09-21,2021-10-01,34.9401,38.3184,75,0.09669,253.37,max_hold,10
SLB,long,2021-09-21,2021-10-01,24.8636,27.8255,106,0.11913,313.96,max_hold,10
NVDA,long,2021-09-21,2021-10-01,21.3576,20.4267,124,-0.04359,-115.43,max_hold,10
GS,long,2021-09-21,2021-10-01,339.2085,338.3,7,-0.00268,-6.36,max_hold,10
XOM,long,2021-09-21,2021-10-01,45.9472,51.7687,57,0.1267,331.83,max_hold,10
QCOM,long,2021-09-22,2021-10-04,119.6373,113.6947,22,-0.04967,-130.74,max_hold,12
ADBE,long,2021-09-27,2021-10-04,616.1079,563.628,4,-0.08518,-209.92,stop_loss,7
ADBE,long,2021-10-05,2021-10-13,564.1919,599.7,4,0.06294,142.03,signal_fade,8
NVDA,long,2021-10-05,2021-10-15,19.8947,21.667,135,0.08909,239.27,max_hold,10
META,long,2021-10-05,2021-10-15,325.8825,325.9234,8,0.00013,0.33,max_hold,10
SLB,long,2021-10-07,2021-10-18,27.5832,30.9472,98,0.12196,329.68,max_hold,11
META,long,2021-10-18,2021-10-18,326.2495,336.525,8,0.0315,82.2,signal_fade,0
ABBV,long,2021-10-19,2021-10-29,91.4638,97.7324,29,0.06854,181.79,max_hold,10
GOOGL,long,2021-10-21,2021-10-29,140.5932,146.6714,19,0.04323,115.49,signal_fade,8
JPM,long,2021-10-22,2021-11-01,151.6955,151.3388,18,-0.00235,-6.42,max_hold,10
HD,short,2021-10-22,2021-11-01,323.7643,325.1537,8,-0.00429,-11.12,max_hold,10
ADBE,long,2021-11-02,2021-11-04,641.4406,676.4016,4,0.0545,139.84,signal_fade,2
AMZN,long,2021-10-26,2021-11-05,167.5592,176.0739,16,0.05082,136.24,max_hold,10
META,long,2021-10-27,2021-11-08,311.6107,336.8717,8,0.08107,202.09,max_hold,12
MA,long,2021-10-27,2021-11-08,339.0212,340.6289,8,0.00474,12.86,max_hold,12
DVN,long,2021-10-28,2021-11-08,31.4102,35.0312,87,0.11528,315.03,max_hold,11
SLB,long,2021-10-28,2021-11-08,29.2852,30.7763,93,0.05092,138.67,max_hold,11
V,long,2021-10-29,2021-11-08,201.9077,211.81,13,0.04904,128.73,max_hold,10
TSLA,long,2021-11-09,2021-11-09,391.3956,336.6349,7,-0.13991,-383.32,stop_loss,0
AMD,long,2021-11-11,2021-11-11,143.0315,145.957,19,0.02045,55.58,signal_fade,0
HD,long,2021-11-02,2021-11-12,325.1537,332.0936,8,0.02134,55.52,max_hold,10
COP,long,2021-11-03,2021-11-15,61.6491,61.8842,44,0.00381,10.34,max_hold,12
UNH,long,2021-11-03,2021-11-15,414.2428,416.19,6,0.0047,11.68,max_hold,12
AAPL,long,2021-11-05,2021-11-15,148.5675,146.5136,18,-0.01382,-36.97,max_hold,10
BAC,long,2021-11-08,2021-11-18,42.1292,40.6205,66,-0.03581,-99.57,max_hold,10
SLB,long,2021-11-12,2021-11-19,29.2492,26.9978,95,-0.07697,-213.88,stop_loss,7
TSLA,long,2021-11-10,2021-11-22,336.9717,388.9754,8,0.15433,416.03,max_hold,12
DVN,long,2021-11-11,2021-11-22,33.8502,33.5226,82,-0.00968,-26.86,max_hold,11
LLY,long,2021-11-15,2021-11-26,249.1658,249.5213,11,0.00143,3.91,max_hold,11
GS,long,2021-11-18,2021-11-29,349.4065,341.2541,8,-0.02333,-65.22,max_hold,11
V,long,2021-11-18,2021-11-29,199.6431,188.5974,14,-0.05533,-154.64,max_hold,11
MRK,long,2021-11-18,2021-11-29,71.0806,64.4953,39,-0.09265,-256.83,stop_loss,11
SLB,long,2021-11-23,2021-12-01,27.8443,25.7118,100,-0.07659,-213.25,stop_loss,8
BAC,long,2021-11-22,2021-12-02,41.5687,40.1908,66,-0.03315,-90.94,max_hold,10
XOM,long,2021-11-22,2021-12-02,51.6605,52.9778,53,0.0255,69.82,max_hold,10
COP,long,2021-11-22,2021-12-02,59.0949,61.1806,47,0.03529,98.03,max_hold,10
QCOM,long,2021-11-23,2021-12-03,162.7227,160.0439,17,-0.01646,-45.54,max_hold,10
TSLA,long,2021-11-24,2021-12-06,360.3101,347.8926,7,-0.03446,-86.92,max_hold,12
AVGO,long,2021-11-29,2021-12-09,51.0321,57.1938,54,0.12074,332.73,max_hold,10
MRK,long,2021-11-30,2021-12-10,64.5598,62.4418,43,-0.03281,-91.07,max_hold,10
WMT,long,2021-11-30,2021-12-10,44.4291,44.1728,62,-0.00577,-15.89,max_hold,10
DVN,long,2021-12-02,2021-12-13,32.0142,32.689,85,0.02108,57.35,max_hold,11
NVDA,long,2021-12-07,2021-12-13,30.8749,27.598,89,-0.10614,-291.65,stop_loss,6
COST,long,2021-12-09,2021-12-15,502.9894,536.6857,5,0.06699,168.48,signal_fade,6
LLY,long,2021-12-09,2021-12-15,234.853,264.5393,11,0.1264,326.55,signal_fade,6
CRM,long,2021-12-06,2021-12-16,251.8706,246.8439,10,-0.01996,-50.27,max_hold,10
BAC,long,2021-12-06,2021-12-16,39.8377,39.7443,69,-0.00234,-6.44,max_hold,10
SLB,long,2021-12-06,2021-12-16,26.9041,26.7237,102,-0.00671,-18.41,max_hold,10
TSLA,long,2021-12-10,2021-12-16,336.4181,304.7709,8,-0.09407,-253.18,stop_loss,6
JPM,long,2021-12-13,2021-12-23,142.3009,140.4653,19,-0.0129,-34.88,max_hold,10
MRK,long,2021-12-13,2021-12-23,62.5043,66.1959,44,0.05906,162.43,max_hold,10
AMD,long,2021-12-14,2021-12-27,131.7358,155.8021,20,0.18269,481.32,max_hold,13
DVN,long,2021-12-14,2021-12-27,32.7217,36.33,84,0.11028,303.1,max_hold,13
UNH,short,2021-12-14,2021-12-27,442.2137,463.1858,6,-0.04743,-125.83,max_hold,13
ADBE,long,2021-12-17,2021-12-27,566.3731,582.5486,4,0.02856,64.7,max_hold,10
TSLA,long,2021-12-17,2021-12-27,305.0758,369.6451,9,0.21165,581.12,max_hold,10
ABBV,short,2021-12-17,2021-12-27,110.9527,114.213,25,-0.02938,-81.51,max_hold,10
XOM,long,2021-12-20,2021-12-30,50.3502,52.011,55,0.03299,91.35,max_hold,10
BAC,long,2021-12-20,2021-12-30,38.6844,39.771,71,0.02809,77.15,max_hold,10
COP,long,2021-12-20,2021-12-30,56.8971,61.2738,48,0.07692,210.08,max_hold,10
WMT,long,2021-12-23,2021-12-30,44.0783,45.0957,63,0.02308,64.1,end_of_period,7
MRK,long,2021-12-27,2021-12-30,66.2621,67.1888,42,0.01399,38.92,end_of_period,3
SLB,long,2021-12-28,2021-12-30,26.9494,26.9405,106,-0.00033,-0.94,end_of_period,2
ADBE,long,2021-12-28,2021-12-30,583.1314,570.2448,4,-0.0221,-51.55,end_of_period,2
CRM,long,2021-12-28,2021-12-30,255.4406,250.8623,11,-0.01792,-50.36,end_of_period,2
NVDA,long,2021-12-29,2021-12-30,30.1928,29.4781,94,-0.02367,-67.18,end_of_period,1
ADBE,long,2022-01-04,2022-01-05,564.182,509.745,5,-0.09649,-272.18,stop_loss,1
NVDA,long,2022-01-05,2022-01-13,28.8723,26.2041,98,-0.09241,-261.48,stop_loss,8
SLB,long,2022-01-04,2022-01-14,29.0655,34.43,98,0.18456,525.72,max_hold,10
ADBE,long,2022-01-06,2022-01-14,510.255,510.1348,5,-0.00024,-0.6,signal_fade,8
MSFT,long,2022-01-05,2022-01-18,314.0556,294.8995,9,-0.061,-172.4,stop_loss,13
UNH,long,2022-01-07,2022-01-18,431.5286,431.3831,6,-0.00034,-0.87,max_hold,11
COST,long,2022-01-10,2022-01-18,503.4555,465.5129,5,-0.07536,-189.71,stop_loss,8
HD,long,2022-01-12,2022-01-19,346.1936,321.8345,8,-0.07036,-194.87,stop_loss,7
COST,long,2022-01-19,2022-01-19,465.9786,466.3301,6,0.00075,2.11,signal_fade,0
LLY,long,2022-01-13,2022-01-20,244.0554,236.9118,11,-0.02927,-78.58,signal_fade,7
AMD,long,2022-01-14,2022-01-20,131.7458,120.0799,21,-0.08855,-244.98,stop_loss,6
NVDA,long,2022-01-19,2022-01-20,26.0099,23.4213,108,-0.09952,-279.57,stop_loss,1
AVGO,long,2022-01-19,2022-01-21,53.7021,48.9725,52,-0.08807,-245.94,stop_loss,2
HD,long,2022-01-20,2022-01-24,322.1565,318.9932,8,-0.00982,-25.31,signal_fade,4
AMD,long,2022-01-21,2022-01-25,120.2001,114.4927,23,-0.04748,-131.27,stop_loss,4
AMD,long,2022-01-26,2022-01-27,114.6073,101.4992,24,-0.11437,-314.59,stop_loss,1
GS,long,2022-01-18,2022-01-28,322.3661,308.2333,8,-0.04384,-113.06,max_hold,10
NVDA,long,2022-01-21,2022-01-31,23.4447,25.0124,118,0.06687,184.99,max_hold,10
COST,long,2022-01-21,2022-01-31,458.3976,479.8709,6,0.04684,128.84,max_hold,10
MA,long,2022-01-25,2022-02-01,334.9009,379.364,8,0.13277,355.71,signal_fade,7
AVGO,long,2022-01-24,2022-02-03,49.0215,53.1687,56,0.0846,232.25,max_hold,10
BAC,long,2022-01-24,2022-02-03,39.2476,42.0485,70,0.07137,196.06,max_hold,10
AMD,long,2022-01-28,2022-02-07,101.6008,122.3188,27,0.20392,559.39,max_hold,10
NVDA,long,2022-02-01,2022-02-11,25.0375,23.8467,112,-0.04756,-133.37,max_hold,10
ABBV,long,2022-02-02,2022-02-14,116.1357,122.8227,24,0.05758,160.49,max_hold,12
META,long,2022-02-04,2022-02-14,233.041,218.4415,12,-0.06265,-175.19,stop_loss,10
MRK,long,2022-02-07,2022-02-17,68.6947,66.4746,41,-0.03232,-91.02,max_hold,10
GS,short,2022-02-07,2022-02-17,326.9186,309.4102,8,0.05356,140.07,max_hold,10
META,long,2022-02-15,2022-02-22,218.6601,202.2816,12,-0.0749,-196.54,stop_loss,7
GOOGL,long,2022-02-14,2022-02-24,132.1513,132.312,21,0.00122,3.37,max_hold,10
JNJ,long,2022-02-15,2022-02-25,146.2161,144.1229,19,-0.01432,-39.77,max_hold,10
CRM,long,2022-02-18,2022-02-28,197.0904,209.666,14,0.06381,176.06,max_hold,10
BAC,long,2022-02-18,2022-02-28,41.1876,39.0387,68,-0.05217,-146.13,max_hold,10
TSLA,long,2022-02-25,2022-03-02,269.8782,292.7769,10,0.08485,228.99,signal_fade,5
HD,long,2022-02-23,2022-03-04,284.701,288.8165,9,0.01446,37.04,signal_fade,9
V,long,2022-02-28,2022-03-04,209.1675,193.3252,13,-0.07574,-205.95,stop_loss,4
MA,long,2022-03-01,2022-03-04,349.0746,321.1764,8,-0.07992,-223.19,stop_loss,3
META,long,2022-02-23,2022-03-07,202.484,186.1216,13,-0.08081,-212.71,stop_loss,12
BAC,long,2022-03-01,2022-03-07,39.0777,35.0652,72,-0.10268,-288.91,stop_loss,6
NVDA,long,2022-03-02,2022-03-07,23.6971,21.2349,118,-0.1039,-290.54,stop_loss,5
SLB,long,2022-03-02,2022-03-14,34.989,36.0869,80,0.03138,87.83,max_hold,12
V,long,2022-03-07,2022-03-14,193.5186,195.5019,14,0.01025,27.77,signal_fade,7
MA,long,2022-03-07,2022-03-16,321.4978,332.89,8,0.03543,91.14,signal_fade,9
AMD,long,2022-03-07,2022-03-17,108.5843,111.2244,25,0.02431,66.0,max_hold,10
LLY,short,2022-03-11,2022-03-17,255.4292,275.7194,10,-0.07944,-202.9,stop_loss,6
BAC,long,2022-03-08,2022-03-18,35.1002,38.9065,78,0.10844,296.88,max_hold,10
QCOM,long,2022-03-08,2022-03-18,137.0253,139.9139,20,0.02108,57.77,max_hold,10
AVGO,long,2022-03-08,2022-03-18,52.8332,56.2419,52,0.06452,177.25,max_hold,10
UNH,long,2022-03-23,2022-03-23,464.8064,466.8656,6,0.00443,12.36,signal_fade,0
HD,short,2022-03-14,2022-03-24,289.3497,285.6657,9,0.01273,33.16,max_hold,10
DVN,long,2022-03-15,2022-03-25,41.5722,50.0293,66,0.20343,558.17,max_hold,10
XOM,long,2022-03-15,2022-03-25,68.253,71.9479,40,0.05413,147.79,max_hold,10
GS,short,2022-03-17,2022-03-28,303.545,308.442,9,-0.01613,-44.07,max_hold,11
AMD,long,2022-03-18,2022-03-28,111.3356,122.2189,25,0.09775,272.08,max_hold,10
SLB,long,2022-03-18,2022-03-28,35.7873,36.6941,78,0.02534,70.73,max_hold,10
MRK,long,2022-03-21,2022-03-31,70.0798,72.2242,40,0.0306,85.78,max_hold,10
QCOM,long,2022-03-21,2022-03-31,140.0539,138.0512,20,-0.0143,-40.05,max_hold,10
LLY,long,2022-03-30,2022-04-01,280.2916,282.1025,10,0.00646,18.11,signal_fade,2
JNJ,long,2022-03-23,2022-04-04,155.2153,156.1575,18,0.00607,16.96,max_hold,12
WMT,long,2022-03-23,2022-04-04,45.3059,47.708,62,0.05302,148.93,max_hold,12
BAC,long,2022-03-30,2022-04-05,39.0262,35.6665,73,-0.08609,-245.26,stop_loss,6
UNH,long,2022-04-05,2022-04-05,471.9598,479.0872,6,0.0151,42.76,signal_fade,0
ABBV,long,2022-04-05,2022-04-06,138.8466,143.6601,20,0.03467,96.27,signal_fade,1
HD,long,2022-03-28,2022-04-07,278.9564,270.1291,10,-0.03164,-88.27,max_hold,10
ADBE,long,2022-03-28,2022-04-07,433.6367,449.725,6,0.0371,96.53,max_hold,10
CVX,long,2022-03-29,2022-04-08,138.0403,142.1699,20,0.02992,82.59,max_hold,10
AMD,long,2022-04-01,2022-04-08,110.5352,98.5507,25,-0.10842,-299.61,stop_loss,7
COP,long,2022-03-30,2022-04-11,86.9262,85.7339,33,-0.01372,-39.35,max_hold,12
NVDA,long,2022-04-08,2022-04-11,23.8577,22.4586,119,-0.05864,-166.49,stop_loss,3
GS,long,2022-04-08,2022-04-11,282.4226,289.4282,10,0.02481,70.06,signal_fade,3
JNJ,long,2022-04-05,2022-04-18,156.3137,159.9183,18,0.02306,64.88,max_hold,13
JPM,long,2022-04-05,2022-04-18,121.222,116.0245,23,-0.04288,-119.54,max_hold,13
QCOM,long,2022-04-06,2022-04-18,129.9675,126.1396,21,-0.02945,-80.39,max_hold,12
SLB,long,2022-04-06,2022-04-18,37.1662,39.0866,76,0.05167,145.95,max_hold,12
AMD,long,2022-04-11,2022-04-21,98.6493,89.985,28,-0.08783,-242.6,stop_loss,10
V,long,2022-04-11,2022-04-21,208.4412,209.1906,13,0.0036,9.74,max_hold,10
GOOGL,long,2022-04-12,2022-04-22,130.5086,117.9952,21,-0.09588,-262.78,stop_loss,10
COP,long,2022-04-12,2022-04-22,85.8197,79.6927,33,-0.07139,-202.19,max_hold,10
ABBV,long,2022-04-14,2022-04-25,136.5323,135.1774,20,-0.00992,-27.1,max_hold,11
LLY,long,2022-04-25,2022-04-25,268.8804,275.7714,10,0.02563,68.91,signal_fade,0
TSLA,long,2022-04-19,2022-04-26,335.1875,299.3769,8,-0.10684,-286.48,stop_loss,7
GS,short,2022-04-19,2022-04-29,297.3369,275.4246,9,0.0737,197.21,max_hold,10
HD,short,2022-04-21,2022-05-02,284.0539,274.1935,9,0.03471,88.74,max_hold,11
AMD,long,2022-04-22,2022-05-02,90.075,89.8051,31,-0.003,-8.37,max_hold,10
CVX,long,2022-04-22,2022-05-02,138.7748,134.5794,20,-0.03023,-83.91,max_hold,10
META,long,2022-04-25,2022-05-02,181.2299,208.5137,15,0.15055,409.26,signal_fade,7
COST,long,2022-04-25,2022-05-02,543.2956,505.211,5,-0.0701,-190.42,stop_loss,7
DVN,long,2022-04-25,2022-05-05,46.1099,56.4465,60,0.22417,620.19,max_hold,10
COP,long,2022-04-25,2022-05-05,79.7724,89.2644,35,0.11899,332.22,max_hold,10
AMZN,long,2022-05-03,2022-05-06,124.1155,111.2568,22,-0.1036,-282.89,stop_loss,3
TSLA,long,2022-04-27,2022-05-09,299.6764,272.9668,9,-0.08913,-240.39,stop_loss,12
UNH,long,2022-04-28,2022-05-09,478.2155,456.5205,5,-0.04537,-108.47,max_hold,11
MSFT,short,2022-05-03,2022-05-09,273.9652,262.3894,10,0.04225,115.76,signal_recovered,6
ABBV,long,2022-05-02,2022-05-10,126.8448,130.4941,22,0.02877,80.28,signal_fade,8
COST,long,2022-05-03,2022-05-10,505.7164,480.3507,5,-0.05016,-126.83,signal_fade,7
TSLA,long,2022-05-10,2022-05-11,273.2399,233.5498,10,-0.14526,-396.9,stop_loss,1
MA,long,2022-05-06,2022-05-12,338.2277,319.7582,8,-0.05461,-147.76,stop_loss,6
AMD,long,2022-05-03,2022-05-13,89.8949,93.8131,31,0.04359,121.46,max_hold,10
HD,short,2022-05-03,2022-05-13,273.9194,263.7796,10,0.03702,101.4,max_hold,10
ADBE,short,2022-05-05,2022-05-16,415.3422,413.2865,6,0.00495,12.33,max_hold,11
V,long,2022-05-06,2022-05-16,197.3049,196.6119,14,-0.00351,-9.7,max_hold,10
COST,long,2022-05-13,2022-05-18,470.5165,410.2408,5,-0.12811,-301.38,stop_loss,5
AMZN,long,2022-05-09,2022-05-19,111.3682,109.5137,25,-0.01665,-46.36,max_hold,10
SLB,long,2022-05-10,2022-05-20,34.8983,37.9809,80,0.08833,246.61,max_hold,10
XOM,long,2022-05-10,2022-05-20,74.1587,80.9785,38,0.09196,259.15,max_hold,10
COP,long,2022-05-10,2022-05-20,84.8161,91.2748,33,0.07615,213.14,max_hold,10
TSLA,long,2022-05-12,2022-05-23,233.7835,217.7344,12,-0.06865,-192.59,max_hold,11
MA,long,2022-05-13,2022-05-23,320.0782,335.5867,8,0.04845,124.07,max_hold,10
QCOM,long,2022-05-17,2022-05-27,124.8288,126.7484,22,0.01538,42.23,max_hold,10
COST,long,2022-05-19,2022-05-31,410.6512,447.4261,6,0.08955,220.65,max_hold,12
WMT,long,2022-05-19,2022-05-31,38.3962,40.7792,73,0.06206,173.96,max_hold,12
AAPL,long,2022-05-20,2022-05-31,136.421,146.8766,20,0.07664,209.11,max_hold,11
TSLA,long,2022-05-24,2022-05-31,217.9523,251.5941,13,0.15435,437.34,signal_fade,7
UNH,short,2022-05-25,2022-06-06,460.8749,452.9888,6,0.01711,47.32,max_hold,12
GS,short,2022-05-25,2022-06-06,280.0439,288.4111,10,-0.02988,-83.67,max_hold,12
CVX,long,2022-06-01,2022-06-08,150.4285,153.0842,19,0.01765,50.46,signal_fade,7
ABBV,long,2022-05-31,2022-06-10,128.5661,121.715,22,-0.05329,-150.72,max_hold,10
NVDA,long,2022-06-08,2022-06-10,18.7563,15.9477,154,-0.14974,-432.52,stop_loss,2
AMZN,long,2022-06-09,2022-06-10,120.05,104.1379,24,-0.13255,-381.89,stop_loss,1
MRK,long,2022-06-01,2022-06-13,80.6353,75.101,35,-0.06863,-193.7,stop_loss,12
JNJ,long,2022-06-01,2022-06-13,159.7073,152.3429,18,-0.04611,-132.56,max_hold,12
AVGO,long,2022-06-07,2022-06-13,52.1093,48.7538,55,-0.06439,-184.55,stop_loss,6
GS,long,2022-06-10,2022-06-15,269.1191,255.8959,10,-0.04914,-132.23,signal_fade,5
AMD,long,2022-06-13,2022-06-16,91.3056,82.1489,30,-0.10029,-274.7,stop_loss,3
DVN,long,2022-06-14,2022-06-16,59.8679,52.4314,46,-0.12422,-342.08,stop_loss,2
CVX,long,2022-06-14,2022-06-16,144.1638,131.6985,19,-0.08647,-236.84,stop_loss,2
COP,long,2022-06-14,2022-06-16,98.2418,87.3583,28,-0.11078,-304.74,stop_loss,2
COP,long,2022-06-17,2022-06-17,87.4457,82.65,31,-0.05484,-148.67,stop_loss,0
DVN,long,2022-06-17,2022-06-17,52.4838,49.8888,52,-0.04944,-134.94,stop_loss,0
MA,long,2022-06-17,2022-06-17,299.8872,308.4188,9,0.02845,76.78,signal_fade,0
WMT,long,2022-06-09,2022-06-21,38.7552,38.7482,74,-0.00018,-0.52,max_hold,12
BAC,long,2022-06-10,2022-06-21,30.4322,29.2373,94,-0.03926,-112.32,max_hold,11
NVDA,long,2022-06-13,2022-06-23,15.9637,16.4461,176,0.03022,84.9,max_hold,10
JPM,long,2022-06-13,2022-06-23,105.6612,102.2767,26,-0.03203,-88.0,max_hold,10
UNH,short,2022-06-13,2022-06-23,439.2513,463.8357,6,-0.05597,-147.51,max_hold,10
CVX,long,2022-06-17,2022-06-23,131.8303,123.4673,20,-0.06344,-167.26,stop_loss,6
COP,long,2022-06-21,2022-06-23,82.7327,77.4682,32,-0.06363,-168.46,stop_loss,2
META,long,2022-06-14,2022-06-24,164.667,169.7437,16,0.03083,81.23,max_hold,10
AMD,long,2022-06-17,2022-06-27,82.2311,85.6671,33,0.04179,113.39,max_hold,10
NVDA,long,2022-06-27,2022-06-28,17.2727,15.7623,157,-0.08744,-237.13,stop_loss,1
AMD,long,2022-06-28,2022-06-29,85.7529,77.6911,31,-0.09401,-249.91,stop_loss,1
XOM,long,2022-06-21,2022-07-01,77.4903,75.4552,35,-0.02626,-71.23,max_hold,10
COP,long,2022-06-24,2022-07-05,77.5457,72.6132,34,-0.06361,-167.71,max_hold,11
QCOM,long,2022-06-24,2022-07-05,111.8905,115.1399,24,0.02904,77.99,max_hold,11
DVN,long,2022-06-24,2022-07-05,46.8076,42.763,57,-0.08641,-230.54,stop_loss,11
UNH,short,2022-06-24,2022-07-05,463.3721,469.5937,5,-0.01343,-31.11,max_hold,11
AMZN,long,2022-06-29,2022-07-11,107.4337,112.1039,25,0.04347,116.76,max_hold,12
AMD,long,2022-06-30,2022-07-11,77.7689,76.9415,34,-0.01064,-28.13,max_hold,11
SLB,long,2022-07-05,2022-07-14,31.4382,29.1602,85,-0.07246,-193.63,stop_loss,9
COP,long,2022-07-06,2022-07-18,72.6858,74.0878,36,0.01929,50.47,max_hold,12
DVN,long,2022-07-06,2022-07-18,42.8058,45.3808,62,0.06016,159.65,max_hold,12
NVDA,long,2022-07-06,2022-07-18,14.9759,16.4321,178,0.09724,259.21,max_hold,12
WMT,long,2022-07-07,2022-07-18,39.7685,41.0617,67,0.03252,86.64,max_hold,11
MA,short,2022-07-13,2022-07-19,308.7939,333.0033,8,-0.0784,-193.68,stop_loss,6
AMD,long,2022-07-12,2022-07-22,77.0185,86.5267,34,0.12345,323.28,max_hold,10
AMZN,long,2022-07-12,2022-07-22,112.2161,122.6386,23,0.09288,239.72,max_hold,10
XOM,long,2022-07-15,2022-07-25,74.1835,79.6413,36,0.07357,196.48,max_hold,10
JPM,long,2022-07-15,2022-07-25,99.5722,104.4117,26,0.0486,125.83,max_hold,10
LLY,long,2022-07-19,2022-07-26,313.6685,318.0831,8,0.01407,35.32,signal_fade,7
WMT,long,2022-07-22,2022-07-26,42.1034,38.4753,65,-0.08617,-235.83,stop_loss,4
GOOGL,long,2022-07-19,2022-07-29,109.9306,114.2295,24,0.0391,103.17,max_hold,10
COP,long,2022-07-19,2022-07-29,74.1619,82.6754,36,0.1148,306.49,max_hold,10
JNJ,long,2022-07-19,2022-07-29,157.1934,155.1125,17,-0.01324,-35.37,max_hold,10
MRK,long,2022-07-19,2022-07-29,82.6077,79.1497,32,-0.04186,-110.66,max_hold,10
COST,long,2022-07-28,2022-08-01,497.2986,519.4799,5,0.0446,110.91,signal_fade,4
NVDA,long,2022-07-25,2022-08-04,16.9804,18.7485,160,0.10413,282.91,max_hold,10
META,long,2022-07-26,2022-08-05,164.5777,166.4543,16,0.0114,30.02,max_hold,10
HD,long,2022-07-29,2022-08-05,270.7892,281.213,10,0.03849,104.24,signal_fade,7
LLY,long,2022-08-01,2022-08-05,316.9785,290.6915,8,-0.08293,-210.3,stop_loss,4
BAC,long,2022-07-29,2022-08-08,30.2424,30.3747,90,0.00437,11.9,max_hold,10
ABBV,long,2022-07-29,2022-08-08,126.9749,122.6965,21,-0.0337,-89.85,max_hold,10
MRK,long,2022-08-01,2022-08-11,79.2289,78.8396,34,-0.00491,-13.24,max_hold,10
QCOM,long,2022-08-01,2022-08-11,131.9408,135.1793,20,0.02455,64.77,max_hold,10
V,long,2022-08-01,2022-08-11,202.2418,206.8154,13,0.02261,59.46,max_hold,10
JPM,long,2022-08-02,2022-08-12,103.9141,110.3895,26,0.06231,168.36,max_hold,10
COP,long,2022-08-05,2022-08-15,76.6019,88.1881,35,0.15125,405.52,max_hold,10
TSLA,long,2022-08-10,2022-08-15,297.2152,311.5108,9,0.0481,128.66,signal_fade,5
LLY,long,2022-08-08,2022-08-17,290.9823,307.2579,9,0.05593,146.48,signal_fade,9
COST,long,2022-08-08,2022-08-17,519.8179,533.8315,5,0.02696,70.07,signal_fade,9
NVDA,long,2022-08-08,2022-08-18,17.4623,18.3459,158,0.0506,139.61,max_hold,10
CVX,long,2022-08-09,2022-08-19,132.7325,134.4482,20,0.01293,34.31,max_hold,10
JNJ,long,2022-08-15,2022-08-19,147.9844,151.4299,18,0.02328,62.02,signal_fade,4
QCOM,long,2022-08-12,2022-08-22,135.3146,129.7813,20,-0.04089,-110.67,max_hold,10
UNH,long,2022-08-12,2022-08-22,497.4271,504.0554,5,0.01333,33.14,max_hold,10
V,long,2022-08-15,2022-08-25,204.4661,203.6792,13,-0.00385,-10.23,max_hold,10
AMD,long,2022-08-17,2022-08-26,99.3096,90.005,28,-0.09369,-260.53,stop_loss,9
AMZN,long,2022-08-19,2022-08-29,140.5402,131.1844,20,-0.06657,-187.12,stop_loss,10
MA,long,2022-08-30,2022-08-31,323.8266,316.4758,8,-0.0227,-58.81,signal_fade,1
JPM,long,2022-08-22,2022-09-01,106.4955,105.5872,26,-0.00853,-23.62,max_hold,10
AMD,long,2022-08-29,2022-09-01,90.095,83.2783,30,-0.07566,-204.5,stop_loss,3
TSLA,long,2022-08-23,2022-09-02,291.5991,272.5437,9,-0.06535,-171.5,stop_loss,10
GOOGL,long,2022-08-30,2022-09-09,109.2563,109.9595,25,0.00644,17.58,max_hold,10
MRK,long,2022-09-01,2022-09-12,75.9477,77.3601,36,0.0186,50.85,max_hold,11
AMD,long,2022-09-02,2022-09-12,83.3617,80.9195,33,-0.0293,-80.59,max_hold,10
XOM,long,2022-09-02,2022-09-12,85.1064,85.2508,32,0.0017,4.62,max_hold,10
CVX,long,2022-09-02,2022-09-12,135.9141,138.4983,20,0.01901,51.68,max_hold,10
HD,long,2022-09-13,2022-09-15,265.2969,244.193,10,-0.07955,-211.04,stop_loss,2
COST,long,2022-09-14,2022-09-15,491.1622,477.0261,5,-0.02878,-70.68,signal_fade,1
NVDA,long,2022-09-06,2022-09-16,13.6998,12.9733,200,-0.05303,-145.3,max_hold,10
DVN,long,2022-09-07,2022-09-19,56.4354,55.9137,48,-0.00924,-25.04,max_hold,12
HD,long,2022-09-16,2022-09-19,244.4373,251.2996,11,0.02807,75.49,signal_fade,3
AMD,long,2022-09-13,2022-09-20,81.0005,75.4023,34,-0.06911,-190.34,stop_loss,7
AMZN,long,2022-09-14,2022-09-22,127.4237,115.942,21,-0.09011,-241.12,stop_loss,8
AMD,long,2022-09-21,2022-09-22,75.4777,67.966,36,-0.09952,-270.42,stop_loss,1
CVX,long,2022-09-13,2022-09-23,138.6368,123.1906,20,-0.11142,-308.93,stop_loss,10
XOM,long,2022-09-13,2022-09-23,85.3361,74.9177,32,-0.12209,-333.39,stop_loss,10
DVN,long,2022-09-20,2022-09-23,55.9697,49.0689,48,-0.12329,-331.24,stop_loss,3
COST,long,2022-09-26,2022-09-26,445.292,463.5815,5,0.04107,91.45,signal_fade,0
NVDA,long,2022-09-19,2022-09-29,12.9863,12.0511,209,-0.07202,-195.46,max_hold,10
UNH,short,2022-09-19,2022-09-29,482.6488,476.1538,5,0.01346,32.48,max_hold,10
GS,long,2022-09-26,2022-09-29,272.986,269.9769,9,-0.01102,-27.08,signal_fade,3
MA,long,2022-09-28,2022-09-29,278.9311,280.3627,9,0.00513,12.88,signal_fade,1
AMD,long,2022-09-23,2022-10-03,68.034,68.2359,39,0.00297,7.87,max_hold,10
ADBE,long,2022-09-23,2022-10-03,285.7128,290.8045,9,0.01782,45.83,max_hold,10
TSLA,long,2022-09-30,2022-10-03,266.2831,250.3947,10,-0.05967,-158.88,stop_loss,3
COP,long,2022-09-26,2022-10-06,87.2995,104.4201,30,0.19611,513.62,max_hold,10
XOM,long,2022-09-26,2022-10-06,74.9926,90.1747,35,0.20245,531.37,max_hold,10
DVN,long,2022-09-26,2022-10-06,49.118,62.0313,54,0.2629,697.32,max_hold,10
JPM,long,2022-09-27,2022-10-07,98.286,98.1285,26,-0.0016,-4.1,max_hold,10
TSLA,long,2022-10-04,2022-10-07,250.6453,223.818,10,-0.10703,-268.27,stop_loss,3
AMD,long,2022-10-04,2022-10-07,68.3041,57.2813,39,-0.16138,-429.89,stop_loss,3
LLY,short,2022-09-28,2022-10-10,323.5351,310.7211,8,0.03961,102.51,max_hold,12
ABBV,long,2022-10-03,2022-10-13,118.6287,125.6366,22,0.05907,154.17,max_hold,10
ADBE,long,2022-10-04,2022-10-13,291.0955,294.9724,9,0.01332,34.89,signal_fade,9
TSLA,long,2022-10-10,2022-10-14,224.042,209.935,12,-0.06297,-169.28,stop_loss,4
MSFT,short,2022-10-05,2022-10-17,238.3894,235.9602,11,0.01019,26.72,max_hold,12
MA,short,2022-10-06,2022-10-17,296.2038,297.0783,9,-0.00295,-7.87,max_hold,11
JNJ,long,2022-10-07,2022-10-17,145.1825,147.9333,18,0.01895,49.51,max_hold,10
AMD,long,2022-10-10,2022-10-20,57.3387,57.1914,47,-0.00257,-6.92,max_hold,10
JPM,long,2022-10-12,2022-10-24,93.6894,112.0299,29,0.19576,531.87,max_hold,12
BAC,long,2022-10-12,2022-10-24,26.9582,31.5652,101,0.17089,465.31,max_hold,12
COST,short,2022-10-12,2022-10-24,452.9156,471.5294,6,-0.0411,-111.68,max_hold,12
NVDA,long,2022-10-14,2022-10-24,12.0332,12.6563,228,0.05178,142.06,max_hold,10
GS,short,2022-10-14,2022-10-24,280.4294,299.3351,9,-0.06742,-170.15,max_hold,10
V,short,2022-10-14,2022-10-24,181.3665,185.5134,15,-0.02286,-62.2,max_hold,10
HD,long,2022-10-21,2022-10-26,243.7923,264.8866,11,0.08653,232.04,signal_fade,5
TSLA,long,2022-10-17,2022-10-27,210.145,225.2873,13,0.07206,196.85,max_hold,10
MSFT,short,2022-10-18,2022-10-27,235.7244,219.469,11,0.06896,178.81,signal_recovered,9
MA,short,2022-10-18,2022-10-28,296.7814,322.2717,9,-0.08589,-229.41,stop_loss,10
AMD,long,2022-10-24,2022-11-03,58.5993,62.4688,47,0.06603,181.86,max_hold,10
GOOGL,long,2022-10-28,2022-11-03,91.5047,84.6071,30,-0.07538,-206.93,stop_loss,6
NVDA,long,2022-10-25,2022-11-04,12.6689,14.1857,217,0.11972,329.14,max_hold,10
BAC,long,2022-10-25,2022-11-04,31.5968,33.6278,87,0.06428,176.69,max_hold,10
ABBV,long,2022-10-31,2022-11-10,128.0288,131.751,21,0.02907,78.17,max_hold,10
DVN,long,2022-11-03,2022-11-14,57.8796,61.8174,47,0.06803,185.08,max_hold,11
GOOGL,long,2022-11-04,2022-11-14,84.6917,97.3477,32,0.14944,404.99,max_hold,10
AMZN,long,2022-11-04,2022-11-14,91.5357,103.1584,30,0.12697,348.68,max_hold,10
UNH,long,2022-11-11,2022-11-15,508.9285,470.829,5,-0.07486,-190.5,stop_loss,4
V,long,2022-11-10,2022-11-16,197.8316,202.3731,14,0.02296,63.58,signal_fade,6
NVDA,long,2022-11-07,2022-11-17,14.1999,15.9186,197,0.12103,338.57,max_hold,10
COP,long,2022-11-07,2022-11-17,117.4508,113.9312,23,-0.02997,-80.95,max_hold,10
AMZN,long,2022-11-15,2022-11-17,103.2616,95.902,27,-0.07127,-198.71,stop_loss,2
TSLA,long,2022-11-15,2022-11-18,195.9779,175.7621,14,-0.10315,-283.02,stop_loss,3
UNH,long,2022-11-16,2022-11-18,471.3,492.3467,6,0.04466,126.28,signal_fade,2
CVX,long,2022-11-10,2022-11-21,156.5193,158.8867,17,0.01513,40.25,max_hold,11
ABBV,long,2022-11-11,2022-11-21,131.8828,138.9315,21,0.05345,148.02,max_hold,10
JNJ,long,2022-11-11,2022-11-21,155.0187,159.1749,18,0.02681,74.81,max_hold,10
DVN,long,2022-11-15,2022-11-21,61.8793,58.2923,46,-0.05797,-165.0,stop_loss,6
AMZN,long,2022-11-18,2022-11-28,95.998,93.993,29,-0.02089,-58.14,max_hold,10
NVDA,long,2022-11-18,2022-11-28,15.9345,15.78,178,-0.0097,-27.5,max_hold,10
JPM,long,2022-11-18,2022-11-28,123.8486,123.8075,22,-0.00033,-0.9,max_hold,10
SLB,long,2022-11-18,2022-11-28,47.4254,46.2358,59,-0.02508,-70.19,max_hold,10
TSLA,long,2022-11-21,2022-12-01,175.9379,191.6841,16,0.0895,251.94,max_hold,10
COP,long,2022-11-22,2022-12-02,113.681,110.2491,24,-0.03019,-82.37,max_hold,10
DVN,long,2022-11-22,2022-12-02,58.3506,59.6784,48,0.02275,63.73,max_hold,10
BAC,long,2022-12-02,2022-12-06,32.9891,29.7848,86,-0.09713,-275.57,stop_loss,4
COP,long,2022-12-05,2022-12-06,110.3594,103.1778,25,-0.06508,-179.54,stop_loss,1
CRM,long,2022-12-05,2022-12-07,140.4417,126.1827,20,-0.10153,-285.18,stop_loss,2
NVDA,long,2022-11-29,2022-12-09,15.7958,16.9907,179,0.07565,213.9,max_hold,10
AAPL,long,2022-11-29,2022-12-09,141.9529,140.2483,19,-0.01201,-32.39,max_hold,10
XOM,long,2022-11-29,2022-12-09,98.4889,92.3595,28,-0.06223,-171.62,max_hold,10
COST,long,2022-12-02,2022-12-09,477.36,461.7782,5,-0.03264,-77.91,signal_fade,7
CVX,long,2022-12-05,2022-12-09,158.1109,146.072,18,-0.07614,-216.7,stop_loss,4
ADBE,long,2022-12-08,2022-12-09,325.8728,334.5926,8,0.02676,69.76,signal_fade,1
JPM,long,2022-12-02,2022-12-12,123.775,125.8578,23,0.01683,47.91,max_hold,10
GS,long,2022-12-05,2022-12-15,347.8815,316.806,8,-0.08933,-248.6,stop_loss,10
NVDA,long,2022-12-13,2022-12-15,18.4992,16.8182,151,-0.09087,-253.83,stop_loss,2
COP,long,2022-12-07,2022-12-19,103.281,97.9963,26,-0.05117,-137.4,max_hold,12
GS,long,2022-12-16,2022-12-19,317.123,317.6415,8,0.00164,4.15,signal_fade,3
TSLA,long,2022-12-16,2022-12-20,159.7198,139.2703,17,-0.12803,-347.64,stop_loss,4
CVX,long,2022-12-12,2022-12-22,146.2182,150.5425,19,0.02957,82.16,max_hold,10
QCOM,long,2022-12-12,2022-12-22,107.388,101.4018,25,-0.05574,-149.66,max_hold,10
XOM,long,2022-12-12,2022-12-22,92.4519,95.1348,30,0.02902,80.49,max_hold,10
TSLA,long,2022-12-21,2022-12-22,139.4097,126.3068,19,-0.09399,-248.95,stop_loss,1
META,long,2022-12-13,2022-12-23,121.1274,116.845,23,-0.03535,-98.5,max_hold,10
JPM,long,2022-12-14,2022-12-27,123.1215,121.224,22,-0.01541,-41.75,max_hold,13
JNJ,long,2022-12-14,2022-12-27,161.3033,160.4021,17,-0.00559,-15.32,max_hold,13
WMT,long,2022-12-14,2022-12-27,47.1058,45.9006,59,-0.02559,-71.11,max_hold,13
TSLA,long,2022-12-23,2022-12-27,126.4332,110.2948,21,-0.12764,-338.91,stop_loss,4
QCOM,long,2022-12-23,2022-12-30,101.5032,101.6236,26,0.00119,3.13,end_of_period,7
NVDA,long,2022-12-27,2022-12-30,15.0481,14.5743,180,-0.03149,-85.28,end_of_period,3
TSLA,long,2022-12-28,2022-12-30,110.4052,123.1184,24,0.11515,305.12,end_of_period,2
JNJ,long,2022-12-28,2022-12-30,160.5626,159.4005,16,-0.00724,-18.59,end_of_period,2
ABBV,long,2022-12-30,2022-12-30,143.0744,142.3852,18,-0.00482,-12.41,end_of_period,0
TSLA,long,2023-01-04,2023-01-11,109.1646,122.4987,24,0.12215,320.02,signal_fade,7
MSFT,long,2023-01-05,2023-01-11,221.0214,228.6335,12,0.03444,91.35,signal_fade,6
ABBV,long,2023-01-04,2023-01-17,143.2244,135.2982,18,-0.05534,-142.67,max_hold,13
JNJ,long,2023-01-04,2023-01-17,161.5833,154.8888,16,-0.04143,-107.11,max_hold,13
NVDA,long,2023-01-04,2023-01-17,14.542,17.619,186,0.2116,572.33,max_hold,13
MRK,long,2023-01-04,2023-01-17,101.0764,98.8178,26,-0.02235,-58.72,max_hold,13
JPM,long,2023-01-04,2023-01-17,125.1555,128.6677,21,0.02806,73.76,max_hold,13
CVX,long,2023-01-13,2023-01-23,153.2811,156.5867,17,0.02157,56.19,max_hold,10
META,long,2023-01-26,2023-01-27,143.2145,148.0353,19,0.03366,91.6,signal_fade,1
NVDA,long,2023-01-18,2023-01-30,17.6366,19.1179,156,0.08399,231.08,max_hold,12
ABBV,long,2023-01-18,2023-01-30,135.4335,129.5258,20,-0.04362,-118.15,max_hold,12
JNJ,long,2023-01-18,2023-01-30,155.0437,145.9103,17,-0.05891,-155.27,max_hold,12
MRK,long,2023-01-18,2023-01-30,98.9167,95.3836,27,-0.03572,-95.39,max_hold,12
JPM,long,2023-01-23,2023-02-02,125.2733,127.9823,21,0.02162,56.89,max_hold,10
HD,long,2023-01-24,2023-02-03,288.0248,300.4017,9,0.04297,111.39,max_hold,10
MA,long,2023-01-24,2023-02-03,382.7838,362.7909,7,-0.05223,-139.95,max_hold,10
AMD,long,2023-01-27,2023-02-06,73.7368,84.2778,37,0.14295,390.02,max_hold,10
META,long,2023-01-31,2023-02-06,146.7354,183.8725,18,0.25309,668.47,signal_fade,6
LLY,long,2023-02-02,2023-02-09,325.2199,333.912,8,0.02673,69.54,signal_fade,7
JNJ,long,2023-01-31,2023-02-10,146.0563,145.5765,18,-0.00329,-8.64,max_hold,10
NVDA,long,2023-01-31,2023-02-10,19.1371,21.4795,143,0.1224,334.97,max_hold,10
MRK,long,2023-01-31,2023-02-10,95.4791,97.73,28,0.02358,63.03,max_hold,10
CVX,long,2023-02-01,2023-02-13,150.0093,147.4123,18,-0.01731,-46.75,max_hold,12
JPM,long,2023-02-03,2023-02-13,128.1103,131.9835,22,0.03023,85.21,max_hold,10
COP,long,2023-02-06,2023-02-16,97.0262,95.1817,29,-0.01901,-53.49,max_hold,10
XOM,long,2023-02-06,2023-02-16,100.0471,102.3566,28,0.02308,64.66,max_hold,10
AMZN,long,2023-02-08,2023-02-21,102.091,95.0524,27,-0.06894,-190.04,stop_loss,13
QCOM,long,2023-02-09,2023-02-21,123.8857,114.9158,22,-0.0724,-197.34,stop_loss,12
HD,long,2023-02-10,2023-02-21,286.864,271.6937,9,-0.05288,-136.53,max_hold,11
LLY,long,2023-02-17,2023-02-21,315.6731,320.7835,8,0.01619,40.88,signal_fade,4
GOOGL,long,2023-02-13,2023-02-23,93.9543,88.6096,30,-0.05689,-160.34,max_hold,10
JPM,long,2023-02-16,2023-02-27,132.4956,132.391,21,-0.00079,-2.2,max_hold,11
COP,long,2023-02-17,2023-02-27,95.2769,95.648,29,0.00389,10.76,max_hold,10
MA,long,2023-02-21,2023-02-27,350.1589,347.8969,8,-0.00646,-18.1,signal_fade,6
HD,long,2023-02-22,2023-02-28,271.9655,266.5529,10,-0.0199,-54.13,signal_fade,6
XOM,long,2023-02-21,2023-03-03,99.4262,100.3846,28,0.00964,26.83,max_hold,10
NVDA,long,2023-02-22,2023-03-06,20.6714,23.5399,135,0.13877,387.24,max_hold,12
AMZN,long,2023-02-22,2023-03-06,95.1475,94.013,29,-0.01192,-32.9,max_hold,12
GOOGL,long,2023-02-24,2023-03-06,88.6982,94.0981,31,0.06088,167.4,max_hold,10
LLY,long,2023-03-01,2023-03-06,302.8274,311.3077,9,0.028,76.32,signal_fade,5
COST,long,2023-03-01,2023-03-07,461.4813,462.8408,6,0.00295,8.16,signal_fade,6
JPM,long,2023-02-28,2023-03-09,132.5234,119.4427,21,-0.0987,-274.69,stop_loss,9
TSLA,long,2023-03-07,2023-03-09,191.4757,175.0424,14,-0.08582,-230.07,stop_loss,2
GS,long,2023-03-01,2023-03-13,323.3829,300.2951,8,-0.07139,-184.7,stop_loss,12
ABBV,long,2023-03-01,2023-03-13,136.0033,135.1469,20,-0.0063,-17.13,max_hold,12
MRK,long,2023-03-01,2023-03-13,95.3531,95.4584,29,0.0011,3.05,max_hold,12
META,long,2023-03-09,2023-03-13,184.8202,185.8541,15,0.00559,15.51,signal_fade,4
QCOM,long,2023-03-07,2023-03-17,114.0206,112.3163,24,-0.01495,-40.9,max_hold,10
JPM,long,2023-03-10,2023-03-20,119.5622,120.9524,23,0.01163,31.97,max_hold,10
TSLA,long,2023-03-10,2023-03-20,175.2176,188.1859,15,0.07401,194.52,max_hold,10
GS,long,2023-03-14,2023-03-23,300.5955,286.7768,9,-0.04597,-124.37,signal_fade,9
XOM,long,2023-03-14,2023-03-24,95.4244,93.8859,29,-0.01612,-44.62,max_hold,10
ABBV,long,2023-03-15,2023-03-27,135.4869,140.35,20,0.03589,97.26,max_hold,12
COP,long,2023-03-16,2023-03-27,82.593,87.1721,33,0.05544,151.11,max_hold,11
CVX,long,2023-03-16,2023-03-27,131.1207,137.2006,21,0.04637,127.68,max_hold,11
MRK,long,2023-03-20,2023-03-30,94.983,96.1645,29,0.01244,34.26,max_hold,10
JNJ,long,2023-03-22,2023-04-03,139.9653,142.661,20,0.01926,53.91,max_hold,12
JPM,long,2023-03-24,2023-04-03,116.4749,120.8691,24,0.03773,105.46,max_hold,10
ABBV,long,2023-03-30,2023-04-10,140.6774,143.632,20,0.021,59.09,max_hold,11
AMD,long,2023-03-30,2023-04-10,98.049,96.012,28,-0.02078,-57.04,max_hold,11
V,long,2023-03-31,2023-04-10,218.2372,221.3342,12,0.01419,37.16,max_hold,10
CRM,long,2023-04-04,2023-04-14,194.8776,191.7452,14,-0.01607,-43.85,max_hold,10
QCOM,long,2023-04-04,2023-04-14,116.3013,110.7911,24,-0.04738,-132.25,max_hold,10
JPM,long,2023-04-05,2023-04-17,118.4822,130.9376,23,0.10512,286.47,max_hold,12
TSLA,long,2023-04-11,2023-04-20,186.7833,164.7176,15,-0.11814,-330.99,stop_loss,9
COST,long,2023-04-14,2023-04-24,475.956,489.7967,5,0.02908,69.2,max_hold,10
MSFT,long,2023-04-17,2023-04-26,282.7519,288.3539,10,0.01981,56.02,signal_fade,9
QCOM,long,2023-04-17,2023-04-27,110.9019,107.0432,25,-0.03479,-96.47,max_hold,10
ABBV,long,2023-04-18,2023-04-27,144.6581,132.8178,19,-0.08185,-224.97,stop_loss,9
UNH,long,2023-04-18,2023-04-28,472.3548,463.3757,6,-0.01901,-53.87,max_hold,10
JNJ,long,2023-04-19,2023-05-01,147.3707,149.3592,19,0.01349,37.78,max_hold,12
TSLA,long,2023-04-21,2023-05-01,164.8824,161.7991,17,-0.0187,-52.42,max_hold,10
ADBE,long,2023-04-27,2023-05-04,366.123,338.8105,7,-0.0746,-191.19,stop_loss,7
COP,long,2023-04-27,2023-05-08,90.7277,90.24,30,-0.00538,-14.63,max_hold,11
CVX,long,2023-04-27,2023-05-08,145.3278,137.9247,19,-0.05094,-140.66,max_hold,11
ABBV,long,2023-04-28,2023-05-08,132.9507,132.3151,21,-0.00478,-13.35,max_hold,10
WMT,long,2023-04-28,2023-05-08,48.6495,49.2466,57,0.01227,34.04,max_hold,10
HD,long,2023-04-28,2023-05-08,270.455,263.1949,10,-0.02684,-72.6,max_hold,10
XOM,long,2023-05-02,2023-05-11,102.2347,95.2932,27,-0.0679,-187.42,stop_loss,9
AMZN,long,2023-05-02,2023-05-12,101.5207,111.0944,27,0.0943,258.49,max_hold,10
JNJ,long,2023-05-03,2023-05-15,150.6094,144.5605,18,-0.04016,-108.88,max_hold,12
UNH,long,2023-05-03,2023-05-15,463.6611,456.8456,6,-0.0147,-40.89,max_hold,12
QCOM,long,2023-05-05,2023-05-15,100.7361,98.2733,27,-0.02445,-66.5,max_hold,10
GS,long,2023-05-09,2023-05-16,300.8454,298.3441,9,-0.00831,-22.51,signal_fade,7
ADBE,long,2023-05-09,2023-05-17,342.6712,356.8215,8,0.04129,113.2,signal_fade,8
WMT,long,2023-05-09,2023-05-19,49.2958,48.2727,56,-0.02075,-57.29,max_hold,10
CVX,long,2023-05-09,2023-05-19,138.0627,135.4699,20,-0.01878,-51.86,max_hold,10
ABBV,long,2023-05-09,2023-05-19,132.4475,130.5738,21,-0.01415,-39.35,max_hold,10
XOM,long,2023-05-12,2023-05-22,95.3885,95.8308,29,0.00464,12.82,max_hold,10
UNH,long,2023-05-22,2023-05-24,450.5691,447.4861,6,-0.00684,-18.5,signal_fade,2
JPM,long,2023-05-15,2023-05-25,125.4622,127.0544,22,0.01269,35.03,max_hold,10
JNJ,long,2023-05-16,2023-05-26,144.7051,140.9903,19,-0.02567,-70.58,max_hold,10
MRK,long,2023-05-16,2023-05-26,105.0051,99.6949,26,-0.05057,-138.06,max_hold,10
COST,long,2023-05-18,2023-05-30,475.8049,488.6385,5,0.02697,64.17,max_hold,12
V,long,2023-05-19,2023-05-30,228.833,214.8881,12,-0.06094,-167.34,max_hold,11
WMT,long,2023-05-22,2023-06-01,48.321,47.473,57,-0.01755,-48.34,max_hold,10
MA,long,2023-05-24,2023-06-05,363.1043,366.2572,7,0.00868,22.07,max_hold,12
MRK,long,2023-05-30,2023-06-09,99.7947,99.7492,27,-0.00046,-1.23,max_hold,10
LLY,long,2023-05-30,2023-06-09,415.0614,436.5241,6,0.05171,128.78,max_hold,10
ABBV,long,2023-05-30,2023-06-09,121.7374,125.2869,22,0.02916,78.09,max_hold,10
V,long,2023-05-31,2023-06-12,215.1031,220.4175,12,0.02471,63.77,max_hold,12
JPM,long,2023-05-31,2023-06-12,127.7608,131.1337,21,0.0264,70.83,max_hold,12
XOM,long,2023-06-01,2023-06-12,92.0892,97.0875,29,0.05428,144.95,max_hold,11
HD,long,2023-06-01,2023-06-12,263.3891,280.124,10,0.06354,167.35,max_hold,11
CVX,long,2023-06-01,2023-06-12,133.4099,139.6365,20,0.04667,124.53,max_hold,11
GOOGL,long,2023-06-05,2023-06-15,122.9815,124.7607,22,0.01447,39.14,max_hold,10
META,long,2023-06-12,2023-06-15,264.9767,282.1301,10,0.06474,171.53,signal_fade,3
AMD,long,2023-06-06,2023-06-16,117.969,119.0305,23,0.009,24.41,max_hold,10
JNJ,long,2023-06-12,2023-06-22,146.6585,152.1068,19,0.03715,103.52,max_hold,10
AMD,long,2023-06-20,2023-06-22,119.1495,109.2553,23,-0.08304,-227.57,stop_loss,2
MRK,long,2023-06-13,2023-06-23,98.3992,104.2887,28,0.05985,164.91,max_hold,10
LLY,long,2023-06-13,2023-06-23,434.532,455.2218,6,0.04761,124.14,max_hold,10
JPM,long,2023-06-13,2023-06-23,131.2649,129.6308,21,-0.01245,-34.32,max_hold,10
V,long,2023-06-14,2023-06-26,218.7996,222.2347,12,0.0157,41.22,max_hold,12
MA,long,2023-06-14,2023-06-26,366.6039,373.5145,7,0.01885,48.37,max_hold,12
XOM,long,2023-06-14,2023-06-26,97.248,94.0767,28,-0.03261,-88.8,max_hold,12
AMZN,long,2023-06-16,2023-06-26,127.7739,128.5657,22,0.0062,17.42,max_hold,10
WMT,long,2023-06-16,2023-06-26,51.026,49.7077,55,-0.02584,-72.51,max_hold,10
AMD,long,2023-06-23,2023-07-03,109.3647,116.0419,25,0.06106,166.93,max_hold,10
JNJ,long,2023-06-23,2023-07-03,152.259,149.2499,18,-0.01976,-54.16,max_hold,10
GS,long,2023-06-26,2023-07-06,293.894,291.802,9,-0.00712,-18.83,max_hold,10
GOOGL,long,2023-06-26,2023-07-06,119.7585,118.9849,23,-0.00646,-17.79,max_hold,10
CVX,long,2023-06-26,2023-07-06,133.692,134.0165,21,0.00243,6.81,max_hold,10
TSLA,long,2023-06-27,2023-07-07,243.3616,276.3318,11,0.13548,362.67,max_hold,10
ABBV,long,2023-06-28,2023-07-10,119.1408,120.2783,23,0.00955,26.16,max_hold,12
JPM,long,2023-06-28,2023-07-10,130.0314,137.5419,21,0.05776,157.72,max_hold,12
WMT,long,2023-06-29,2023-07-10,49.8736,49.9076,56,0.00068,1.9,max_hold,11
MRK,long,2023-06-30,2023-07-10,103.8001,99.7687,27,-0.03884,-108.85,max_hold,10
JNJ,long,2023-07-05,2023-07-17,149.3992,145.6603,19,-0.02503,-71.04,max_hold,12
ADBE,long,2023-07-05,2023-07-17,481.2305,519.3802,5,0.07928,190.75,max_hold,12
QCOM,long,2023-07-07,2023-07-17,108.1475,114.5478,26,0.05918,166.41,max_hold,10
XOM,long,2023-07-07,2023-07-17,92.2431,91.2467,30,-0.0108,-29.89,max_hold,10
GOOGL,long,2023-07-10,2023-07-20,117.3189,119.5001,24,0.01859,52.35,max_hold,10
MRK,long,2023-07-11,2023-07-21,99.8685,100.2334,28,0.00365,10.22,max_hold,10
WMT,long,2023-07-11,2023-07-21,49.9576,51.0943,56,0.02275,63.66,max_hold,10
LLY,long,2023-07-12,2023-07-24,429.439,447.8836,6,0.04295,110.67,max_hold,12
CVX,long,2023-07-14,2023-07-24,138.4447,142.6226,20,0.03018,83.56,max_hold,10
JNJ,long,2023-07-18,2023-07-28,145.8061,155.3851,19,0.0657,182.0,max_hold,10
XOM,long,2023-07-18,2023-07-28,91.338,95.1074,31,0.04127,116.85,max_hold,10
QCOM,long,2023-07-18,2023-07-28,114.6624,121.7304,24,0.06164,169.63,max_hold,10
AMD,long,2023-07-20,2023-07-31,115.0175,114.2029,24,-0.00708,-19.55,max_hold,11
DVN,long,2023-07-20,2023-07-31,46.2587,48.4518,61,0.04741,133.78,max_hold,11
TSLA,long,2023-07-21,2023-07-31,268.134,266.1269,10,-0.00749,-20.07,max_hold,10
CVX,long,2023-07-25,2023-08-04,142.7653,141.8299,20,-0.00655,-18.71,max_hold,10
UNH,long,2023-07-31,2023-08-04,473.6629,475.767,6,0.00444,12.62,signal_fade,4
CRM,long,2023-07-31,2023-08-09,218.678,204.5373,13,-0.06466,-183.83,stop_loss,9
TSLA,long,2023-08-01,2023-08-09,266.3931,245.2773,10,-0.07927,-211.16,stop_loss,8
AVGO,long,2023-08-01,2023-08-11,86.7564,80.1283,33,-0.0764,-218.73,stop_loss,10
TSLA,long,2023-08-10,2023-08-16,245.5227,225.947,11,-0.07973,-215.33,stop_loss,6
AAPL,long,2023-08-10,2023-08-16,177.0871,174.8394,16,-0.01269,-35.96,signal_fade,6
CVX,long,2023-08-07,2023-08-17,141.9718,140.854,20,-0.00787,-22.36,max_hold,10
WMT,long,2023-08-08,2023-08-18,51.9653,51.0106,55,-0.01837,-52.51,max_hold,10
AVGO,long,2023-08-14,2023-08-24,80.2085,82.6244,35,0.03012,84.56,max_hold,10
JPM,long,2023-08-14,2023-08-24,144.5193,138.4254,19,-0.04217,-115.78,max_hold,10
UNH,long,2023-08-18,2023-08-24,465.9223,460.8846,6,-0.01081,-30.23,signal_fade,6
TSLA,long,2023-08-17,2023-08-25,226.173,242.4587,12,0.07201,195.43,signal_fade,8
GS,long,2023-08-16,2023-08-28,308.2655,303.3176,9,-0.01605,-44.53,max_hold,12
AMD,long,2023-08-17,2023-08-28,107.6738,102.0589,26,-0.05215,-145.99,max_hold,11
COST,long,2023-08-18,2023-08-28,525.7114,514.0754,5,-0.02213,-58.18,max_hold,10
CVX,long,2023-08-18,2023-08-28,140.9949,143.104,20,0.01496,42.18,max_hold,10
ABBV,long,2023-08-24,2023-09-05,133.4707,132.5931,21,-0.00658,-18.43,max_hold,12
COP,long,2023-08-24,2023-09-05,105.6636,112.2293,27,0.06214,177.27,max_hold,12
AMZN,long,2023-08-25,2023-09-05,132.5362,136.2518,21,0.02803,78.03,max_hold,11
JNJ,long,2023-08-28,2023-09-07,152.3397,147.1975,18,-0.03375,-92.56,max_hold,10
SLB,long,2023-08-28,2023-09-07,52.4952,56.3821,54,0.07404,209.89,max_hold,10
GOOGL,long,2023-08-28,2023-09-07,130.2209,133.6574,21,0.02639,72.16,max_hold,10
LLY,long,2023-08-31,2023-09-07,536.9018,561.1821,5,0.04522,121.4,signal_fade,7
CVX,long,2023-08-29,2023-09-08,143.2472,149.4806,19,0.04352,118.43,max_hold,10
AMD,long,2023-08-29,2023-09-08,102.1611,107.2663,27,0.04997,137.84,max_hold,10
JPM,long,2023-08-31,2023-09-11,139.4859,135.8126,20,-0.02633,-73.47,max_hold,11
ABBV,long,2023-09-06,2023-09-18,132.7257,139.6629,21,0.05227,145.68,max_hold,12
AMZN,long,2023-09-07,2023-09-18,133.9669,138.6306,21,0.03481,97.94,max_hold,11
AVGO,long,2023-09-08,2023-09-18,82.5121,81.561,34,-0.01153,-32.34,max_hold,10
AAPL,long,2023-09-14,2023-09-18,171.912,175.2145,16,0.01921,52.84,signal_fade,4
MRK,long,2023-09-11,2023-09-21,99.7317,98.3752,28,-0.0136,-37.98,max_hold,10
HD,long,2023-09-18,2023-09-22,298.7683,283.8799,9,-0.04983,-134.0,signal_fade,4
COP,long,2023-09-14,2023-09-25,113.2864,109.7826,25,-0.03093,-87.6,max_hold,11
LLY,long,2023-09-19,2023-09-26,561.0466,539.1792,5,-0.03898,-109.34,signal_fade,7
MSFT,long,2023-09-21,2023-09-27,312.6971,304.2926,9,-0.02688,-75.64,signal_fade,6
AVGO,long,2023-09-19,2023-09-29,81.6426,80.3641,35,-0.01566,-44.75,max_hold,10
AMD,long,2023-09-20,2023-10-02,102.4112,101.7491,28,-0.00646,-18.54,max_hold,12
ABBV,long,2023-09-20,2023-10-02,139.9571,134.1631,20,-0.0414,-115.88,max_hold,12
WMT,long,2023-09-25,2023-10-05,52.597,51.3406,54,-0.02389,-67.85,max_hold,10
JNJ,long,2023-09-26,2023-10-06,147.5479,144.9747,19,-0.01744,-48.89,max_hold,10
TSLA,long,2023-09-28,2023-10-09,240.14,257.6211,11,0.0728,192.29,max_hold,11
MRK,long,2023-09-28,2023-10-09,96.0399,95.7145,29,-0.00339,-9.44,max_hold,11
JPM,long,2023-09-28,2023-10-09,137.6231,137.6858,20,0.00046,1.25,max_hold,11
HD,long,2023-10-09,2023-10-10,270.9034,279.4331,10,0.03149,85.3,signal_fade,1
COP,long,2023-10-02,2023-10-12,110.8496,114.257,25,0.03074,85.18,max_hold,10
GOOGL,long,2023-10-02,2023-10-12,130.1218,138.0859,22,0.0612,175.21,max_hold,10
CVX,long,2023-10-02,2023-10-12,149.8616,145.3273,19,-0.03026,-86.15,max_hold,10
ABBV,long,2023-10-03,2023-10-13,134.2973,135.8635,21,0.01166,32.89,max_hold,10
GS,long,2023-10-04,2023-10-13,286.6774,294.2164,9,0.0263,67.85,signal_fade,9
XOM,long,2023-10-06,2023-10-16,96.4757,100.0256,29,0.03679,102.94,max_hold,10
COST,long,2023-10-10,2023-10-18,539.2243,551.9427,5,0.02359,63.59,signal_fade,8
TSLA,long,2023-10-18,2023-10-19,252.8263,216.9015,11,-0.14209,-395.17,stop_loss,1
CVX,long,2023-10-13,2023-10-23,145.4727,143.0862,19,-0.01641,-45.34,max_hold,10
AMD,long,2023-10-18,2023-10-25,103.4317,95.942,28,-0.07241,-209.71,stop_loss,7
QCOM,long,2023-10-16,2023-10-26,102.9847,100.8164,28,-0.02105,-60.71,max_hold,10
ABBV,long,2023-10-17,2023-10-27,135.1828,128.943,21,-0.04616,-131.04,max_hold,10
JPM,long,2023-10-18,2023-10-27,138.9324,129.1834,20,-0.07017,-194.98,stop_loss,9
CVX,long,2023-10-24,2023-10-27,143.2293,129.5415,19,-0.09557,-260.07,stop_loss,3
TSLA,long,2023-10-20,2023-10-30,217.1185,196.0219,13,-0.09717,-274.26,stop_loss,10
COST,long,2023-10-23,2023-10-30,533.658,531.2197,5,-0.00457,-12.19,signal_fade,7
MA,long,2023-10-27,2023-10-31,361.3172,372.9522,7,0.0322,81.44,signal_fade,4
GOOGL,long,2023-10-26,2023-11-06,122.2476,129.4964,23,0.0593,166.72,max_hold,11
META,long,2023-10-27,2023-11-06,292.0625,314.1428,9,0.0756,198.72,max_hold,10
LLY,long,2023-10-27,2023-11-06,552.5959,585.3716,5,0.05931,163.88,max_hold,10
COP,long,2023-10-27,2023-11-06,108.508,107.2207,26,-0.01186,-33.47,max_hold,10
ABBV,long,2023-10-30,2023-11-09,129.072,127.0913,21,-0.01535,-41.59,max_hold,10
JPM,long,2023-10-30,2023-11-09,129.3126,137.2313,21,0.06124,166.29,max_hold,10
JNJ,long,2023-10-30,2023-11-09,134.8806,136.7381,20,0.01377,37.15,max_hold,10
TSLA,long,2023-10-31,2023-11-10,196.2181,215.4922,14,0.09823,269.84,max_hold,10
XOM,long,2023-11-02,2023-11-13,96.6126,95.9452,29,-0.00691,-19.35,max_hold,11
WMT,long,2023-11-06,2023-11-16,53.287,50.4669,53,-0.05292,-149.47,max_hold,10
ADBE,long,2023-11-16,2023-11-16,595.7477,601.769,4,0.01011,24.08,signal_fade,0
COP,long,2023-11-07,2023-11-17,107.3279,106.4376,26,-0.00829,-23.15,max_hold,10
QCOM,long,2023-11-07,2023-11-17,113.1425,122.0737,25,0.07894,223.28,max_hold,10
AVGO,long,2023-11-07,2023-11-17,85.6124,94.3168,33,0.10167,287.25,max_hold,10
MRK,long,2023-11-08,2023-11-20,95.498,94.5034,30,-0.01042,-29.84,max_hold,12
ABBV,long,2023-11-10,2023-11-20,127.2185,127.1647,22,-0.00042,-1.18,max_hold,10
ADBE,long,2023-11-20,2023-11-20,605.6127,610.3247,4,0.00778,18.85,signal_fade,0
GS,long,2023-11-22,2023-11-22,316.8545,318.2851,9,0.00452,12.88,signal_fade,0
JPM,long,2023-11-14,2023-11-24,139.0177,145.2697,20,0.04497,125.04,max_hold,10
UNH,long,2023-11-15,2023-11-27,510.5316,515.2911,5,0.00932,23.8,max_hold,12
TSLA,long,2023-11-17,2023-11-27,232.116,236.5617,12,0.01915,53.35,max_hold,10
XOM,long,2023-11-17,2023-11-27,94.8994,95.89,30,0.01044,29.72,max_hold,10
LLY,long,2023-11-21,2023-12-01,588.4558,571.8459,4,-0.02823,-66.44,max_hold,10
ABBV,long,2023-11-21,2023-12-01,127.2919,131.4545,22,0.0327,91.58,max_hold,10
COST,long,2023-11-21,2023-12-01,561.5168,570.7386,5,0.01642,46.11,max_hold,10
AMD,long,2023-11-22,2023-12-04,120.06,117.3713,24,-0.02239,-64.53,max_hold,12
AVGO,long,2023-11-22,2023-12-04,95.4484,88.365,30,-0.07421,-212.5,max_hold,12
MRK,long,2023-11-28,2023-12-08,93.0458,96.2008,31,0.03391,97.8,max_hold,10
BAC,long,2023-11-28,2023-12-08,27.6358,29.1384,104,0.05437,156.27,max_hold,10
META,long,2023-11-28,2023-12-08,330.6629,326.3693,8,-0.01298,-34.35,max_hold,10
LLY,long,2023-12-04,2023-12-14,572.418,561.993,5,-0.01821,-52.12,max_hold,10
MSFT,long,2023-12-05,2023-12-15,359.6455,362.2274,8,0.00718,20.65,max_hold,10
ADBE,long,2023-12-05,2023-12-15,597.0684,591.2243,4,-0.00979,-23.38,max_hold,10
XOM,long,2023-12-06,2023-12-18,92.0817,93.8294,31,0.01898,54.18,max_hold,12
COP,long,2023-12-07,2023-12-18,103.1437,106.4006,28,0.03158,91.19,max_hold,11
JNJ,long,2023-12-08,2023-12-18,144.6439,144.3877,20,-0.00177,-5.12,max_hold,10
CVX,long,2023-12-08,2023-12-18,129.0963,134.7637,22,0.0439,124.68,max_hold,10
GOOGL,long,2023-12-11,2023-12-21,131.2821,139.463,22,0.06232,179.98,max_hold,10
MRK,long,2023-12-12,2023-12-22,95.9572,99.3464,30,0.03532,101.67,max_hold,10
LLY,long,2023-12-15,2023-12-26,562.5553,560.4213,5,-0.00379,-10.67,max_hold,11
V,long,2023-12-15,2023-12-26,249.889,254.2886,11,0.01761,48.4,max_hold,11
ADBE,long,2023-12-18,2023-12-28,591.8158,595.792,4,0.00672,15.9,max_hold,10
AMZN,long,2023-12-18,2023-12-28,150.6353,153.0235,19,0.01585,45.38,max_hold,10
JNJ,long,2023-12-19,2023-12-29,144.5322,145.7265,20,0.00826,23.89,max_hold,10
UNH,long,2023-12-26,2023-12-29,493.1408,498.8926,5,0.01166,28.76,end_of_period,3
ADBE,long,2023-12-29,2023-12-29,596.3881,596.3017,4,-0.00014,-0.35,end_of_period,0
CVX,long,2023-12-29,2023-12-29,134.9615,134.0447,21,-0.00679,-19.25,end_of_period,0
AAPL,long,2023-12-29,2023-12-29,191.8256,190.2799,15,-0.00806,-23.19,end_of_period,0
AAPL,long,2024-01-03,2024-01-16,182.2492,179.1515,16,-0.017,-49.56,max_hold,13
ADBE,long,2024-01-03,2024-01-16,574.8673,591.694,5,0.02927,84.13,max_hold,13
CRM,long,2024-01-03,2024-01-16,249.3135,263.5956,11,0.05729,157.1,max_hold,13
CVX,long,2024-01-03,2024-01-16,134.3858,127.9878,21,-0.04761,-134.36,max_hold,13
JNJ,long,2024-01-03,2024-01-16,149.502,148.9899,19,-0.00343,-9.73,max_hold,13
V,long,2024-01-04,2024-01-16,253.3844,259.3596,11,0.02358,65.73,max_hold,12
COP,long,2024-01-09,2024-01-19,106.0901,99.5047,27,-0.06207,-177.81,max_hold,10
COST,long,2024-01-09,2024-01-19,650.1468,685.5266,4,0.05442,141.52,max_hold,10
MA,long,2024-01-09,2024-01-19,413.8358,433.0329,7,0.04639,134.38,max_hold,10
XOM,long,2024-01-10,2024-01-22,91.8975,89.0552,31,-0.03093,-88.11,max_hold,12
QCOM,long,2024-01-17,2024-01-24,132.6443,149.5764,22,0.12765,372.51,signal_fade,7
TSLA,long,2024-01-18,2024-01-25,216.9884,185.4073,13,-0.14554,-410.56,stop_loss,7
JNJ,long,2024-01-17,2024-01-29,149.1389,148.1531,19,-0.00661,-18.73,max_hold,12
CVX,long,2024-01-17,2024-01-29,128.1158,133.1641,22,0.0394,111.06,max_hold,12
BAC,long,2024-01-17,2024-01-29,29.9222,31.9467,97,0.06766,196.38,max_hold,12
UNH,long,2024-01-19,2024-01-29,488.5117,478.1114,5,-0.02129,-52.0,max_hold,10
AMZN,long,2024-01-22,2024-02-01,156.9684,169.1054,18,0.07732,218.47,max_hold,10
JPM,long,2024-01-23,2024-02-02,161.7983,165.6282,18,0.02367,68.94,max_hold,10
COP,long,2024-01-23,2024-02-02,99.9008,102.0502,29,0.02152,62.33,max_hold,10
HD,long,2024-01-25,2024-02-05,331.2409,333.0308,8,0.0054,14.32,max_hold,11
WMT,long,2024-01-25,2024-02-05,52.477,54.8249,56,0.04474,131.48,max_hold,11
TSLA,long,2024-01-26,2024-02-05,185.5927,177.1214,15,-0.04564,-127.07,max_hold,10
JNJ,long,2024-01-30,2024-02-09,148.3014,145.5778,19,-0.01837,-51.75,max_hold,10
QCOM,long,2024-01-30,2024-02-09,140.6057,142.7239,21,0.01507,44.48,max_hold,10
ABBV,long,2024-01-30,2024-02-09,152.12,160.5926,19,0.0557,160.98,max_hold,10
UNH,long,2024-01-31,2024-02-12,478.5612,494.6568,6,0.03363,96.57,max_hold,12
XOM,long,2024-02-02,2024-02-12,95.5347,95.4071,31,-0.00134,-3.96,max_hold,10
GOOGL,long,2024-02-05,2024-02-15,141.6355,141.6624,20,0.00019,0.54,max_hold,10
TSLA,long,2024-02-06,2024-02-16,177.2986,196.0319,16,0.10566,299.73,max_hold,10
CVX,long,2024-02-06,2024-02-16,137.1834,141.2399,21,0.02957,85.19,max_hold,10
ADBE,long,2024-02-12,2024-02-16,626.313,531.2342,4,-0.15181,-380.32,stop_loss,4
GS,long,2024-02-08,2024-02-20,365.9705,361.6646,8,-0.01177,-34.45,max_hold,12
V,long,2024-02-09,2024-02-20,270.5105,269.8765,11,-0.00234,-6.97,max_hold,11
MRK,long,2024-02-12,2024-02-22,115.6346,119.9457,25,0.03728,107.78,max_hold,10
JNJ,long,2024-02-12,2024-02-22,145.7234,150.7113,20,0.03423,99.76,max_hold,10
JPM,long,2024-02-13,2024-02-23,167.1862,175.05,17,0.04704,133.68,max_hold,10
LLY,long,2024-02-21,2024-02-23,727.0383,759.002,4,0.04396,127.85,signal_fade,2
XOM,long,2024-02-15,2024-02-26,93.4951,97.1897,31,0.03952,114.53,max_hold,11
GOOGL,long,2024-02-16,2024-02-26,141.8041,136.7385,21,-0.03572,-106.38,max_hold,10
ADBE,long,2024-02-20,2024-03-01,531.7658,572.5636,5,0.07672,203.99,max_hold,10
AMD,long,2024-02-21,2024-03-04,162.8214,200.3998,18,0.2308,676.41,max_hold,12
MA,long,2024-02-21,2024-03-04,447.6162,461.0383,6,0.02999,80.53,max_hold,12
CVX,long,2024-02-23,2024-03-04,140.8355,135.2076,21,-0.03996,-118.19,max_hold,10
GS,long,2024-02-23,2024-03-04,369.7629,372.6979,8,0.00794,23.48,max_hold,10
JNJ,long,2024-02-23,2024-03-04,150.8621,150.4678,20,-0.00261,-7.89,max_hold,10
GOOGL,long,2024-02-27,2024-03-08,136.8753,134.8661,22,-0.01468,-44.2,max_hold,10
LLY,long,2024-02-27,2024-03-08,743.6067,740.2163,4,-0.00456,-13.56,max_hold,10
UNH,long,2024-02-29,2024-03-11,472.8604,464.3844,6,-0.01792,-50.86,max_hold,11
V,long,2024-03-01,2024-03-11,278.5766,276.4409,10,-0.00767,-21.36,max_hold,10
TSLA,long,2024-03-11,2024-03-14,175.5377,163.0784,17,-0.07098,-211.81,stop_loss,3
JNJ,long,2024-03-05,2024-03-15,150.6183,148.5473,20,-0.01375,-41.42,max_hold,10
COP,long,2024-03-05,2024-03-15,103.7768,112.7064,29,0.08605,258.96,max_hold,10
CVX,long,2024-03-05,2024-03-15,135.3429,141.7486,22,0.04733,140.93,max_hold,10
AAPL,long,2024-03-05,2024-03-15,169.1487,173.7395,17,0.02714,78.04,max_hold,10
MA,long,2024-03-05,2024-03-15,461.4996,472.1556,6,0.02309,63.94,max_hold,10
MSFT,long,2024-03-06,2024-03-18,396.2187,410.4191,7,0.03584,99.4,max_hold,12
LLY,long,2024-03-11,2024-03-21,740.9569,757.7226,4,0.02263,67.06,max_hold,10
COST,long,2024-03-12,2024-03-22,708.6157,721.6493,4,0.01839,52.13,max_hold,10
MRK,long,2024-03-12,2024-03-22,113.7844,115.3962,26,0.01416,41.9,max_hold,10
AMD,long,2024-03-15,2024-03-25,184.9224,179.4502,16,-0.02959,-87.56,max_hold,10
META,long,2024-03-18,2024-03-28,488.3893,483.2296,6,-0.01056,-30.96,max_hold,10
JNJ,long,2024-03-18,2024-03-28,148.696,147.751,20,-0.00635,-18.9,max_hold,10
AVGO,long,2024-03-19,2024-04-01,118.6248,128.677,25,0.08474,251.3,max_hold,13
SLB,long,2024-03-20,2024-04-01,50.9185,51.6478,60,0.01432,43.75,max_hold,12
GS,long,2024-03-20,2024-04-01,368.9077,391.7944,8,0.06204,183.09,max_hold,12
DVN,long,2024-03-21,2024-04-01,45.593,48.0107,67,0.05303,161.99,max_hold,11
ABBV,long,2024-03-22,2024-04-01,164.1713,166.0061,18,0.01118,33.03,max_hold,10
AMD,long,2024-03-26,2024-04-04,179.6298,168.016,17,-0.06465,-197.43,stop_loss,9
CVX,long,2024-03-26,2024-04-05,142.336,146.8542,21,0.03174,94.88,max_hold,10
COST,long,2024-03-28,2024-04-08,725.1877,707.0781,4,-0.02497,-72.44,max_hold,11
META,long,2024-04-01,2024-04-11,483.713,513.5306,6,0.06164,178.91,max_hold,10
HD,long,2024-04-02,2024-04-12,344.4778,326.5916,8,-0.05192,-143.09,max_hold,10
LLY,long,2024-04-02,2024-04-12,743.7742,747.9509,4,0.00562,16.71,max_hold,10
ABBV,long,2024-04-02,2024-04-12,166.1721,153.6674,18,-0.07525,-225.09,stop_loss,10
UNH,long,2024-04-03,2024-04-15,439.9653,453.577,7,0.03094,95.28,max_hold,12
NVDA,long,2024-04-03,2024-04-15,88.3753,86.2405,34,-0.02416,-72.58,max_hold,12
CRM,long,2024-04-05,2024-04-15,289.0694,270.3246,10,-0.06485,-187.45,stop_loss,10
NVDA,long,2024-04-18,2024-04-19,84.8656,77.9301,35,-0.08172,-242.74,stop_loss,1
CVX,long,2024-04-10,2024-04-22,147.5104,146.5453,20,-0.00654,-19.3,max_hold,12
MA,long,2024-04-10,2024-04-22,464.9074,452.8952,6,-0.02584,-72.07,max_hold,12
GS,long,2024-04-12,2024-04-22,375.095,398.4429,8,0.06225,186.78,max_hold,10
HD,long,2024-04-16,2024-04-23,318.3182,318.2361,9,-0.00026,-0.74,signal_fade,7
JPM,long,2024-04-15,2024-04-25,176.9666,185.4807,17,0.04811,144.74,max_hold,10
CRM,long,2024-04-16,2024-04-26,270.5951,270.4329,11,-0.0006,-1.78,max_hold,10
WMT,long,2024-04-17,2024-04-29,58.8707,58.8607,51,-0.00017,-0.51,max_hold,12
AVGO,long,2024-04-18,2024-04-29,126.0853,129.9571,24,0.03071,92.92,max_hold,11
UNH,short,2024-04-18,2024-04-29,462.4817,465.6394,6,-0.00683,-18.95,max_hold,11
NVDA,long,2024-04-22,2024-05-02,78.0081,87.5935,38,0.12288,364.25,max_hold,10
XOM,long,2024-04-23,2024-05-03,111.5249,108.3217,27,-0.02872,-86.49,max_hold,10
LLY,long,2024-04-26,2024-05-06,712.6568,756.6402,4,0.06172,175.93,max_hold,10
COP,long,2024-04-29,2024-05-09,121.0777,115.4311,25,-0.04664,-141.16,max_hold,10
CVX,long,2024-04-29,2024-05-09,150.8751,150.8424,20,-0.00022,-0.65,max_hold,10
META,long,2024-04-29,2024-05-09,436.414,473.2019,7,0.0843,257.52,max_hold,10
MRK,long,2024-04-29,2024-05-09,122.624,121.6645,25,-0.00783,-23.99,max_hold,10
MSFT,long,2024-05-01,2024-05-13,386.0323,404.7121,7,0.04839,130.76,max_hold,12
NVDA,long,2024-05-03,2024-05-13,87.6812,89.3995,34,0.0196,58.42,max_hold,10
XOM,long,2024-05-06,2024-05-16,108.4301,110.7272,28,0.02119,64.32,max_hold,10
MRK,long,2024-05-10,2024-05-20,121.7862,122.4642,25,0.00557,16.95,max_hold,10
JNJ,long,2024-05-10,2024-05-20,140.6596,143.3358,22,0.01903,58.88,max_hold,10
CVX,long,2024-05-10,2024-05-20,150.9933,147.3553,20,-0.02409,-72.76,max_hold,10
COP,long,2024-05-13,2024-05-23,114.4478,111.0686,27,-0.02953,-91.24,max_hold,10
GOOGL,long,2024-05-15,2024-05-28,169.2149,173.8011,18,0.0271,82.55,max_hold,13
AMZN,long,2024-05-16,2024-05-28,185.6928,181.6091,16,-0.02199,-65.34,max_hold,12
V,long,2024-05-17,2024-05-28,275.9879,264.8332,11,-0.04042,-122.7,max_hold,11
CRM,long,2024-05-29,2024-05-30,263.9183,215.5573,11,-0.18324,-531.97,stop_loss,1
JNJ,long,2024-05-21,2024-05-31,143.4792,139.0579,21,-0.03082,-92.85,max_hold,10
JPM,long,2024-05-21,2024-05-31,188.9562,193.8554,16,0.02593,78.39,max_hold,10
CVX,long,2024-05-21,2024-05-31,147.5027,148.1903,21,0.00466,14.44,max_hold,10
MRK,long,2024-05-21,2024-05-31,122.5868,116.9679,25,-0.04584,-140.47,max_hold,10
XOM,long,2024-05-22,2024-06-03,110.051,105.7665,28,-0.03893,-119.97,max_hold,12
GS,long,2024-05-23,2024-06-03,443.2603,432.3211,6,-0.02468,-65.64,max_hold,11
HD,long,2024-05-24,2024-06-03,308.4611,310.7514,9,0.00742,20.61,max_hold,10
ABBV,long,2024-05-29,2024-06-10,144.8173,159.0193,21,0.09807,298.24,max_hold,12
V,long,2024-05-29,2024-06-10,265.0982,270.2874,11,0.01957,57.08,max_hold,12
CRM,long,2024-05-31,2024-06-10,215.773,237.2498,14,0.09953,300.68,max_hold,10
AVGO,long,2024-06-03,2024-06-13,132.4189,164.9655,23,0.24579,748.57,max_hold,10
MSFT,long,2024-06-03,2024-06-13,409.3052,431.2829,7,0.0537,153.84,max_hold,10
MRK,long,2024-06-03,2024-06-13,117.0849,120.1206,26,0.02593,78.93,max_hold,10
UNH,long,2024-06-03,2024-06-13,470.5629,472.6612,6,0.00446,12.59,max_hold,10
COP,long,2024-06-04,2024-06-14,105.9302,102.1655,28,-0.03554,-105.41,max_hold,10
CVX,long,2024-06-04,2024-06-14,143.0385,139.9407,21,-0.02166,-65.05,max_hold,10
XOM,long,2024-06-04,2024-06-14,105.8723,102.1817,28,-0.03486,-103.34,max_hold,10
TSLA,long,2024-06-11,2024-06-21,174.007,184.8775,17,0.06247,184.8,max_hold,10
JPM,long,2024-06-11,2024-06-21,189.829,189.5435,16,-0.0015,-4.57,max_hold,10
BAC,long,2024-06-12,2024-06-24,38.0387,37.9816,81,-0.0015,-4.63,max_hold,12
CRM,long,2024-06-14,2024-06-24,225.857,237.8597,13,0.05314,156.04,max_hold,10
AMD,long,2024-06-14,2024-06-24,158.5793,160.6496,19,0.01306,39.34,max_hold,10
V,long,2024-06-14,2024-06-24,266.1822,272.5616,11,0.02397,70.17,max_hold,10
MRK,long,2024-06-18,2024-06-28,120.1266,117.3028,26,-0.02351,-73.42,max_hold,10
XOM,long,2024-06-18,2024-06-28,102.1527,108.303,30,0.06021,184.51,max_hold,10
UNH,long,2024-06-18,2024-06-28,469.2884,484.1438,6,0.03166,89.13,max_hold,10
JNJ,long,2024-06-18,2024-06-28,137.9776,137.9435,22,-0.00025,-0.75,max_hold,10
QCOM,long,2024-06-24,2024-07-05,198.3806,198.4984,15,0.00059,1.77,max_hold,11
GS,long,2024-06-24,2024-07-05,433.474,448.779,7,0.03531,107.13,max_hold,11
NVDA,long,2024-06-25,2024-07-05,121.0611,127.2166,26,0.05085,160.04,max_hold,10
BAC,long,2024-06-26,2024-07-08,37.4366,38.9173,84,0.03955,124.38,max_hold,12
MA,long,2024-06-27,2024-07-08,443.5492,441.8628,7,-0.0038,-11.81,max_hold,11
AVGO,long,2024-06-28,2024-07-08,156.7204,172.3273,20,0.09958,312.14,max_hold,10
MRK,long,2024-07-01,2024-07-11,117.4201,121.0638,26,0.03103,94.74,max_hold,10
HD,long,2024-07-01,2024-07-11,327.2877,337.4943,9,0.03119,91.86,max_hold,10
JNJ,long,2024-07-01,2024-07-11,138.0815,141.6549,22,0.02588,78.61,max_hold,10
CVX,long,2024-07-02,2024-07-12,144.8388,144.0242,21,-0.00562,-17.11,max_hold,10
NVDA,long,2024-07-08,2024-07-17,127.3439,121.5887,24,-0.04519,-138.12,stop_loss,9
COST,long,2024-07-12,2024-07-18,841.206,827.1351,3,-0.01673,-42.21,signal_fade,6
XOM,long,2024-07-09,2024-07-19,104.1015,107.8069,30,0.03559,111.16,max_hold,10
ABBV,long,2024-07-09,2024-07-19,156.1585,163.374,20,0.04621,144.31,max_hold,10
QCOM,long,2024-07-12,2024-07-19,193.347,182.9434,16,-0.05381,-166.46,stop_loss,7
MSFT,long,2024-07-10,2024-07-22,454.3108,436.8132,7,-0.03851,-122.48,max_hold,12
V,long,2024-07-11,2024-07-22,258.3278,263.3859,12,0.01958,60.7,max_hold,11
MA,long,2024-07-11,2024-07-22,427.7974,443.2478,7,0.03612,108.15,max_hold,11
JNJ,long,2024-07-15,2024-07-25,141.8722,150.8624,22,0.06337,197.78,max_hold,10
CVX,long,2024-07-15,2024-07-25,144.1683,144.7399,22,0.00397,12.58,max_hold,10
LLY,long,2024-07-19,2024-07-26,856.1366,802.3963,3,-0.06277,-161.22,stop_loss,7
META,long,2024-07-18,2024-07-29,472.0686,463.6541,6,-0.01782,-50.49,max_hold,11
NVDA,long,2024-07-22,2024-07-29,120.212,111.2808,26,-0.0743,-232.21,stop_loss,7
LLY,long,2024-07-29,2024-07-29,803.1991,803.5496,3,0.00044,1.05,signal_fade,0
V,long,2024-07-25,2024-07-30,251.6856,260.4423,12,0.03479,105.08,signal_fade,5
MRK,long,2024-07-29,2024-07-30,117.7947,108.527,27,-0.07868,-250.23,stop_loss,1
NVDA,long,2024-07-30,2024-07-30,111.3921,112.6579,28,0.01136,35.44,stop_loss,0
AMZN,long,2024-07-23,2024-08-02,184.1921,154.1329,17,-0.16319,-511.01,stop_loss,10
CVX,long,2024-07-29,2024-08-05,145.3624,132.5904,21,-0.08786,-268.21,stop_loss,7
NVDA,long,2024-07-31,2024-08-05,112.7706,103.6173,28,-0.08117,-256.29,stop_loss,5
AMD,long,2024-07-30,2024-08-07,139.9499,131.904,22,-0.05749,-177.01,stop_loss,8
CRM,long,2024-08-05,2024-08-08,229.1379,245.0483,13,0.06944,206.84,signal_fade,3
MRK,long,2024-07-31,2024-08-12,108.6356,106.2536,29,-0.02193,-69.08,max_hold,12
WMT,long,2024-08-01,2024-08-12,67.6778,67.1392,47,-0.00796,-25.31,max_hold,11
XOM,long,2024-08-01,2024-08-12,110.8849,110.7085,28,-0.00159,-4.94,max_hold,11
COP,long,2024-08-02,2024-08-12,101.1596,102.9896,31,0.01809,56.73,max_hold,10
JPM,long,2024-08-05,2024-08-15,187.158,203.9674,16,0.08981,268.95,max_hold,10
GS,long,2024-08-05,2024-08-15,429.9582,476.9926,7,0.10939,329.24,max_hold,10
NVDA,long,2024-08-06,2024-08-16,103.721,124.0134,30,0.19564,608.77,max_hold,10
HD,long,2024-08-06,2024-08-16,331.8842,344.6244,9,0.03839,114.66,max_hold,10
TSLA,long,2024-08-08,2024-08-19,195.7978,224.7676,15,0.14796,434.55,max_hold,11
UNH,long,2024-08-12,2024-08-22,537.7724,555.0815,5,0.03219,86.55,max_hold,10
JNJ,long,2024-08-13,2024-08-23,151.505,155.0365,20,0.02331,70.63,max_hold,10
XOM,long,2024-08-13,2024-08-23,110.8193,111.1092,28,0.00262,8.12,max_hold,10
AMD,long,2024-08-30,2024-09-03,147.5938,140.4397,21,-0.04847,-150.23,stop_loss,4
JNJ,long,2024-08-26,2024-09-05,155.1917,157.1743,20,0.01278,39.65,max_hold,10
LLY,long,2024-09-06,2024-09-09,906.8366,902.3272,3,-0.00497,-13.53,signal_fade,3
COP,long,2024-09-03,2024-09-10,105.8451,98.0853,30,-0.07331,-232.8,stop_loss,7
CRM,long,2024-09-03,2024-09-13,249.1598,250.8321,12,0.00671,20.07,max_hold,10
META,long,2024-09-03,2024-09-13,516.4331,521.2786,6,0.00938,29.07,max_hold,10
CVX,long,2024-09-03,2024-09-13,135.193,131.4761,23,-0.02749,-85.49,max_hold,10
GS,long,2024-09-04,2024-09-16,470.2934,471.0783,6,0.00167,4.71,max_hold,12
NVDA,long,2024-09-04,2024-09-16,105.2892,117.9267,30,0.12003,379.12,max_hold,12
XOM,long,2024-09-04,2024-09-16,108.8875,105.9764,29,-0.02673,-84.42,max_hold,12
ABBV,long,2024-09-06,2024-09-16,182.5501,183.6213,17,0.00587,18.21,max_hold,10
LLY,long,2024-09-16,2024-09-17,920.0474,894.6278,3,-0.02763,-76.26,signal_fade,1
ADBE,long,2024-09-16,2024-09-19,537.6687,526.1768,5,-0.02137,-57.46,signal_fade,3
JPM,long,2024-09-11,2024-09-23,197.9602,203.4471,16,0.02772,87.79,max_hold,12
COP,long,2024-09-11,2024-09-23,98.1834,105.2102,32,0.07157,224.86,max_hold,12
UNH,long,2024-09-12,2024-09-23,562.8381,547.2895,5,-0.02763,-77.74,max_hold,11
AAPL,long,2024-09-16,2024-09-26,215.0363,226.6468,14,0.05399,162.55,max_hold,10
JNJ,long,2024-09-18,2024-09-30,158.7127,154.5576,20,-0.02618,-83.1,max_hold,12
ABBV,long,2024-09-18,2024-09-30,182.2293,186.3078,17,0.02238,69.33,max_hold,12
MA,long,2024-09-20,2024-09-30,484.8865,491.9304,6,0.01453,42.26,max_hold,10
MRK,long,2024-09-24,2024-10-04,109.221,103.3195,29,-0.05403,-171.14,max_hold,10
V,long,2024-09-25,2024-10-07,270.7547,270.9971,11,0.0009,2.67,max_hold,12
COP,long,2024-09-26,2024-10-07,97.4267,106.5331,33,0.09347,300.51,max_hold,11
CVX,long,2024-09-27,2024-10-07,132.8059,138.4448,24,0.04246,135.33,max_hold,10
AMZN,long,2024-09-30,2024-10-10,187.2336,186.5367,17,-0.00372,-11.85,max_hold,10
JNJ,long,2024-10-01,2024-10-11,154.7123,153.5775,20,-0.00733,-22.69,max_hold,10
NVDA,long,2024-10-02,2024-10-14,116.3165,137.5861,27,0.18286,574.28,max_hold,12
LLY,long,2024-10-03,2024-10-14,878.9525,912.5241,3,0.0382,100.71,max_hold,11
MSFT,long,2024-10-03,2024-10-14,412.1152,416.1887,7,0.00988,28.51,max_hold,11
COST,long,2024-10-03,2024-10-14,866.7374,883.3481,3,0.01916,49.83,max_hold,11
MA,long,2024-10-07,2024-10-17,492.4918,509.7019,6,0.03494,103.26,max_hold,10
V,long,2024-10-08,2024-10-18,271.2682,285.6859,11,0.05315,158.59,max_hold,10
WMT,long,2024-10-08,2024-10-18,78.4192,79.925,41,0.0192,61.74,max_hold,10
MRK,long,2024-10-08,2024-10-18,101.7919,102.7356,31,0.00927,29.25,max_hold,10
TSLA,long,2024-10-11,2024-10-21,220.2401,217.2013,14,-0.0138,-42.54,max_hold,10
ABBV,long,2024-10-14,2024-10-24,183.2767,180.2229,17,-0.01666,-51.91,max_hold,10
COP,long,2024-10-15,2024-10-25,100.2644,96.1954,32,-0.04058,-130.21,max_hold,10
CVX,long,2024-10-15,2024-10-25,138.2118,137.5633,23,-0.00469,-14.92,max_hold,10
AMZN,long,2024-10-15,2024-10-25,187.7238,189.4752,17,0.00933,29.77,max_hold,10
COST,long,2024-10-15,2024-10-25,884.2319,887.2098,3,0.00337,8.93,max_hold,10
UNH,long,2024-10-18,2024-10-28,544.0269,539.6193,6,-0.0081,-26.45,max_hold,10
XOM,long,2024-10-21,2024-10-31,114.2615,113.1566,28,-0.00967,-30.94,max_hold,10
GOOGL,long,2024-10-21,2024-10-31,161.9987,168.9081,20,0.04265,138.19,max_hold,10
WMT,long,2024-10-21,2024-10-31,80.0049,81.2041,41,0.01499,49.16,max_hold,10
JNJ,long,2024-10-22,2024-11-01,154.6075,151.9599,21,-0.01712,-55.6,max_hold,10
AVGO,long,2024-10-25,2024-11-04,171.6226,167.3762,19,-0.02474,-80.68,max_hold,10
CVX,long,2024-10-28,2024-11-07,137.7009,145.3113,23,0.05527,175.04,max_hold,10
MRK,long,2024-10-28,2024-11-07,98.6147,95.5776,33,-0.0308,-100.22,max_hold,10
HD,long,2024-10-30,2024-11-11,378.1806,396.2145,8,0.04769,144.27,max_hold,12
COST,long,2024-10-30,2024-11-11,878.5722,928.0097,3,0.05627,148.31,max_hold,12
NVDA,long,2024-10-30,2024-11-11,139.392,146.4777,23,0.05083,162.97,max_hold,12
AAPL,long,2024-11-04,2024-11-14,219.4554,224.8502,14,0.02458,75.53,max_hold,10
LLY,long,2024-11-04,2024-11-14,795.4187,766.4652,4,-0.0364,-115.81,max_hold,10
AMD,long,2024-11-05,2024-11-15,142.011,138.1209,23,-0.02739,-89.47,max_hold,10
JPM,long,2024-11-08,2024-11-15,232.254,240.1844,14,0.03415,111.03,signal_fade,7
GS,long,2024-11-08,2024-11-15,566.6518,574.0881,5,0.01312,37.18,signal_fade,7
CVX,long,2024-11-08,2024-11-18,145.4567,149.962,22,0.03097,99.12,max_hold,10
MA,long,2024-11-08,2024-11-18,515.9631,513.9021,6,-0.00399,-12.37,max_hold,10
TSLA,long,2024-11-15,2024-11-18,310.7253,335.5921,10,0.08003,248.67,signal_fade,3
LLY,long,2024-11-19,2024-11-20,708.9564,737.7223,4,0.04058,115.06,signal_fade,1
ABBV,long,2024-11-12,2024-11-22,167.4018,168.1941,19,0.00473,15.05,max_hold,10
XOM,long,2024-11-12,2024-11-22,114.4032,115.5134,29,0.0097,32.19,max_hold,10
WMT,long,2024-11-12,2024-11-22,83.2256,89.046,40,0.06994,232.82,max_hold,10
AVGO,long,2024-11-15,2024-11-25,165.9869,162.0119,19,-0.02395,-75.53,max_hold,10
META,long,2024-11-18,2024-11-29,554.1304,573.9094,5,0.03569,98.89,max_hold,11
MRK,long,2024-11-18,2024-11-29,91.0348,95.8131,36,0.05249,172.02,max_hold,11
NVDA,long,2024-11-19,2024-11-29,141.1701,138.5441,23,-0.0186,-60.4,max_hold,10
XOM,long,2024-11-25,2024-12-05,115.6289,108.9591,29,-0.05768,-193.43,max_hold,10
COP,long,2024-11-26,2024-12-06,101.5556,99.1704,33,-0.02349,-78.71,max_hold,10
GOOGL,long,2024-11-26,2024-12-06,166.6514,172.9696,20,0.03791,126.36,max_hold,10
CRM,long,2024-12-02,2024-12-06,327.9666,356.9487,10,0.08837,289.82,signal_fade,4
UNH,long,2024-12-06,2024-12-09,558.6724,540.8998,6,-0.03181,-106.64,signal_fade,3
NVDA,long,2024-12-02,2024-12-12,138.6827,138.6634,24,-0.00014,-0.46,max_hold,10
JPM,long,2024-12-02,2024-12-12,242.1618,234.6684,13,-0.03094,-97.41,max_hold,10
GS,long,2024-12-03,2024-12-13,591.3472,570.4227,5,-0.03538,-104.62,max_hold,10
MRK,long,2024-12-05,2024-12-16,95.6827,94.8427,35,-0.00878,-29.4,max_hold,11
V,long,2024-12-05,2024-12-16,306.6783,312.1438,10,0.01782,54.65,max_hold,11
JNJ,long,2024-12-05,2024-12-16,144.0193,137.9668,23,-0.04203,-139.21,max_hold,11
UNH,long,2024-12-12,2024-12-17,512.0856,470.0919,6,-0.08201,-251.96,stop_loss,5
NVDA,long,2024-12-13,2024-12-18,138.8022,131.4977,24,-0.05262,-175.31,stop_loss,5
AMD,long,2024-12-11,2024-12-19,128.5843,117.941,26,-0.08277,-276.72,stop_loss,8
XOM,long,2024-12-11,2024-12-23,106.6494,101.3298,31,-0.04988,-164.91,max_hold,12
ADBE,long,2024-12-16,2024-12-26,467.4236,446.6566,7,-0.04443,-145.37,max_hold,10
MRK,long,2024-12-17,2024-12-27,94.9376,94.5294,34,-0.0043,-13.88,max_hold,10
HD,long,2024-12-17,2024-12-27,394.609,375.4942,8,-0.04844,-152.92,max_hold,10
CVX,long,2024-12-17,2024-12-27,138.871,134.7858,23,-0.02942,-93.96,max_hold,10
COP,long,2024-12-17,2024-12-27,94.0785,92.5381,35,-0.01637,-53.91,max_hold,10
JPM,long,2024-12-17,2024-12-27,231.5845,231.4693,14,-0.0005,-1.61,max_hold,10
UNH,long,2024-12-18,2024-12-30,470.5622,488.7346,7,0.03862,127.21,max_hold,12
GS,long,2024-12-19,2024-12-30,545.2016,556.4046,6,0.02055,67.22,max_hold,11
CRM,long,2024-12-20,2024-12-30,329.0727,331.7077,9,0.00801,23.72,max_hold,10
WMT,long,2024-12-24,2024-12-30,89.2043,89.3123,36,0.00121,3.89,end_of_period,6
ADBE,long,2024-12-27,2024-12-30,447.1034,445.5771,7,-0.00341,-10.68,end_of_period,3
CRM,long,2025-01-03,2025-01-13,328.4397,321.0967,10,-0.02236,-73.43,max_hold,10
ADBE,long,2025-01-03,2025-01-13,429.6647,407.0464,7,-0.05264,-158.33,max_hold,10
TSLA,long,2025-01-03,2025-01-13,381.6708,414.1328,8,0.08505,259.7,max_hold,10
TSLA,long,2025-01-14,2025-01-24,414.5472,394.6026,7,-0.04811,-139.61,max_hold,10
AVGO,long,2025-01-14,2025-01-24,223.8287,210.6073,14,-0.05907,-185.1,max_hold,10
AAPL,long,2025-01-14,2025-01-24,233.3763,222.4865,14,-0.04666,-152.46,max_hold,10
DVN,long,2025-01-22,2025-01-31,35.2958,32.8304,93,-0.06985,-229.28,stop_loss,9
COP,long,2025-01-22,2025-02-03,99.3267,92.9663,33,-0.06404,-209.9,max_hold,12
MRK,long,2025-01-22,2025-02-03,91.1933,84.4945,36,-0.07346,-241.16,max_hold,12
XOM,long,2025-01-22,2025-02-03,105.8876,101.5106,31,-0.04134,-135.69,max_hold,12
JNJ,long,2025-01-23,2025-02-03,139.6411,145.1798,23,0.03966,127.39,max_hold,11
BAC,long,2025-01-23,2025-02-03,44.5455,44.7909,73,0.00551,17.91,max_hold,11
WMT,long,2025-01-23,2025-02-03,91.7609,98.5818,35,0.07433,238.73,max_hold,11
TSLA,long,2025-01-27,2025-02-06,394.9974,370.0049,8,-0.06327,-199.94,max_hold,10
AVGO,long,2025-01-28,2025-02-07,205.4933,224.4538,15,0.09227,284.41,max_hold,10
TSLA,long,2025-02-10,2025-02-11,356.3881,329.775,9,-0.07467,-239.52,stop_loss,1
NVDA,long,2025-02-03,2025-02-13,114.6362,136.2083,28,0.18818,604.02,max_hold,10
SLB,long,2025-02-03,2025-02-13,38.488,40.7723,85,0.05935,194.16,max_hold,10
COP,long,2025-02-04,2025-02-14,93.0593,92.3201,34,-0.00794,-25.13,max_hold,10
MRK,long,2025-02-06,2025-02-14,84.9687,77.0229,38,-0.09351,-301.94,stop_loss,8
AMD,long,2025-02-07,2025-02-18,109.1846,114.1929,30,0.04587,150.25,max_hold,11
CVX,long,2025-02-07,2025-02-18,143.0746,148.346,22,0.03684,115.97,max_hold,11
JNJ,long,2025-02-07,2025-02-18,147.4085,149.8612,22,0.01664,53.96,max_hold,11
GS,long,2025-02-11,2025-02-21,628.0733,614.5723,5,-0.0215,-67.51,max_hold,10
UNH,long,2025-02-19,2025-02-21,482.9904,449.1585,6,-0.07005,-202.99,stop_loss,2
TSLA,long,2025-02-12,2025-02-24,330.105,326.8565,9,-0.00984,-29.24,max_hold,12
HD,long,2025-02-13,2025-02-24,393.3674,370.1771,8,-0.05895,-185.52,max_hold,11
AMZN,long,2025-02-14,2025-02-24,229.3146,211.5242,14,-0.07758,-249.07,stop_loss,10
TSLA,long,2025-02-25,2025-02-25,327.1835,303.5581,9,-0.07221,-212.63,stop_loss,0
TSLA,long,2025-02-26,2025-02-27,303.8618,279.3603,10,-0.08063,-245.02,stop_loss,1
MRK,long,2025-02-18,2025-02-28,77.1,87.1338,42,0.13014,421.42,max_hold,10
META,long,2025-02-20,2025-03-03,694.1974,642.0139,4,-0.07517,-208.73,max_hold,11
WMT,long,2025-02-21,2025-03-03,95.2848,94.4303,34,-0.00897,-29.05,max_hold,10
AVGO,long,2025-02-26,2025-03-03,204.4066,186.7438,15,-0.08641,-264.94,stop_loss,5
UNH,long,2025-02-24,2025-03-06,449.6079,465.6646,7,0.03571,112.4,max_hold,10
JPM,long,2025-02-24,2025-03-06,258.9604,238.9596,12,-0.07724,-240.01,stop_loss,10
LLY,short,2025-02-27,2025-03-10,906.9739,820.1191,3,0.09576,260.56,max_hold,11
CRM,long,2025-02-28,2025-03-10,292.698,270.4326,11,-0.07607,-244.92,stop_loss,10
TSLA,long,2025-03-04,2025-03-10,271.0655,225.1973,11,-0.16921,-504.55,stop_loss,6
WMT,long,2025-03-05,2025-03-10,93.7449,86.0779,34,-0.08179,-260.68,stop_loss,5
GS,long,2025-03-07,2025-03-13,554.4728,520.5959,5,-0.0611,-169.38,stop_loss,6
AVGO,long,2025-03-04,2025-03-14,186.9306,185.5891,17,-0.00718,-22.81,max_hold,10
COP,long,2025-03-04,2025-03-14,87.4385,95.2076,36,0.08885,279.69,max_hold,10
NVDA,long,2025-03-11,2025-03-14,106.8839,122.5069,29,0.14617,453.07,signal_fade,3
DVN,long,2025-03-06,2025-03-17,32.2095,34.497,99,0.07102,226.47,max_hold,11
V,long,2025-03-10,2025-03-20,336.885,334.004,9,-0.00855,-25.93,max_hold,10
TSLA,long,2025-03-11,2025-03-21,225.4227,257.9509,14,0.1443,455.4,max_hold,10
JPM,long,2025-03-11,2025-03-21,226.0502,239.2032,14,0.05819,184.14,max_hold,10
WMT,long,2025-03-11,2025-03-21,86.164,85.5034,36,-0.00767,-23.78,max_hold,10
GS,long,2025-03-14,2025-03-21,521.1168,560.5772,6,0.07572,236.76,signal_fade,7
HD,long,2025-03-14,2025-03-24,339.6287,349.8167,9,0.03,91.69,max_hold,10
META,long,2025-03-19,2025-03-25,582.2145,622.0586,5,0.06844,199.22,signal_fade,6
ABBV,long,2025-03-20,2025-03-31,204.5027,201.9102,15,-0.01268,-38.89,max_hold,11
AVGO,long,2025-03-28,2025-04-03,170.3638,146.6735,19,-0.13906,-450.12,stop_loss,6
MRK,long,2025-03-26,2025-04-04,84.5812,77.5734,38,-0.08285,-266.3,stop_loss,9
AMD,long,2025-03-31,2025-04-04,100.2901,80.6397,32,-0.19594,-628.81,stop_loss,4
NVDA,long,2025-04-01,2025-04-04,108.4223,87.2939,30,-0.19487,-633.85,stop_loss,3
DVN,long,2025-04-04,2025-04-04,30.9874,27.1255,103,-0.12463,-397.77,stop_loss,0
COP,long,2025-04-04,2025-04-07,88.4372,83.6004,36,-0.05469,-174.12,stop_loss,3
AMZN,long,2025-04-04,2025-04-14,167.2336,181.3193,19,0.08423,267.63,max_hold,10
GS,long,2025-04-04,2025-04-14,475.2596,494.6827,6,0.04087,116.54,max_hold,10
AMD,long,2025-04-07,2025-04-17,80.7203,85.977,38,0.06512,199.75,max_hold,10
NVDA,long,2025-04-07,2025-04-17,87.3813,98.5825,35,0.12819,392.04,max_hold,10
CVX,long,2025-04-07,2025-04-17,131.6166,128.9166,23,-0.02051,-62.1,max_hold,10
JPM,long,2025-04-07,2025-04-17,201.9455,226.1172,15,0.11969,362.58,max_hold,10
BAC,long,2025-04-07,2025-04-17,34.041,36.0491,92,0.05899,184.75,max_hold,10
SLB,long,2025-04-07,2025-04-17,31.9087,33.4977,98,0.0498,155.72,max_hold,10
LLY,long,2025-04-07,2025-04-17,691.9557,833.4727,4,0.20452,566.07,max_hold,10
COP,long,2025-04-08,2025-04-21,83.684,85.2695,37,0.01895,58.66,max_hold,13
META,long,2025-04-16,2025-04-28,506.7123,543.526,6,0.07265,220.88,max_hold,12
MRK,long,2025-04-16,2025-04-28,75.2163,80.2259,43,0.0666,215.41,max_hold,12
AMD,long,2025-04-21,2025-05-01,86.063,98.3508,37,0.14278,454.65,max_hold,10
UNH,long,2025-04-22,2025-05-02,410.8542,385.7767,7,-0.06104,-175.54,max_hold,10
NVDA,long,2025-04-22,2025-05-02,98.6911,112.6956,32,0.1419,448.15,max_hold,10
CVX,long,2025-04-22,2025-05-02,128.3245,129.6274,25,0.01015,32.57,max_hold,10
COP,long,2025-04-28,2025-05-08,87.9763,87.1881,37,-0.00896,-29.16,max_hold,10
XOM,long,2025-04-28,2025-05-08,104.4809,102.8313,31,-0.01579,-51.14,max_hold,10
UNH,long,2025-05-05,2025-05-13,386.1627,310.7034,8,-0.19541,-603.67,stop_loss,8
MRK,long,2025-05-07,2025-05-14,76.3187,70.6405,43,-0.0744,-244.16,stop_loss,7
UNH,long,2025-05-14,2025-05-15,311.0142,269.9529,10,-0.13202,-410.61,stop_loss,1
DVN,long,2025-05-06,2025-05-16,29.9512,31.6819,110,0.05778,190.38,max_hold,10
QCOM,long,2025-05-07,2025-05-19,136.7297,148.9115,24,0.08909,292.36,max_hold,12
LLY,long,2025-05-08,2025-05-19,758.4516,750.3143,4,-0.01073,-32.55,max_hold,11
WMT,long,2025-05-12,2025-05-22,96.9086,94.5022,34,-0.02483,-81.82,max_hold,10
COST,long,2025-05-15,2025-05-27,987.587,1010.8512,3,0.02356,69.79,max_hold,12
JNJ,long,2025-05-15,2025-05-27,143.2364,149.4687,22,0.04351,137.11,max_hold,12
COP,long,2025-05-15,2025-05-27,87.2945,83.7024,37,-0.04115,-132.91,max_hold,12
UNH,long,2025-05-16,2025-05-27,270.2229,284.1711,12,0.05162,167.38,max_hold,11
XOM,long,2025-05-19,2025-05-29,104.2991,98.9546,31,-0.05124,-165.68,max_hold,10
TSLA,long,2025-05-20,2025-05-30,348.0439,343.3283,9,-0.01355,-42.44,max_hold,10
DVN,long,2025-05-20,2025-05-30,31.6749,30.1631,104,-0.04773,-157.22,stop_loss,10
LLY,long,2025-05-21,2025-06-02,742.1734,740.6376,4,-0.00207,-6.14,max_hold,12
CRM,long,2025-05-22,2025-06-02,279.8254,259.2601,11,-0.07349,-226.22,stop_loss,11
WMT,long,2025-05-23,2025-06-02,94.5968,98.695,34,0.04332,139.34,max_hold,10
TSLA,long,2025-06-02,2025-06-05,343.6717,298.6806,9,-0.13091,-404.92,stop_loss,3
UNH,long,2025-05-28,2025-06-09,284.4554,293.6434,11,0.0323,101.07,max_hold,12
CRM,long,2025-06-03,2025-06-13,259.5195,257.6669,12,-0.00714,-22.23,max_hold,10
COP,long,2025-06-05,2025-06-16,84.096,92.806,38,0.10357,330.98,max_hold,11
TSLA,long,2025-06-06,2025-06-16,298.9794,325.927,10,0.09013,269.48,max_hold,10
AVGO,long,2025-06-09,2025-06-20,242.8177,247.1744,13,0.01794,56.64,max_hold,11
WMT,long,2025-06-09,2025-06-20,96.6407,95.0771,33,-0.01618,-51.6,max_hold,11
V,long,2025-06-17,2025-06-27,350.8951,346.4389,9,-0.0127,-40.11,max_hold,10
TSLA,long,2025-06-18,2025-06-30,317.4687,298.3108,10,-0.06035,-191.58,max_hold,12
JNJ,long,2025-06-18,2025-06-30,148.9252,149.1957,21,0.00182,5.68,max_hold,12
MRK,long,2025-06-18,2025-06-30,75.5628,76.3674,43,0.01065,34.6,max_hold,12
MA,long,2025-06-20,2025-06-30,534.0439,555.7576,6,0.04066,130.28,max_hold,10
COP,long,2025-06-24,2025-07-07,87.3886,89.536,37,0.02457,79.45,max_hold,13
SLB,long,2025-06-24,2025-07-07,32.4016,34.0329,101,0.05035,164.76,max_hold,13
XOM,long,2025-06-25,2025-07-07,104.8227,107.4107,31,0.02469,80.23,max_hold,12
TSLA,long,2025-07-01,2025-07-11,298.6092,317.5711,10,0.0635,189.62,max_hold,10
AMD,long,2025-07-01,2025-07-11,138.8394,145.0175,23,0.0445,142.1,max_hold,10
MSFT,long,2025-07-02,2025-07-14,486.3503,498.7844,6,0.02557,74.61,max_hold,12
LLY,long,2025-07-03,2025-07-14,775.3653,795.6408,4,0.02615,81.1,max_hold,11
JPM,long,2025-07-10,2025-07-21,279.078,287.173,11,0.02901,89.04,max_hold,11
BAC,long,2025-07-10,2025-07-21,45.9231,46.5619,71,0.01391,45.36,max_hold,11
WMT,long,2025-07-11,2025-07-21,94.2693,94.9978,34,0.00773,24.77,max_hold,10
CRM,long,2025-07-14,2025-07-24,256.5578,265.6278,12,0.03535,108.84,max_hold,10
GS,long,2025-07-16,2025-07-28,694.8661,712.1506,4,0.02487,69.14,max_hold,12
META,long,2025-07-16,2025-07-28,711.395,717.2891,4,0.00829,23.58,max_hold,12
COP,long,2025-07-16,2025-07-28,89.49,94.141,36,0.05197,167.44,max_hold,12
SLB,long,2025-07-16,2025-07-28,34.0864,34.8307,96,0.02183,71.45,max_hold,12
XOM,long,2025-07-18,2025-07-28,107.7315,108.389,30,0.0061,19.73,max_hold,10
UNH,long,2025-07-25,2025-07-29,273.8075,257.7642,12,-0.05859,-192.52,stop_loss,4
MRK,long,2025-07-21,2025-07-31,77.6056,75.4583,42,-0.02767,-90.19,max_hold,10
MSFT,long,2025-07-23,2025-08-04,502.9857,532.6567,6,0.05899,178.03,max_hold,12
LLY,long,2025-08-01,2025-08-07,741.9449,650.0739,4,-0.12382,-367.48,stop_loss,6
TSLA,long,2025-08-06,2025-08-18,308.044,335.6221,10,0.08953,275.78,max_hold,12
UNH,long,2025-08-07,2025-08-18,240.1126,300.6924,13,0.2523,787.54,max_hold,11
CRM,long,2025-08-12,2025-08-20,231.16,242.8619,14,0.05062,163.83,signal_fade,8
LLY,long,2025-08-11,2025-08-21,625.3112,711.221,5,0.13739,429.55,max_hold,10
AMD,long,2025-08-12,2025-08-22,173.4067,165.4672,19,-0.04579,-150.85,max_hold,10
XOM,long,2025-08-13,2025-08-25,102.7769,108.8795,32,0.05938,195.28,max_hold,12
MRK,long,2025-08-13,2025-08-25,78.1768,82.7507,42,0.05851,192.1,max_hold,12
WMT,long,2025-08-14,2025-08-25,100.4309,95.6569,33,-0.04754,-157.54,max_hold,11
AVGO,long,2025-08-26,2025-09-05,292.3551,340.0867,11,0.16327,525.05,max_hold,10
META,long,2025-08-27,2025-09-08,750.2173,754.6378,4,0.00589,17.68,max_hold,12
AMD,long,2025-09-02,2025-09-12,158.4992,159.93,21,0.00903,30.05,max_hold,10
COP,long,2025-09-04,2025-09-15,92.3178,90.7916,36,-0.01653,-54.94,max_hold,11
CVX,long,2025-09-08,2025-09-18,149.4421,154.23,22,0.03204,105.33,max_hold,10
NVDA,long,2025-09-08,2025-09-18,167.4108,175.4583,20,0.04807,160.95,max_hold,10
XOM,long,2025-09-08,2025-09-18,107.3835,111.3529,31,0.03696,123.05,max_hold,10
MA,long,2025-09-10,2025-09-22,579.7844,582.5083,5,0.0047,13.62,max_hold,12
COP,long,2025-09-16,2025-09-26,90.8825,94.8103,37,0.04322,145.33,max_hold,10
JNJ,long,2025-09-18,2025-09-29,173.6465,178.4826,19,0.02785,91.89,max_hold,11
AVGO,long,2025-09-19,2025-09-29,342.3142,328.1161,10,-0.04148,-141.98,max_hold,10
META,long,2025-09-22,2025-10-01,780.2117,720.3452,4,-0.07673,-239.47,stop_loss,9
XOM,long,2025-09-22,2025-10-02,110.0453,109.3976,31,-0.00589,-20.08,max_hold,10
WMT,long,2025-09-22,2025-10-02,101.8887,100.8033,33,-0.01065,-35.82,max_hold,10
MA,long,2025-09-23,2025-10-03,583.0911,576.3195,5,-0.01161,-33.86,max_hold,10
TSLA,long,2025-09-26,2025-10-06,428.5141,447.5961,8,0.04453,152.66,max_hold,10
AVGO,long,2025-09-30,2025-10-10,328.4444,350.6286,10,0.06754,221.84,max_hold,10
SLB,long,2025-10-03,2025-10-10,33.7407,31.4612,101,-0.06756,-230.23,stop_loss,7
GS,long,2025-10-01,2025-10-13,782.5149,752.9997,4,-0.03772,-118.06,max_hold,12
JPM,long,2025-10-02,2025-10-13,305.7039,302.7649,11,-0.00961,-32.33,max_hold,11
COP,long,2025-10-03,2025-10-13,91.4488,84.7636,37,-0.0731,-247.35,max_hold,10
GOOGL,long,2025-10-03,2025-10-13,244.1346,240.6385,14,-0.01432,-48.94,max_hold,10
TSLA,long,2025-10-08,2025-10-20,437.7888,445.5371,7,0.0177,54.24,max_hold,12
MRK,long,2025-10-09,2025-10-20,85.0205,84.9355,40,-0.001,-3.4,max_hold,11
AAPL,long,2025-10-16,2025-10-27,247.6734,268.097,13,0.08246,265.51,max_hold,11
AVGO,long,2025-10-22,2025-10-29,345.5372,384.0545,9,0.11147,346.66,signal_fade,7
JPM,long,2025-10-20,2025-10-30,295.7944,305.4378,11,0.0326,106.08,max_hold,10
TSLA,long,2025-10-22,2025-11-03,443.6717,454.2328,7,0.0238,73.93,max_hold,12
MA,long,2025-11-04,2025-11-04,543.3511,550.9477,6,0.01398,45.58,signal_fade,0
WMT,long,2025-10-28,2025-11-07,103.4899,101.4889,33,-0.01934,-66.03,max_hold,10
MRK,long,2025-10-29,2025-11-10,85.0107,85.3164,40,0.0036,12.23,max_hold,12
ABBV,long,2025-10-30,2025-11-10,223.4963,215.3568,15,-0.03642,-122.09,max_hold,11
UNH,long,2025-10-31,2025-11-10,337.692,316.6953,10,-0.06218,-209.97,max_hold,10
AVGO,long,2025-11-04,2025-11-14,356.7002,337.7572,9,-0.05311,-170.49,max_hold,10
AMD,long,2025-11-05,2025-11-17,243.3616,236.6616,14,-0.02753,-93.8,max_hold,12
META,long,2025-11-07,2025-11-17,615.1982,589.7703,5,-0.04133,-127.14,max_hold,10
AMD,long,2025-11-18,2025-11-20,236.8984,208.7056,14,-0.11901,-394.7,stop_loss,2
LLY,short,2025-11-19,2025-11-25,1025.6449,1098.8224,3,-0.07135,-219.53,stop_loss,6
AMZN,long,2025-11-17,2025-11-28,233.3666,233.1034,14,-0.00113,-3.69,max_hold,11
JPM,long,2025-11-17,2025-11-28,301.2445,309.8034,11,0.02841,94.15,max_hold,11
NVDA,long,2025-11-18,2025-11-28,183.238,174.4501,18,-0.04796,-158.18,max_hold,10
AMD,long,2025-11-21,2025-12-01,208.9144,221.6791,16,0.0611,204.24,max_hold,10
XOM,long,2025-11-26,2025-12-08,112.9427,115.2854,29,0.02074,67.94,max_hold,12
COP,long,2025-11-26,2025-12-08,85.1922,91.191,39,0.07042,233.96,max_hold,12
LLY,long,2025-12-04,2025-12-15,1029.6524,1059.3735,3,0.02887,89.16,max_hold,11
AVGO,long,2025-12-05,2025-12-15,384.2099,333.9803,8,-0.13073,-401.84,stop_loss,10
MRK,long,2025-12-10,2025-12-22,95.8632,102.9987,35,0.07443,249.74,max_hold,12
GOOGL,long,2025-12-15,2025-12-26,311.0708,310.8098,10,-0.00084,-2.61,max_hold,11
AMD,long,2025-12-17,2025-12-29,210.145,215.7621,16,0.02673,89.87,max_hold,12
AVGO,long,2025-12-17,2025-12-29,344.8507,348.5112,9,0.01061,32.94,max_hold,12
DVN,long,2025-12-22,2025-12-30,35.9336,36.3518,94,0.01164,39.31,end_of_period,8
COP,long,2025-12-22,2025-12-30,91.7553,92.6382,37,0.00962,32.67,end_of_period,8
WMT,long,2025-12-22,2025-12-30,113.6166,111.4223,29,-0.01931,-63.63,end_of_period,8
SLB,long,2025-12-22,2025-12-30,38.0442,38.1051,89,0.0016,5.41,end_of_period,8
JNJ,long,2025-12-23,2025-12-30,202.8711,204.5366,16,0.00821,26.65,end_of_period,7
TSLA,long,2025-12-29,2025-12-30,469.2345,454.2028,7,-0.03203,-105.22,end_of_period,1
ADBE,long,2026-01-05,2026-01-14,330.275,304.8175,10,-0.07708,-254.58,stop_loss,9
TSLA,long,2026-01-05,2026-01-15,448.214,439.2803,7,-0.01993,-62.54,max_hold,10
CRM,long,2026-01-05,2026-01-15,252.4622,231.6548,13,-0.08242,-270.5,stop_loss,10
LLY,long,2026-01-06,2026-01-16,1041.0993,1024.1606,3,-0.01627,-50.82,max_hold,10
ABBV,long,2026-01-06,2026-01-16,216.3105,209.8532,15,-0.02985,-96.86,max_hold,10
JNJ,long,2026-01-09,2026-01-20,203.7518,208.5797,16,0.0237,77.25,max_hold,11
JPM,long,2026-01-14,2026-01-26,306.7841,299.6458,11,-0.02327,-78.52,max_hold,12
MA,long,2026-01-14,2026-01-26,543.8377,526.4815,6,-0.03191,-104.14,max_hold,12
V,long,2026-01-14,2026-01-26,327.4688,326.9623,10,-0.00155,-5.06,max_hold,12
ADBE,long,2026-01-15,2026-01-26,305.1225,303.6581,11,-0.0048,-16.11,max_hold,11
CRM,long,2026-01-16,2026-01-26,231.8865,230.6504,14,-0.00533,-17.31,max_hold,10
META,long,2026-01-16,2026-01-26,623.3801,673.0521,5,0.07968,248.36,max_hold,10
LLY,long,2026-01-29,2026-01-29,1022.4033,1029.2907,3,0.00674,20.66,signal_fade,0
ABBV,long,2026-01-20,2026-01-30,210.0631,222.8885,16,0.06105,205.21,max_hold,10
V,long,2026-01-28,2026-02-02,325.5458,330.1177,10,0.01404,45.72,signal_fade,5
JPM,long,2026-01-28,2026-02-03,298.8905,312.6527,11,0.04604,151.38,signal_fade,6
CRM,long,2026-01-30,2026-02-03,213.1823,192.2352,15,-0.09826,-314.21,stop_loss,4
MA,long,2026-01-28,2026-02-05,521.3251,551.8451,6,0.05854,183.12,signal_fade,8
QCOM,long,2026-01-28,2026-02-05,150.5498,135.4286,22,-0.10044,-332.67,stop_loss,8
GS,long,2026-02-06,2026-02-06,899.6039,919.6215,3,0.02225,60.05,signal_fade,0
UNH,long,2026-01-28,2026-02-09,280.0724,273.6783,12,-0.02283,-76.73,max_hold,12
TSLA,long,2026-01-30,2026-02-09,425.5627,417.8709,7,-0.01807,-53.84,max_hold,10
CRM,long,2026-02-04,2026-02-17,192.4275,182.8576,17,-0.04973,-162.69,max_hold,13
QCOM,long,2026-02-06,2026-02-17,135.5641,141.9888,24,0.04739,154.19,max_hold,11
UNH,long,2026-02-10,2026-02-20,273.9522,284.5556,12,0.03871,127.24,max_hold,10
AMZN,long,2026-02-10,2026-02-20,208.9044,207.996,16,-0.00435,-14.54,max_hold,10
MA,long,2026-02-17,2026-02-27,514.3736,508.3517,6,-0.01171,-36.13,max_hold,10
V,long,2026-02-17,2026-02-27,313.9164,314.6899,10,0.00246,7.73,max_hold,10
AMD,long,2026-02-18,2026-03-02,198.5092,191.3643,17,-0.03599,-121.46,max_hold,12
MSFT,long,2026-02-18,2026-03-02,396.563,392.0942,8,-0.01127,-35.75,max_hold,12
GS,long,2026-03-02,2026-03-04,836.7324,857.7985,4,0.02518,84.26,signal_fade,2
WMT,long,2026-02-23,2026-03-05,123.0937,121.9552,27,-0.00925,-30.74,max_hold,10
CRM,long,2026-02-23,2026-03-05,180.4425,199.6736,18,0.10658,346.16,max_hold,10
TSLA,long,2026-03-04,2026-03-05,398.0489,397.891,8,-0.0004,-1.26,signal_fade,1
JPM,long,2026-02-25,2026-03-09,297.268,287.6731,11,-0.03228,-105.54,max_hold,12
LLY,long,2026-03-06,2026-03-09,973.8112,1003.7691,3,0.03076,89.87,signal_fade,3
AMD,long,2026-03-04,2026-03-16,192.2161,196.5817,17,0.02271,74.22,max_hold,12
HD,long,2026-03-04,2026-03-16,361.2404,342.1512,9,-0.05284,-171.8,max_hold,12
GS,long,2026-03-06,2026-03-16,812.8257,802.3607,4,-0.01287,-41.86,max_hold,10
AAPL,long,2026-03-06,2026-03-16,258.5211,252.6008,13,-0.0229,-76.96,max_hold,10
WMT,long,2026-03-06,2026-03-16,122.0773,126.0868,27,0.03284,108.26,max_hold,10
MRK,long,2026-03-06,2026-03-16,113.5539,114.8959,29,0.01182,38.92,max_hold,10
MA,long,2026-03-13,2026-03-23,495.956,494.5423,6,-0.00285,-8.48,max_hold,10
META,long,2026-03-16,2026-03-26,631.7305,539.33,5,-0.14627,-462.0,stop_loss,10
LLY,long,2026-03-18,2026-03-30,923.8721,891.5086,3,-0.03503,-97.09,max_hold,12
ABBV,long,2026-03-19,2026-03-30,206.7589,213.1839,16,0.03107,102.8,max_hold,11
ADBE,long,2026-03-19,2026-03-30,247.0835,241.5492,13,-0.0224,-71.95,max_hold,11
HD,long,2026-03-19,2026-03-30,326.6742,325.8814,10,-0.00243,-7.93,max_hold,11
AVGO,long,2026-03-19,2026-03-30,311.4789,298.7675,10,-0.04081,-127.11,max_hold,11
UNH,long,2026-03-24,2026-04-01,267.4767,270.6083,12,0.01171,37.58,signal_fade,8
WMT,long,2026-03-23,2026-04-02,120.3106,125.5076,27,0.0432,140.32,max_hold,10
MSFT,long,2026-03-27,2026-04-06,361.2984,369.3548,9,0.0223,72.51,max_hold,10
TSLA,long,2026-03-31,2026-04-10,361.6908,349.895,9,-0.03261,-106.16,max_hold,10
GOOGL,long,2026-03-31,2026-04-10,278.013,316.7922,12,0.13949,465.35,max_hold,10
XOM,long,2026-04-02,2026-04-10,163.4627,153.1533,20,-0.06307,-206.19,stop_loss,8
CVX,long,2026-04-02,2026-04-13,200.7723,186.7948,16,-0.06962,-223.64,max_hold,11
JNJ,long,2026-04-07,2026-04-17,239.5229,233.3506,14,-0.02577,-86.41,max_hold,10
COP,long,2026-04-09,2026-04-17,125.4211,115.9201,26,-0.07575,-247.02,stop_loss,8
GS,long,2026-04-17,2026-04-17,911.9387,919.1672,3,0.00793,21.69,signal_fade,0
CRM,long,2026-04-10,2026-04-20,170.9045,186.0266,19,0.08848,287.32,max_hold,10
XOM,long,2026-04-13,2026-04-23,153.3066,148.5569,21,-0.03098,-99.74,max_hold,10
TSLA,long,2026-04-14,2026-04-24,357.8488,371.904,9,0.03928,126.5,max_hold,10
META,long,2026-04-24,2026-04-24,660.0384,670.0435,5,0.01516,50.03,signal_fade,0
CVX,long,2026-04-15,2026-04-27,184.7609,186.4779,18,0.00929,30.91,max_hold,12
MRK,long,2026-04-15,2026-04-27,119.0041,110.6684,28,-0.07005,-233.4,stop_loss,12
WMT,long,2026-04-16,2026-04-27,124.1552,129.0291,27,0.03926,131.59,max_hold,11
COP,long,2026-04-20,2026-04-30,116.0361,124.0159,29,0.06877,231.41,max_hold,10
JNJ,long,2026-04-20,2026-04-30,233.5841,227.6363,14,-0.02546,-83.27,max_hold,10
LLY,long,2026-04-28,2026-04-30,870.8369,946.8456,3,0.08728,228.03,signal_fade,2
AMD,long,2026-04-29,2026-05-01,326.7433,360.1298,10,0.10218,333.87,signal_fade,2
ABBV,long,2026-04-27,2026-05-07,198.099,201.819,16,0.01878,59.52,max_hold,10
AVGO,long,2026-04-29,2026-05-11,403.0638,422.5495,8,0.04834,155.89,max_hold,12
MSFT,long,2026-04-30,2026-05-11,410.1271,413.3774,8,0.00793,26.0,max_hold,11
HD,long,2026-04-30,2026-05-11,320.0009,310.7426,10,-0.02893,-92.58,max_hold,11
MRK,long,2026-05-01,2026-05-11,111.5837,110.6486,30,-0.00838,-28.06,max_hold,10
META,long,2026-05-04,2026-05-14,607.6808,613.1148,5,0.00894,27.17,max_hold,10
MA,long,2026-05-04,2026-05-14,495.2475,493.2533,6,-0.00403,-11.97,max_hold,10
GS,long,2026-05-05,2026-05-15,906.1911,943.1097,3,0.04074,110.76,max_hold,10
JNJ,long,2026-05-05,2026-05-15,224.2132,225.3009,15,0.00485,16.32,max_hold,10
JPM,long,2026-05-06,2026-05-18,311.6057,300.9395,10,-0.03423,-106.66,max_hold,12
COP,long,2026-05-08,2026-05-18,113.8512,125.7971,29,0.10493,346.43,max_hold,10
WMT,long,2026-05-12,2026-05-22,128.144,120.6297,26,-0.05864,-195.37,max_hold,10
AMZN,long,2026-05-12,2026-05-22,266.8433,267.806,12,0.00361,11.55,max_hold,10
MSFT,long,2026-05-12,2026-05-22,413.791,416.2218,8,0.00587,19.45,max_hold,10
HD,long,2026-05-12,2026-05-22,311.0535,312.5581,10,0.00484,15.05,max_hold,10
QCOM,long,2026-05-15,2026-05-26,201.0084,244.4046,16,0.21589,694.34,max_hold,11
MA,long,2026-05-15,2026-05-26,493.7467,492.7635,6,-0.00199,-5.9,max_hold,11
WMT,long,2026-05-26,2026-06-05,120.7503,118.1909,28,-0.0212,-71.67,max_hold,10
GOOGL,long,2026-05-26,2026-06-05,384.4726,364.9974,8,-0.05065,-155.8,max_hold,10
NVDA,long,2026-05-26,2026-06-05,216.3961,210.0749,15,-0.02921,-94.82,max_hold,10
COP,long,2026-05-27,2026-06-08,115.2676,117.941,29,0.02319,77.53,max_hold,12
CVX,long,2026-05-27,2026-06-08,181.9409,188.4058,18,0.03553,116.37,max_hold,12
ADBE,long,2026-05-27,2026-06-08,237.8789,242.8585,14,0.02093,69.71,max_hold,12
COST,long,2026-05-27,2026-06-08,1004.3619,973.7229,3,-0.03051,-91.92,max_hold,12
XOM,long,2026-05-28,2026-06-08,149.4147,150.8345,23,0.0095,32.66,max_hold,11
JPM,long,2026-05-29,2026-06-08,296.5482,313.3533,11,0.05667,184.86,max_hold,10
AMD,long,2026-06-08,2026-06-08,485.2425,502.4986,7,0.03556,120.79,signal_fade,0
MRK,long,2026-06-02,2026-06-12,113.7393,118.6506,30,0.04318,147.34,max_hold,10
TSLA,long,2026-06-08,2026-06-18,396.5282,394.6526,8,-0.00473,-15.0,max_hold,10
QCOM,long,2026-06-10,2026-06-22,199.5597,207.2363,17,0.03847,130.5,max_hold,12
AAPL,long,2026-06-10,2026-06-22,290.8854,297.3912,11,0.02237,71.56,max_hold,12
MA,short,2026-06-10,2026-06-22,497.2213,489.0744,6,0.01638,48.88,max_hold,12
SLB,long,2026-06-18,2026-06-24,50.125,46.5567,69,-0.07119,-246.22,stop_loss,6
MRK,long,2026-06-16,2026-06-26,115.9379,127.5862,30,0.10047,349.45,max_hold,10
GS,long,2026-06-29,2026-06-29,1029.7045,1018.7803,3,-0.01061,-32.77,signal_fade,0
ADBE,long,2026-06-22,2026-06-30,193.4867,204.9175,17,0.05908,194.32,end_of_period,8
CVX,long,2026-06-22,2026-06-30,174.167,165.6771,19,-0.04875,-161.31,end_of_period,8
ABBV,long,2026-06-22,2026-06-30,222.051,251.5142,15,0.13269,441.95,end_of_period,8
COP,long,2026-06-22,2026-06-30,109.5848,103.908,31,-0.0518,-175.98,end_of_period,8
MSFT,long,2026-06-23,2026-06-30,372.5662,372.8335,9,0.00072,2.41,end_of_period,7
AMZN,long,2026-06-23,2026-06-30,232.6663,238.2208,14,0.02387,77.76,end_of_period,7
