,CallVolume,PutVolume,CallOI,PutOI,CallIV,PutIV
2025-06-18,6786,5635.0,245364,186302,0.6401769962594168,0.422280340750558
